customer_key,customer_id,customer_name,customer_type,gender,phone,email,city,province,registration_date,is_active
1,CUST-00001,H. Hasta Agustina,Bisnis,Perempuan,081255494790,reksamayasari@example.net,Bandung,Jawa Barat,2026-04-22,1
2,CUST-00002,"Jasmin Prayoga, S.IP",Bisnis,Perempuan,081250738410,galihpangestu@example.net,Manado,Sulawesi Utara,2026-03-11,1
3,CUST-00003,Ilsa Dabukke,Individual,Perempuan,081223410828,cakrawangsanamaga@example.org,Surabaya,Jawa Timur,2025-04-03,1
4,CUST-00004,"R.A. Azalea Oktaviani, S.Farm",Individual,Laki-laki,081294077096,wadiutama@example.com,Denpasar,Bali,2026-05-10,1
5,CUST-00005,"T. Legawa Handayani, S.Farm",Bisnis,Perempuan,081238632431,maimunah19@example.com,Surabaya,Jawa Timur,2024-06-29,1
6,CUST-00006,Hadi Lazuardi,Korporat,Laki-laki,,ydongoran@example.com,Bekasi,Jawa Barat,2024-07-24,1
7,CUST-00007,dr. Zelaya Pradipta,Individual,Laki-laki,081296634883,endrapratiwi@example.org,Palembang,Sumatera Selatan,2026-06-15,1
8,CUST-00008,R. Puji Gunawan,Individual,Laki-laki,081226818311,ksitompul@example.com,Semarang,Jawa Tengah,2025-11-18,1
9,CUST-00009,Caraka Sihombing,Individual,Perempuan,081231595263,,Medan,Sumatera Utara,2025-07-13,1
10,CUST-00010,Enteng Iswahyudi,Korporat,Perempuan,081239070140,iansusanti@example.net,Yogyakarta,DI Yogyakarta,2024-09-20,1
11,CUST-00011,Dr. Kamaria Marpaung,Individual,Perempuan,081263498077,dongoransaka@example.net,Balikpapan,Kalimantan Timur,2025-06-04,1
12,CUST-00012,"R. Luluh Habibi, S.Kom",Individual,Perempuan,081248297142,hastutidaliono@example.com,Batam,Kepulauan Riau,2025-01-21,1
13,CUST-00013,Gadang Mandala,Individual,Perempuan,081268887494,handriani@example.net,Bekasi,Jawa Barat,2025-02-07,1
14,CUST-00014,"Cayadi Saragih, S.Kom",Korporat,Perempuan,081265724046,,Surabaya,Jawa Timur,2025-07-17,1
15,CUST-00015,Ir. Baktiono Tarihoran,Individual,Laki-laki,081296234341,hasanahsarah@example.com,Tangerang,Banten,2024-09-10,1
16,CUST-00016,Luhung Pradipta,Individual,Perempuan,081281710003,omar19@example.com,Solo,Jawa Tengah,2025-04-11,1
17,CUST-00017,"Dr. Budi Utama, S.E.I",Individual,Laki-laki,081283414481,,Makassar,Sulawesi Selatan,2025-04-10,1
18,CUST-00018,Latika Widodo,Individual,Perempuan,081222809977,purwanticarub@example.org,Pekanbaru,Riau,2026-02-19,1
19,CUST-00019,"Puti Winda Natsir, S.Gz",Individual,Laki-laki,081280536156,hidayantocindy@example.org,Palembang,Sumatera Selatan,2025-05-14,1
20,CUST-00020,Laila Hutasoit,Individual,Laki-laki,081245286471,ihsanfirmansyah@example.org,Balikpapan,Kalimantan Timur,2025-04-02,1
21,CUST-00021,Queen Tampubolon,Individual,Laki-laki,081286588087,luwarharyanto@example.org,Surabaya,Jawa Timur,2025-02-26,1
22,CUST-00022,Clara Kusmawati,Individual,Laki-laki,081264423381,anggrainiomar@example.net,Batam,Kepulauan Riau,2026-05-30,1
23,CUST-00023,"Ganda Tamba, M.Farm",Korporat,Perempuan,081261727987,jagaraga30@example.net,Solo,Jawa Tengah,2025-11-03,1
24,CUST-00024,Kasiyah Gunarto,Individual,Perempuan,081245692606,faridacaraka@example.org,Malang,Jawa Timur,2025-12-07,1
25,CUST-00025,Yuliana Hidayat,Individual,Laki-laki,081226207462,halimtirta@example.com,Manado,Sulawesi Utara,2025-08-20,1
26,CUST-00026,Yani Putra,Korporat,Laki-laki,081253624490,edipudjiastuti@example.org,Jakarta Pusat,DKI Jakarta,2025-04-12,1
27,CUST-00027,Tgk. Victoria Nashiruddin,Individual,Perempuan,081281202221,harsanto71@example.org,Padang,Sumatera Barat,2024-07-07,1
28,CUST-00028,drg. Amalia Mulyani,Individual,Laki-laki,081213469568,jailanidagel@example.com,Palembang,Sumatera Selatan,2025-06-01,1
29,CUST-00029,"T. Kasusra Pangestu, S.Sos",Individual,Laki-laki,081232359946,kwidodo@example.org,Padang,Sumatera Barat,2024-07-20,1
30,CUST-00030,Tami Laksmiwati,Individual,Laki-laki,081252169843,danggriawan@example.org,Banjarmasin,Kalimantan Selatan,2025-05-02,1
31,CUST-00031,Niyaga Halim,Individual,Perempuan,081275150034,citrapratiwi@example.org,Banjarmasin,Kalimantan Selatan,2026-01-15,1
32,CUST-00032,Lamar Agustina,Individual,Laki-laki,081221048829,kajen58@example.com,Padang,Sumatera Barat,2025-06-27,1
33,CUST-00033,Cemani Riyanti,Individual,Laki-laki,081257855755,jail09@example.net,Pekanbaru,Riau,2025-01-27,1
34,CUST-00034,Hj. Rahayu Andriani,Korporat,Perempuan,081291339535,tmegantara@example.org,Surabaya,Jawa Timur,2025-04-11,1
35,CUST-00035,dr. Murti Riyanti,Individual,Laki-laki,081293875966,talia78@example.com,Batam,Kepulauan Riau,2025-12-24,1
36,CUST-00036,"H. Yosef Laksmiwati, S.I.Kom",Individual,Perempuan,081271834369,waskitadigdaya@example.org,Manado,Sulawesi Utara,2025-02-28,1
37,CUST-00037,"Tgk. Irfan Pratama, S.Pt",Individual,Perempuan,081233445983,teddy49@example.net,Surabaya,Jawa Timur,2025-11-25,1
38,CUST-00038,"Jamalia Salahudin, M.TI.",Individual,Laki-laki,081251672197,hilda98@example.net,Jakarta Selatan,DKI Jakarta,2025-02-23,1
39,CUST-00039,Cut Zizi Haryanti,Individual,Perempuan,081267580024,himawanpalastri@example.org,Balikpapan,Kalimantan Timur,2025-12-14,1
40,CUST-00040,KH. Darmana Siregar,Individual,Perempuan,081218972487,darmaji31@example.org,Batam,Kepulauan Riau,2026-04-27,1
41,CUST-00041,R. Lembah Nashiruddin,Individual,Laki-laki,081271264051,zulkarnainrosman@example.com,Banjarmasin,Kalimantan Selatan,2025-12-23,1
42,CUST-00042,Luis Utama,Individual,Perempuan,081229014938,ajionolaksmiwati@example.com,Balikpapan,Kalimantan Timur,2026-05-24,1
43,CUST-00043,"Dr. Gandi Sitorus, S.H.",Korporat,Laki-laki,081270446498,prakasasiska@example.com,Padang,Sumatera Barat,2025-04-18,1
44,CUST-00044,Sutan Endra Laksita,Bisnis,Laki-laki,081247626649,lazuardimuni@example.net,Banjarmasin,Kalimantan Selatan,2025-01-18,1
45,CUST-00045,Lanang Wahyuni,Individual,Laki-laki,081244500799,hastahandayani@example.org,Solo,Jawa Tengah,2025-12-16,1
46,CUST-00046,"Hj. Yance Handayani, S.Pt",Individual,Perempuan,081220096221,xsaputra@example.org,Makassar,Sulawesi Selatan,2025-07-15,1
47,CUST-00047,Tomi Hassanah,Korporat,Perempuan,081226182394,,Makassar,Sulawesi Selatan,2025-01-26,1
48,CUST-00048,Tgk. Uli Widiastuti,Korporat,Laki-laki,081256517291,zulfa27@example.com,Bandung,Jawa Barat,2024-07-26,1
49,CUST-00049,Hj. Yance Widiastuti,Individual,Laki-laki,081212450933,ade00@example.net,Yogyakarta,DI Yogyakarta,2025-11-08,1
50,CUST-00050,Kartika Kuswandari,Korporat,Perempuan,081260533720,novitasariilsa@example.org,Medan,Sumatera Utara,2026-02-02,1
51,CUST-00051,Ina Rajasa,Individual,Laki-laki,081254935357,,Batam,Kepulauan Riau,2025-12-14,1
52,CUST-00052,Luwar Safitri,Individual,Laki-laki,081250730172,parmanhassanah@example.org,Surabaya,Jawa Timur,2026-01-11,1
53,CUST-00053,Tgk. Tasnim Wahyudin,Individual,Perempuan,081286310086,fitria64@example.org,Bekasi,Jawa Barat,2024-08-06,1
54,CUST-00054,Rachel Suwarno,Bisnis,Laki-laki,081246793759,veropudjiastuti@example.com,Manado,Sulawesi Utara,2024-11-21,1
55,CUST-00055,Lukita Hastuti,Individual,Perempuan,,,Batam,Kepulauan Riau,2026-03-16,1
56,CUST-00056,Bahuraksa Purwanti,Korporat,Laki-laki,081288736196,prakasamursinin@example.com,Jakarta Pusat,DKI Jakarta,2026-06-06,1
57,CUST-00057,Daniswara Januar,Individual,Perempuan,081210639731,dadi18@example.com,Jakarta Selatan,DKI Jakarta,2026-04-05,1
58,CUST-00058,Vino Lestari,Individual,Laki-laki,081272760337,,Tangerang,Banten,2024-11-29,1
59,CUST-00059,Jamalia Susanti,Individual,Perempuan,081284721770,snuraini@example.net,Pekanbaru,Riau,2026-03-03,1
60,CUST-00060,Aditya Irawan,Bisnis,Perempuan,081286048085,bsimanjuntak@example.com,Tangerang,Banten,2025-12-11,1
61,CUST-00061,Puput Safitri,Individual,Perempuan,081247939465,dpermadi@example.org,Surabaya,Jawa Timur,2026-03-14,1
62,CUST-00062,Gasti Nuraini,Bisnis,Perempuan,081275941657,verahakim@example.org,Makassar,Sulawesi Selatan,2025-03-15,1
63,CUST-00063,"Zelda Uwais, S.Farm",Individual,Perempuan,081224146602,natalia73@example.net,Banjarmasin,Kalimantan Selatan,2024-11-17,1
64,CUST-00064,Estiawan Firgantoro,Individual,Perempuan,081296753901,ganjaran24@example.net,Bekasi,Jawa Barat,2024-07-18,1
65,CUST-00065,Kasiyah Nainggolan,Individual,Perempuan,081217814642,ssihotang@example.net,Palembang,Sumatera Selatan,2025-12-25,1
66,CUST-00066,Gandi Kuswoyo,Individual,Laki-laki,081268980007,aslijanprastuti@example.com,Palembang,Sumatera Selatan,2026-04-24,1
67,CUST-00067,Iriana Hartati,Individual,Perempuan,081259056051,cfujiati@example.org,Palembang,Sumatera Selatan,2024-11-25,1
68,CUST-00068,Purwa Lestari,Individual,Laki-laki,081281148112,malik99@example.net,Semarang,Jawa Tengah,2025-09-02,1
69,CUST-00069,Pranawa Tarihoran,Individual,Perempuan,081238059395,wnababan@example.org,Manado,Sulawesi Utara,2025-02-13,1
70,CUST-00070,Viman Hutagalung,Individual,Laki-laki,081299418150,lukitasiregar@example.net,Batam,Kepulauan Riau,2025-10-30,1
71,CUST-00071,Titin Winarno,Individual,Perempuan,081264790300,ganjaran64@example.com,Balikpapan,Kalimantan Timur,2024-12-29,1
72,CUST-00072,Sutan Hairyanto Utama,Individual,Perempuan,081296483099,maheswarasalsabila@example.org,Bekasi,Jawa Barat,2025-06-25,1
73,CUST-00073,Hj. Calista Zulaika,Individual,Laki-laki,081286106868,jumadi36@example.net,Yogyakarta,DI Yogyakarta,2025-12-11,1
74,CUST-00074,"Cut Lalita Halim, S.I.Kom",Bisnis,Perempuan,081266401700,salsabila94@example.com,Semarang,Jawa Tengah,2025-12-10,1
75,CUST-00075,"Cakrawala Permadi, S.Pt",Individual,Perempuan,081219362443,ayu90@example.net,Manado,Sulawesi Utara,2026-03-12,1
76,CUST-00076,Ir. Panca Astuti,Individual,Perempuan,081212952027,kasiyah50@example.net,Bekasi,Jawa Barat,2025-04-29,1
77,CUST-00077,"Lasmono Lestari, M.Farm",Individual,Laki-laki,081217189448,maryatisarah@example.com,Batam,Kepulauan Riau,2024-08-28,0
78,CUST-00078,"Jati Hasanah, S.Farm",Individual,Laki-laki,081262607480,waskitamahesa@example.com,Palembang,Sumatera Selatan,2026-01-08,1
79,CUST-00079,"Galur Mardhiyah, S.Pd",Bisnis,Laki-laki,081226192181,anggrainiamelia@example.com,Padang,Sumatera Barat,2025-06-05,1
80,CUST-00080,"Tgk. Lalita Nuraini, S.Farm",Bisnis,Perempuan,081264058265,,Malang,Jawa Timur,2024-11-14,1
81,CUST-00081,Akarsana Saptono,Individual,Laki-laki,081237548214,gambira51@example.net,Surabaya,Jawa Timur,2026-01-11,1
82,CUST-00082,R. Taswir Laksmiwati,Bisnis,Laki-laki,081220492940,mustofaumaya@example.net,Semarang,Jawa Tengah,2026-02-11,1
83,CUST-00083,Hasna Putra,Individual,Perempuan,081212956871,waskitawardaya@example.com,Bandung,Jawa Barat,2025-12-18,1
84,CUST-00084,Zelda Hardiansyah,Individual,Laki-laki,081254420937,dwipranowo@example.org,Malang,Jawa Timur,2025-02-05,1
85,CUST-00085,Raisa Rahimah,Individual,Perempuan,081225021100,,Solo,Jawa Tengah,2024-09-01,1
86,CUST-00086,Wirda Hasanah,Individual,Perempuan,081265040316,prabowoprayoga@example.net,Tangerang,Banten,2025-09-23,1
87,CUST-00087,Febi Hardiansyah,Korporat,Perempuan,081223471659,jutama@example.org,Makassar,Sulawesi Selatan,2024-12-31,1
88,CUST-00088,Ir. Siti Nashiruddin,Individual,Perempuan,081279154270,xmansur@example.net,Banjarmasin,Kalimantan Selatan,2025-04-21,1
89,CUST-00089,Harjasa Oktaviani,Individual,Laki-laki,081274133108,natsirharto@example.org,Jakarta Selatan,DKI Jakarta,2026-05-04,1
90,CUST-00090,Zamira Salahudin,Individual,Laki-laki,081272684674,makuta86@example.net,Padang,Sumatera Barat,2025-05-25,1
91,CUST-00091,dr. Budi Palastri,Individual,Perempuan,081286451962,wrajata@example.org,Makassar,Sulawesi Selatan,2024-07-06,1
92,CUST-00092,Jelita Andriani,Bisnis,Laki-laki,081248441105,wijayajarwadi@example.org,Banjarmasin,Kalimantan Selatan,2025-04-10,1
93,CUST-00093,Elisa Natsir,Individual,Perempuan,081268790014,kasusra99@example.net,Balikpapan,Kalimantan Timur,2025-02-13,1
94,CUST-00094,"Kenzie Rajasa, S.IP",Individual,Perempuan,081233343903,prastutiwardaya@example.org,Jakarta Pusat,DKI Jakarta,2026-01-20,1
95,CUST-00095,Jaswadi Hutagalung,Korporat,Perempuan,081230299780,,Palembang,Sumatera Selatan,2024-10-08,0
96,CUST-00096,Asmianto Suwarno,Individual,Laki-laki,081276423483,vsiregar@example.com,Jakarta Pusat,DKI Jakarta,2026-04-03,1
97,CUST-00097,"R.A. Lalita Mandala, M.Farm",Bisnis,Perempuan,081227021881,suryatmiaisyah@example.com,Jakarta Pusat,DKI Jakarta,2025-03-06,1
98,CUST-00098,Zamira Manullang,Individual,Laki-laki,081211577596,lukmanmardhiyah@example.org,Yogyakarta,DI Yogyakarta,2025-01-25,1
99,CUST-00099,Karja Nugroho,Bisnis,Laki-laki,081232678192,simanjuntakana@example.com,Yogyakarta,DI Yogyakarta,2026-04-24,1
100,CUST-00100,Silvia Megantara,Individual,Perempuan,081236439910,umayasari@example.com,Makassar,Sulawesi Selatan,2025-12-22,1
101,CUST-00101,Wardaya Sudiati,Individual,Perempuan,081259818751,hutagalunglimar@example.net,Pekanbaru,Riau,2025-05-17,1
102,CUST-00102,Asmuni Firgantoro,Bisnis,Laki-laki,081215585686,pandu60@example.net,Denpasar,Bali,2024-09-01,1
103,CUST-00103,"KH. Nalar Latupono, S.Sos",Individual,Perempuan,081252498287,oliviawidiastuti@example.com,Semarang,Jawa Tengah,2025-10-20,1
104,CUST-00104,"KH. Edi Maulana, M.Kom.",Individual,Perempuan,081215736884,,Tangerang,Banten,2025-11-06,1
105,CUST-00105,Ajimat Hastuti,Bisnis,Laki-laki,,dlazuardi@example.com,Jakarta Selatan,DKI Jakarta,2024-09-28,1
106,CUST-00106,Farhunnisa Wasita,Individual,Perempuan,081225593342,umahendra@example.org,Manado,Sulawesi Utara,2025-08-10,1
107,CUST-00107,Ozy Winarno,Individual,Laki-laki,081222190763,dagelkuswoyo@example.org,Malang,Jawa Timur,2025-05-08,1
108,CUST-00108,Warsa Lazuardi,Individual,Perempuan,081261169804,vanesakusumo@example.net,Palembang,Sumatera Selatan,2025-09-23,1
109,CUST-00109,Tania Dabukke,Individual,Perempuan,081296844514,nashiruddinbanawi@example.net,Bandung,Jawa Barat,2025-08-26,1
110,CUST-00110,Eka Maulana,Individual,Perempuan,081265082793,najmudincaraka@example.net,Jakarta Selatan,DKI Jakarta,2026-04-12,1
111,CUST-00111,Anita Widodo,Individual,Perempuan,081219539252,queenrajasa@example.net,Bandung,Jawa Barat,2026-03-02,1
112,CUST-00112,"Harjo Hutasoit, S.I.Kom",Individual,Perempuan,081212648165,,Denpasar,Bali,2024-08-04,1
113,CUST-00113,Ilsa Siregar,Individual,Perempuan,081243525435,firgantorozelda@example.net,Medan,Sumatera Utara,2025-07-27,1
114,CUST-00114,"Puti Nova Oktaviani, S.Sos",Individual,Perempuan,081258831361,cmarbun@example.org,Jakarta Pusat,DKI Jakarta,2025-06-17,1
115,CUST-00115,Caraka Kuswoyo,Individual,Laki-laki,081265709603,aryanibakidin@example.com,Bekasi,Jawa Barat,2025-03-30,1
116,CUST-00116,Garda Hidayat,Individual,Laki-laki,081241979584,darimin76@example.org,Batam,Kepulauan Riau,2025-02-03,1
117,CUST-00117,Lidya Salahudin,Individual,Laki-laki,081263860124,zmardhiyah@example.com,Palembang,Sumatera Selatan,2025-02-02,1
118,CUST-00118,Paris Gunarto,Individual,Laki-laki,081224539192,usman83@example.org,Banjarmasin,Kalimantan Selatan,2025-11-30,1
119,CUST-00119,Paris Habibi,Bisnis,Perempuan,081210816621,kurniawanfathonah@example.org,Batam,Kepulauan Riau,2025-10-31,1
120,CUST-00120,Tira Tarihoran,Individual,Laki-laki,081231721116,,Tangerang,Banten,2025-07-17,1
121,CUST-00121,"Ir. Kawaya Widodo, M.Ak",Individual,Perempuan,081278152602,nardi15@example.net,Semarang,Jawa Tengah,2026-03-30,1
122,CUST-00122,Eka Mayasari,Individual,Laki-laki,081225838283,ewaluyo@example.net,Medan,Sumatera Utara,2024-11-18,1
123,CUST-00123,Julia Wahyudin,Individual,Perempuan,081231680794,najmudinnrima@example.net,Palembang,Sumatera Selatan,2024-09-04,1
124,CUST-00124,Gaiman Winarno,Bisnis,Laki-laki,081255141223,raihanriyanti@example.net,Solo,Jawa Tengah,2026-02-09,0
125,CUST-00125,"Indra Marpaung, S.Psi",Korporat,Laki-laki,081221865216,purwadi37@example.org,Jakarta Selatan,DKI Jakarta,2025-03-30,1
126,CUST-00126,Patricia Nuraini,Individual,Laki-laki,081280683565,rajasabambang@example.com,Banjarmasin,Kalimantan Selatan,2025-01-06,1
127,CUST-00127,Aurora Dongoran,Individual,Perempuan,081269358116,idaprasetyo@example.org,Yogyakarta,DI Yogyakarta,2025-10-21,0
128,CUST-00128,"Tgk. Yani Mandala, S.E.",Individual,Perempuan,081256731102,bagyanajmudin@example.org,Solo,Jawa Tengah,2026-04-24,1
129,CUST-00129,Cut Ghaliyati Napitupulu,Individual,Perempuan,081238872852,tarihorandaniswara@example.com,Padang,Sumatera Barat,2025-12-12,1
130,CUST-00130,Drs. Janet Hutapea,Individual,Perempuan,081279309607,,Yogyakarta,DI Yogyakarta,2025-01-09,1
131,CUST-00131,"Ir. Ulya Megantara, M.Ak",Individual,Perempuan,081267625043,qsuryatmi@example.net,Tangerang,Banten,2025-04-18,1
132,CUST-00132,"Dt. Yoga Megantara, S.Ked",Bisnis,Laki-laki,081247207323,vpradana@example.net,Batam,Kepulauan Riau,2026-02-21,1
133,CUST-00133,"R. Gina Nashiruddin, S.Ked",Individual,Perempuan,081274835657,,Solo,Jawa Tengah,2025-04-15,1
134,CUST-00134,Samiah Wulandari,Individual,Perempuan,081259952866,,Bandung,Jawa Barat,2025-12-06,1
135,CUST-00135,Jindra Kusmawati,Individual,Laki-laki,081263123575,putracaket@example.org,Surabaya,Jawa Timur,2025-06-22,1
136,CUST-00136,Darijan Handayani,Bisnis,Laki-laki,081245297914,permatavinsen@example.org,Balikpapan,Kalimantan Timur,2025-09-20,1
137,CUST-00137,Dewi Pangestu,Individual,Laki-laki,081212434085,asuryatmi@example.net,Semarang,Jawa Tengah,2025-10-26,1
138,CUST-00138,Dalima Permadi,Individual,Laki-laki,081213262368,bakiono56@example.net,Jakarta Pusat,DKI Jakarta,2026-06-15,1
139,CUST-00139,Margana Wijaya,Bisnis,Laki-laki,081281616499,salahudinbelinda@example.net,Makassar,Sulawesi Selatan,2025-05-17,1
140,CUST-00140,Okto Kurniawan,Individual,Perempuan,081297309744,ganjaranrahayu@example.com,Surabaya,Jawa Timur,2025-10-03,1
141,CUST-00141,Ir. Raden Prakasa,Bisnis,Laki-laki,081277245692,nramadan@example.org,Denpasar,Bali,2024-09-15,1
142,CUST-00142,Tgk. Hesti Suryono,Individual,Laki-laki,,ygunarto@example.net,Makassar,Sulawesi Selatan,2026-03-18,1
143,CUST-00143,Ajiman Mardhiyah,Individual,Laki-laki,081219244651,ssamosir@example.org,Solo,Jawa Tengah,2026-02-10,1
144,CUST-00144,Puspa Ardianto,Individual,Perempuan,081250028463,vadriansyah@example.com,Jakarta Pusat,DKI Jakarta,2025-07-21,1
145,CUST-00145,"drg. Warji Waskita, S.Sos",Individual,Laki-laki,081257123511,xwasita@example.org,Palembang,Sumatera Selatan,2025-09-12,1
146,CUST-00146,"Mursita Susanti, S.Pt",Individual,Perempuan,081264613659,hpadmasari@example.com,Padang,Sumatera Barat,2026-06-14,1
147,CUST-00147,"Puti Raina Wacana, S.Ked",Individual,Laki-laki,081240595359,bpertiwi@example.org,Batam,Kepulauan Riau,2025-07-06,1
148,CUST-00148,drg. Dasa Simanjuntak,Korporat,Perempuan,081294302275,lailasaritari@example.com,Bekasi,Jawa Barat,2026-01-29,1
149,CUST-00149,Cinthia Wijaya,Individual,Laki-laki,081262663214,hardiansyahgenta@example.net,Surabaya,Jawa Timur,2025-12-13,1
150,CUST-00150,Amalia Tampubolon,Individual,Perempuan,081249098363,tari51@example.com,Pekanbaru,Riau,2025-04-24,1
151,CUST-00151,Ella Tarihoran,Korporat,Perempuan,081253300623,ajengwahyudin@example.org,Solo,Jawa Tengah,2026-01-15,1
152,CUST-00152,T. Cemani Anggriawan,Individual,Laki-laki,081241828697,taufanpradipta@example.org,Surabaya,Jawa Timur,2025-08-25,1
153,CUST-00153,dr. Jasmani Hidayat,Individual,Perempuan,081250367473,caturanggaprasasta@example.net,Denpasar,Bali,2025-06-27,1
154,CUST-00154,Azalea Hasanah,Individual,Perempuan,081242317844,shania69@example.org,Balikpapan,Kalimantan Timur,2025-06-20,1
155,CUST-00155,Raden Suartini,Bisnis,Laki-laki,081270796218,faridacahyo@example.net,Malang,Jawa Timur,2026-01-03,1
156,CUST-00156,Tira Sudiati,Individual,Perempuan,081248356812,clara35@example.com,Denpasar,Bali,2025-11-01,1
157,CUST-00157,"KH. Prakosa Laksita, M.M.",Bisnis,Laki-laki,081212983034,edisonmarbun@example.com,Jakarta Pusat,DKI Jakarta,2026-04-04,1
158,CUST-00158,Zulfa Mahendra,Bisnis,Laki-laki,081263633719,tambawinda@example.net,Semarang,Jawa Tengah,2025-05-05,1
159,CUST-00159,Ida Rajasa,Bisnis,Perempuan,081226713696,zalindrasimanjuntak@example.com,Bandung,Jawa Barat,2025-09-15,1
160,CUST-00160,"Cut Suci Maheswara, M.Farm",Individual,Perempuan,081274995871,hairyanto01@example.org,Padang,Sumatera Barat,2025-09-28,1
161,CUST-00161,Cinthia Winarsih,Individual,Laki-laki,,maulanamanah@example.org,Bekasi,Jawa Barat,2025-12-17,1
162,CUST-00162,"drg. Alika Melani, S.T.",Individual,Perempuan,081215258293,zmandasari@example.com,Banjarmasin,Kalimantan Selatan,2024-08-21,1
163,CUST-00163,Danang Anggriawan,Bisnis,Laki-laki,081284598607,lestaribakianto@example.net,Palembang,Sumatera Selatan,2024-10-24,1
164,CUST-00164,Uli Firmansyah,Individual,Perempuan,081246249547,gmustofa@example.net,Padang,Sumatera Barat,2025-07-27,1
165,CUST-00165,Usman Laksmiwati,Individual,Laki-laki,081281403370,rudi46@example.org,Padang,Sumatera Barat,2024-11-01,1
166,CUST-00166,Nugraha Utami,Individual,Perempuan,081277707276,manullangwirda@example.org,Surabaya,Jawa Timur,2025-06-05,1
167,CUST-00167,"Ophelia Namaga, S.H.",Bisnis,Perempuan,081222288017,rendy70@example.net,Pekanbaru,Riau,2025-02-06,1
168,CUST-00168,Cakrabuana Gunawan,Individual,Laki-laki,081229807679,handayanitasnim@example.org,Padang,Sumatera Barat,2025-11-14,1
169,CUST-00169,Dimas Prasetya,Individual,Laki-laki,081282961949,anastasia87@example.org,Medan,Sumatera Utara,2024-12-27,1
170,CUST-00170,Maimunah Hastuti,Individual,Laki-laki,081217503569,irsad95@example.com,Jakarta Selatan,DKI Jakarta,2024-08-14,1
171,CUST-00171,Yunita Padmasari,Bisnis,Perempuan,081291449787,mursinin22@example.org,Batam,Kepulauan Riau,2025-02-08,1
172,CUST-00172,"Puji Namaga, S.H.",Korporat,Perempuan,081230009541,eutama@example.com,Makassar,Sulawesi Selatan,2025-04-14,1
173,CUST-00173,Kuncara Melani,Individual,Laki-laki,081273507627,rina40@example.com,Banjarmasin,Kalimantan Selatan,2025-08-16,1
174,CUST-00174,"Tgk. Mila Hutapea, S.E.",Bisnis,Perempuan,,,Tangerang,Banten,2026-02-27,1
175,CUST-00175,Humaira Padmasari,Individual,Perempuan,081210488695,nabila16@example.org,Makassar,Sulawesi Selatan,2024-09-07,1
176,CUST-00176,Ikhsan Fujiati,Korporat,Laki-laki,081262151939,zpermadi@example.org,Palembang,Sumatera Selatan,2024-12-04,1
177,CUST-00177,"Cut Anastasia Utami, M.Pd",Individual,Perempuan,081252356371,dalionopradana@example.com,Solo,Jawa Tengah,2025-07-15,1
178,CUST-00178,"H. Jagaraga Sudiati, S.Sos",Individual,Perempuan,081281574711,wastutielma@example.net,Medan,Sumatera Utara,2025-10-20,1
179,CUST-00179,"Ayu Fujiati, S.IP",Individual,Laki-laki,081261071434,tantri61@example.net,Solo,Jawa Tengah,2026-02-25,1
180,CUST-00180,"Cornelia Pertiwi, M.Kom.",Individual,Perempuan,081256388657,eko45@example.net,Palembang,Sumatera Selatan,2025-07-11,1
181,CUST-00181,"Siti Utami, M.Pd",Korporat,Laki-laki,081278336836,jputra@example.net,Batam,Kepulauan Riau,2025-12-19,1
182,CUST-00182,drg. Yunita Mayasari,Individual,Perempuan,081283231843,halimtasdik@example.org,Balikpapan,Kalimantan Timur,2025-11-09,1
183,CUST-00183,Jayadi Kuswandari,Individual,Perempuan,081211447812,emil48@example.com,Malang,Jawa Timur,2025-02-17,1
184,CUST-00184,Hafshah Hakim,Individual,Laki-laki,081230007333,taswir50@example.com,Malang,Jawa Timur,2025-05-10,1
185,CUST-00185,Ina Januar,Korporat,Perempuan,081249605550,ana19@example.com,Makassar,Sulawesi Selatan,2024-07-01,1
186,CUST-00186,"R.M. Taswir Damanik, M.Ak",Korporat,Perempuan,081258357801,indahwaskita@example.net,Jakarta Pusat,DKI Jakarta,2025-07-20,1
187,CUST-00187,Aurora Thamrin,Individual,Laki-laki,081291404952,latif18@example.org,Bandung,Jawa Barat,2024-08-04,1
188,CUST-00188,Dr. Darijan Mahendra,Korporat,Laki-laki,081289986771,suciwaskita@example.com,Solo,Jawa Tengah,2024-08-29,1
189,CUST-00189,Silvia Thamrin,Individual,Laki-laki,081255125961,fsaefullah@example.org,Padang,Sumatera Barat,2024-07-26,0
190,CUST-00190,Dr. Zaenab Rajasa,Individual,Perempuan,081279107723,fwijayanti@example.com,Malang,Jawa Timur,2024-10-19,1
191,CUST-00191,Elvina Dabukke,Individual,Perempuan,081291408088,suci74@example.net,Manado,Sulawesi Utara,2024-11-17,1
192,CUST-00192,"Hj. Karimah Prastuti, S.T.",Korporat,Perempuan,081281235888,eutama@example.org,Bandung,Jawa Barat,2024-08-12,1
193,CUST-00193,"Karta Sihombing, S.Kom",Individual,Perempuan,081274090101,hestisiregar@example.net,Jakarta Pusat,DKI Jakarta,2024-07-22,1
194,CUST-00194,Panca Waluyo,Individual,Perempuan,,maryadisabrina@example.net,Jakarta Pusat,DKI Jakarta,2024-11-10,1
195,CUST-00195,Lasmanto Haryanti,Individual,Laki-laki,,opertiwi@example.net,Malang,Jawa Timur,2025-06-04,1
196,CUST-00196,Halima Kuswandari,Korporat,Laki-laki,081217733915,prastutigaman@example.com,Malang,Jawa Timur,2024-11-27,1
197,CUST-00197,Maimunah Sihotang,Individual,Perempuan,081295628655,hesti36@example.org,Tangerang,Banten,2025-05-03,1
198,CUST-00198,Ian Tampubolon,Bisnis,Laki-laki,,wagustina@example.com,Banjarmasin,Kalimantan Selatan,2025-12-16,1
199,CUST-00199,Luwar Wahyudin,Individual,Perempuan,081272598167,lasmanto64@example.net,Jakarta Selatan,DKI Jakarta,2025-04-13,1
200,CUST-00200,"Cahyono Andriani, S.Kom",Individual,Perempuan,081274970713,yolandahimawan@example.net,Batam,Kepulauan Riau,2025-10-12,1
201,CUST-00201,"R. Karna Nasyidah, S.Farm",Individual,Laki-laki,,eprakasa@example.org,Surabaya,Jawa Timur,2025-03-07,1
202,CUST-00202,"Martana Maheswara, S.Psi",Individual,Laki-laki,081233952922,xhasanah@example.com,Jakarta Pusat,DKI Jakarta,2026-03-12,1
203,CUST-00203,Sarah Situmorang,Individual,Perempuan,081226573885,sidiq08@example.com,Semarang,Jawa Tengah,2024-11-09,1
204,CUST-00204,"Hana Hariyah, S.E.I",Individual,Perempuan,081286788302,nnainggolan@example.org,Semarang,Jawa Tengah,2025-03-08,1
205,CUST-00205,Kayun Kuswandari,Korporat,Perempuan,081217452131,qsiregar@example.net,Palembang,Sumatera Selatan,2024-12-25,1
206,CUST-00206,"Ika Mangunsong, S.Kom",Bisnis,Perempuan,081275110344,sabarriyanti@example.net,Bekasi,Jawa Barat,2026-02-23,1
207,CUST-00207,Ilsa Suryono,Individual,Perempuan,081291482806,uwaisjohan@example.net,Palembang,Sumatera Selatan,2024-07-05,1
208,CUST-00208,Mila Najmudin,Individual,Laki-laki,081289541556,akarsana71@example.net,Malang,Jawa Timur,2025-09-20,1
209,CUST-00209,Rachel Suryono,Bisnis,Perempuan,081241991806,ilsa96@example.net,Tangerang,Banten,2024-07-15,1
210,CUST-00210,KH. Warsa Purwanti,Individual,Laki-laki,081296058140,saptonotedi@example.net,Denpasar,Bali,2025-02-18,1
211,CUST-00211,"Rusman Tampubolon, S.E.",Individual,Perempuan,081295818508,darmanakusmawati@example.com,Tangerang,Banten,2024-07-13,1
212,CUST-00212,Nilam Mardhiyah,Korporat,Laki-laki,081273044378,munisafitri@example.com,Medan,Sumatera Utara,2024-11-05,1
213,CUST-00213,Karya Mulyani,Individual,Laki-laki,081285353015,ewinarno@example.org,Padang,Sumatera Barat,2025-06-23,1
214,CUST-00214,Gatra Purwanti,Individual,Perempuan,081240705077,janenatsir@example.com,Bandung,Jawa Barat,2025-11-07,1
215,CUST-00215,"Luis Hastuti, S.Sos",Bisnis,Perempuan,,sbudiyanto@example.org,Banjarmasin,Kalimantan Selatan,2024-09-08,1
216,CUST-00216,Emong Puspita,Individual,Laki-laki,081238332801,yaniwidodo@example.net,Batam,Kepulauan Riau,2026-01-02,1
217,CUST-00217,Drs. Gangsa Wulandari,Individual,Laki-laki,081250631168,yuliananarpati@example.org,Makassar,Sulawesi Selatan,2024-11-15,1
218,CUST-00218,Rahman Laksmiwati,Korporat,Laki-laki,081219609553,sihombinglalita@example.net,Semarang,Jawa Tengah,2025-11-14,1
219,CUST-00219,"Septi Zulaika, S.Sos",Bisnis,Laki-laki,081238753904,jhidayanto@example.net,Tangerang,Banten,2025-01-04,1
220,CUST-00220,Maimunah Mandala,Individual,Laki-laki,081229233341,anggrainidarmana@example.net,Banjarmasin,Kalimantan Selatan,2026-02-23,1
221,CUST-00221,Diah Najmudin,Bisnis,Laki-laki,081289422568,usamahlantar@example.org,Padang,Sumatera Barat,2026-02-24,1
222,CUST-00222,Tgk. Ifa Hutagalung,Individual,Laki-laki,081293385632,artanto10@example.net,Padang,Sumatera Barat,2024-07-09,1
223,CUST-00223,"R.M. Imam Narpati, S.Gz",Individual,Perempuan,081259374853,cornelia17@example.org,Balikpapan,Kalimantan Timur,2025-01-25,1
224,CUST-00224,"Ulya Kurniawan, S.Psi",Bisnis,Laki-laki,,bakiman81@example.org,Banjarmasin,Kalimantan Selatan,2026-06-10,1
225,CUST-00225,Kamaria Padmasari,Individual,Perempuan,081226254433,catur20@example.com,Surabaya,Jawa Timur,2025-05-31,1
226,CUST-00226,"Halim Nainggolan, S.E.",Individual,Laki-laki,081234127692,inaadriansyah@example.org,Surabaya,Jawa Timur,2024-08-24,1
227,CUST-00227,drg. Kamal Nuraini,Korporat,Perempuan,081262578012,nmaryadi@example.com,Solo,Jawa Tengah,2025-06-16,1
228,CUST-00228,"Zelaya Waluyo, M.TI.",Individual,Perempuan,081267078994,harsanto93@example.com,Balikpapan,Kalimantan Timur,2025-07-15,1
229,CUST-00229,T. Opung Budiyanto,Bisnis,Perempuan,081270478848,zhariyah@example.org,Bekasi,Jawa Barat,2024-09-27,1
230,CUST-00230,Shania Wahyudin,Bisnis,Laki-laki,081243096204,ida41@example.com,Yogyakarta,DI Yogyakarta,2025-04-20,1
231,CUST-00231,"Juli Nasyiah, S.Kom",Individual,Perempuan,081299848472,gantar44@example.com,Palembang,Sumatera Selatan,2024-11-16,1
232,CUST-00232,Tgk. Karman Januar,Individual,Laki-laki,081279185685,handayanifitria@example.org,Manado,Sulawesi Utara,2024-07-26,1
233,CUST-00233,"Lala Safitri, S.Pd",Individual,Perempuan,081217813893,hilda20@example.org,Malang,Jawa Timur,2024-12-05,1
234,CUST-00234,Ika Nababan,Individual,Perempuan,081267757203,uwijaya@example.net,Surabaya,Jawa Timur,2025-07-28,1
235,CUST-00235,Cinthia Irawan,Individual,Perempuan,081235001466,pujiaryani@example.org,Denpasar,Bali,2024-11-08,1
236,CUST-00236,R. Wirda Megantara,Individual,Perempuan,081269423137,maria64@example.org,Semarang,Jawa Tengah,2026-03-23,1
237,CUST-00237,Adhiarja Wahyudin,Individual,Perempuan,081295829914,hhutagalung@example.net,Jakarta Selatan,DKI Jakarta,2024-09-09,1
238,CUST-00238,"Sabrina Hidayanto, S.T.",Individual,Laki-laki,081268571219,rini86@example.net,Banjarmasin,Kalimantan Selatan,2025-06-20,1
239,CUST-00239,Nardi Maryadi,Individual,Perempuan,081294434313,anita14@example.org,Pekanbaru,Riau,2025-05-23,1
240,CUST-00240,Dr. Diana Pranowo,Bisnis,Perempuan,,cemetisuartini@example.org,Bekasi,Jawa Barat,2026-04-28,1
241,CUST-00241,"Tgk. Rachel Wibisono, M.Pd",Individual,Perempuan,081245029645,jsiregar@example.org,Semarang,Jawa Tengah,2024-07-15,1
242,CUST-00242,Citra Rahimah,Individual,Perempuan,081250811386,habibiclara@example.org,Palembang,Sumatera Selatan,2025-06-20,1
243,CUST-00243,Gasti Melani,Bisnis,Perempuan,081275317070,putuputra@example.net,Balikpapan,Kalimantan Timur,2025-06-17,1
244,CUST-00244,Pranawa Astuti,Individual,Perempuan,081270246352,tirtamaheswara@example.net,Batam,Kepulauan Riau,2025-11-01,1
245,CUST-00245,"Drs. Lamar Hidayanto, S.E.I",Individual,Perempuan,081219970188,oskarfujiati@example.org,Jakarta Selatan,DKI Jakarta,2026-02-17,1
246,CUST-00246,Endah Fujiati,Individual,Perempuan,081239238763,luluh73@example.org,Malang,Jawa Timur,2025-07-09,1
247,CUST-00247,Ella Dabukke,Individual,Perempuan,081257315867,puspasarilaila@example.com,Batam,Kepulauan Riau,2026-03-31,1
248,CUST-00248,"Kenari Wahyudin, S.I.Kom",Individual,Perempuan,,pmansur@example.com,Manado,Sulawesi Utara,2024-09-18,1
249,CUST-00249,Kenzie Waskita,Individual,Perempuan,081236811681,tnashiruddin@example.com,Medan,Sumatera Utara,2025-03-12,1
250,CUST-00250,Eli Rahayu,Bisnis,Laki-laki,081266871302,widodowakiman@example.com,Batam,Kepulauan Riau,2025-09-01,1
251,CUST-00251,"Sutan Pranata Pertiwi, S.Sos",Bisnis,Laki-laki,081298467235,darmaji73@example.com,Padang,Sumatera Barat,2026-06-07,0
252,CUST-00252,Juli Habibi,Individual,Perempuan,081240155706,sgunawan@example.net,Palembang,Sumatera Selatan,2026-01-14,1
253,CUST-00253,Dian Waskita,Bisnis,Laki-laki,081291773431,hasanahnabila@example.net,Bandung,Jawa Barat,2024-09-16,1
254,CUST-00254,Maman Waluyo,Individual,Perempuan,081296521070,,Jakarta Pusat,DKI Jakarta,2025-07-30,1
255,CUST-00255,Wulan Sinaga,Individual,Perempuan,,,Jakarta Selatan,DKI Jakarta,2025-01-12,1
256,CUST-00256,Gangsar Rahimah,Individual,Laki-laki,081212193304,hamzah70@example.net,Banjarmasin,Kalimantan Selatan,2025-03-07,1
257,CUST-00257,"Tgk. Malika Gunarto, M.Pd",Individual,Perempuan,,ikhsanwibisono@example.org,Banjarmasin,Kalimantan Selatan,2026-05-23,1
258,CUST-00258,Ratna Widodo,Individual,Perempuan,081285829226,fmelani@example.org,Padang,Sumatera Barat,2024-06-27,1
259,CUST-00259,Drajat Ramadan,Bisnis,Perempuan,081214472794,daru82@example.org,Denpasar,Bali,2025-10-26,1
260,CUST-00260,"drg. Rina Sirait, S.H.",Individual,Perempuan,081282745423,tirahasanah@example.org,Manado,Sulawesi Utara,2026-05-02,1
261,CUST-00261,"Citra Hasanah, S.Farm",Individual,Laki-laki,081230741478,pranawawasita@example.net,Bekasi,Jawa Barat,2024-09-29,1
262,CUST-00262,Dono Nasyiah,Bisnis,Laki-laki,081280426120,balangga66@example.net,Denpasar,Bali,2025-04-12,1
263,CUST-00263,Raisa Dongoran,Individual,Perempuan,081299434911,hsuartini@example.com,Palembang,Sumatera Selatan,2025-02-22,1
264,CUST-00264,Azalea Yuliarti,Individual,Perempuan,,damar15@example.net,Batam,Kepulauan Riau,2026-05-04,1
265,CUST-00265,Paramita Wasita,Individual,Laki-laki,081212486361,marpaungmaman@example.org,Bandung,Jawa Barat,2026-01-06,1
266,CUST-00266,"Tgk. Lidya Haryanti, M.TI.",Individual,Perempuan,081259511440,respatiwasita@example.org,Yogyakarta,DI Yogyakarta,2026-02-03,1
267,CUST-00267,KH. Gatra Marbun,Bisnis,Laki-laki,081298066670,uyainahestiawan@example.org,Yogyakarta,DI Yogyakarta,2025-02-26,1
268,CUST-00268,R. Darman Wibisono,Bisnis,Perempuan,081295936298,vfarida@example.com,Medan,Sumatera Utara,2024-09-15,1
269,CUST-00269,"Puti Maida Padmasari, S.I.Kom",Individual,Perempuan,081282539497,gmelani@example.org,Batam,Kepulauan Riau,2024-11-22,1
270,CUST-00270,Mutia Mulyani,Individual,Laki-laki,081239059920,ssuartini@example.net,Makassar,Sulawesi Selatan,2024-11-08,1
271,CUST-00271,Sidiq Marpaung,Individual,Laki-laki,081224408551,xzulaika@example.org,Yogyakarta,DI Yogyakarta,2024-12-09,1
272,CUST-00272,Ir. Kiandra Wastuti,Individual,Laki-laki,081293903306,mayasariprabu@example.com,Palembang,Sumatera Selatan,2026-01-07,1
273,CUST-00273,Tania Winarno,Bisnis,Perempuan,081233816502,dodoadriansyah@example.org,Bekasi,Jawa Barat,2025-10-26,1
274,CUST-00274,Lala Suwarno,Bisnis,Perempuan,081242629845,fujiatigaduh@example.net,Bekasi,Jawa Barat,2026-05-14,1
275,CUST-00275,Praba Jailani,Bisnis,Laki-laki,081296227239,edisonnurdiyanti@example.net,Balikpapan,Kalimantan Timur,2024-10-03,1
276,CUST-00276,Mila Wibowo,Individual,Laki-laki,081288732958,gabriellalaksmiwati@example.org,Yogyakarta,DI Yogyakarta,2025-01-03,1
277,CUST-00277,Dalimin Tamba,Bisnis,Perempuan,081232472112,bhidayanto@example.org,Jakarta Selatan,DKI Jakarta,2026-05-09,1
278,CUST-00278,"Faizah Wacana, S.Gz",Individual,Laki-laki,081232816509,laksitaluis@example.net,Malang,Jawa Timur,2024-09-27,1
279,CUST-00279,"Ajeng Kusmawati, M.TI.",Korporat,Laki-laki,081257066966,,Balikpapan,Kalimantan Timur,2025-07-09,0
280,CUST-00280,Kanda Andriani,Individual,Laki-laki,081215858503,unurdiyanti@example.net,Pekanbaru,Riau,2026-06-09,1
281,CUST-00281,Zamira Wijayanti,Individual,Laki-laki,081265887746,tasnimhardiansyah@example.org,Malang,Jawa Timur,2025-01-03,1
282,CUST-00282,"drg. Kadir Saputra, S.I.Kom",Individual,Perempuan,081229103202,sariramadan@example.net,Semarang,Jawa Tengah,2025-02-12,1
283,CUST-00283,Taufik Mandala,Individual,Laki-laki,081277455221,unasyidah@example.net,Medan,Sumatera Utara,2026-05-02,1
284,CUST-00284,Drs. Pandu Permata,Bisnis,Laki-laki,081258302354,nyulianti@example.com,Balikpapan,Kalimantan Timur,2024-11-24,1
285,CUST-00285,"Uda Nurdiyanti, M.TI.",Individual,Laki-laki,081292267384,salahudinbalijan@example.com,Banjarmasin,Kalimantan Selatan,2025-01-29,1
286,CUST-00286,Julia Saputra,Bisnis,Laki-laki,081288811888,nmarbun@example.org,Bekasi,Jawa Barat,2024-08-24,1
287,CUST-00287,Fitria Melani,Bisnis,Perempuan,081252779420,,Pekanbaru,Riau,2025-02-11,1
288,CUST-00288,Farah Mansur,Individual,Laki-laki,081218731916,lutfanfirmansyah@example.net,Padang,Sumatera Barat,2024-07-14,1
289,CUST-00289,Ami Sihombing,Bisnis,Laki-laki,081236401006,,Jakarta Selatan,DKI Jakarta,2025-05-03,1
290,CUST-00290,Purwadi Manullang,Bisnis,Laki-laki,081283829951,pratamawisnu@example.net,Manado,Sulawesi Utara,2025-03-09,1
291,CUST-00291,Drs. Ella Wibisono,Individual,Laki-laki,081279745402,kardiharyanto@example.com,Solo,Jawa Tengah,2025-07-31,1
292,CUST-00292,Dr. Halim Wijaya,Individual,Perempuan,081288795508,gatra73@example.net,Padang,Sumatera Barat,2025-09-20,1
293,CUST-00293,"Ade Halimah, M.Kom.",Individual,Perempuan,081287528937,gastihartati@example.org,Jakarta Selatan,DKI Jakarta,2026-02-10,1
294,CUST-00294,"Puti Halima Nasyidah, S.Psi",Individual,Perempuan,081230482675,mprasetya@example.com,Jakarta Pusat,DKI Jakarta,2025-05-10,1
295,CUST-00295,Ayu Megantara,Bisnis,Laki-laki,081235077374,,Balikpapan,Kalimantan Timur,2024-09-29,1
296,CUST-00296,R.A. Vivi Kurniawan,Individual,Perempuan,081227908942,nyomanprasasta@example.net,Batam,Kepulauan Riau,2024-06-25,1
297,CUST-00297,Ir. Zulfa Andriani,Individual,Laki-laki,081297064541,bagyalaksmiwati@example.net,Tangerang,Banten,2025-02-02,1
298,CUST-00298,Shakila Riyanti,Individual,Laki-laki,081249608123,vino93@example.org,Solo,Jawa Tengah,2024-09-05,0
299,CUST-00299,"Raina Astuti, M.Ak",Individual,Laki-laki,081273808331,prasetyanabila@example.org,Pekanbaru,Riau,2025-01-02,1
300,CUST-00300,Tgk. Wirda Nainggolan,Individual,Laki-laki,081287725913,edi66@example.org,Medan,Sumatera Utara,2026-05-28,1
301,CUST-00301,Kajen Waluyo,Bisnis,Laki-laki,081234935033,maulanabakianto@example.org,Surabaya,Jawa Timur,2024-08-27,1
302,CUST-00302,"Sari Kurniawan, M.M.",Korporat,Perempuan,081285608273,lailasarikarta@example.net,Surabaya,Jawa Timur,2025-03-19,1
303,CUST-00303,Tgk. Syahrini Zulkarnain,Individual,Perempuan,081251606587,ihariyah@example.com,Palembang,Sumatera Selatan,2025-02-20,1
304,CUST-00304,Janet Mangunsong,Individual,Perempuan,081221973550,sari45@example.com,Makassar,Sulawesi Selatan,2024-08-02,1
305,CUST-00305,Akarsana Saputra,Individual,Laki-laki,081277758118,yono95@example.org,Manado,Sulawesi Utara,2025-08-16,1
306,CUST-00306,Ciaobella Napitupulu,Individual,Laki-laki,081251884630,dartonowidiastuti@example.com,Denpasar,Bali,2025-02-10,1
307,CUST-00307,Dr. Yessi Iswahyudi,Bisnis,Perempuan,081252214738,bsimanjuntak@example.org,Banjarmasin,Kalimantan Selatan,2026-02-09,1
308,CUST-00308,T. Maryanto Adriansyah,Individual,Laki-laki,081291359237,nasim30@example.com,Batam,Kepulauan Riau,2025-01-28,1
309,CUST-00309,Dr. Winda Mulyani,Individual,Perempuan,081229182756,gambira57@example.org,Medan,Sumatera Utara,2024-10-10,1
310,CUST-00310,Kala Zulkarnain,Bisnis,Perempuan,081286473091,ztamba@example.net,Bekasi,Jawa Barat,2025-03-10,1
311,CUST-00311,Reza Saefullah,Individual,Laki-laki,081241706653,elvin20@example.net,Jakarta Selatan,DKI Jakarta,2025-07-19,1
312,CUST-00312,"R. Dinda Haryanti, S.Kom",Individual,Perempuan,081271270548,permatarahayu@example.org,Semarang,Jawa Tengah,2025-04-06,1
313,CUST-00313,Novi Saptono,Individual,Laki-laki,081217392080,qzulkarnain@example.org,Yogyakarta,DI Yogyakarta,2026-03-21,1
314,CUST-00314,"Puti Maida Wibowo, S.Pt",Individual,Perempuan,081238700005,,Malang,Jawa Timur,2024-10-04,1
315,CUST-00315,Tari Wahyuni,Korporat,Perempuan,081216266162,wibowobalamantri@example.org,Jakarta Pusat,DKI Jakarta,2025-01-19,1
316,CUST-00316,Ir. Lukman Uyainah,Individual,Laki-laki,081292942479,atmajawahyudin@example.net,Bandung,Jawa Barat,2025-10-30,1
317,CUST-00317,"Cut Calista Maryadi, S.Psi",Individual,Laki-laki,081269862667,balabudiyanto@example.org,Bekasi,Jawa Barat,2025-04-15,1
318,CUST-00318,Yani Habibi,Korporat,Laki-laki,081210269027,putri87@example.net,Jakarta Pusat,DKI Jakarta,2025-11-09,1
319,CUST-00319,Daru Sitompul,Individual,Laki-laki,081294176325,bakianto84@example.org,Solo,Jawa Tengah,2025-05-31,1
320,CUST-00320,"drg. Vino Simbolon, S.Psi",Individual,Laki-laki,081298421602,bgunawan@example.org,Solo,Jawa Tengah,2025-10-07,1
321,CUST-00321,"Sadina Saragih, M.Ak",Individual,Perempuan,081243368695,alikamegantara@example.com,Medan,Sumatera Utara,2024-10-19,1
322,CUST-00322,Rachel Rajata,Korporat,Perempuan,081249836068,,Jakarta Selatan,DKI Jakarta,2025-07-01,1
323,CUST-00323,"Ir. Janet Mansur, M.TI.",Individual,Laki-laki,081220112857,maman31@example.org,Balikpapan,Kalimantan Timur,2024-12-13,0
324,CUST-00324,Raisa Adriansyah,Individual,Laki-laki,081223598468,pradanausman@example.com,Malang,Jawa Timur,2025-12-01,1
325,CUST-00325,Sabar Lailasari,Individual,Laki-laki,081286841939,hsiregar@example.org,Tangerang,Banten,2025-05-09,1
326,CUST-00326,Hafshah Wastuti,Bisnis,Laki-laki,081264361750,zizinurdiyanti@example.org,Palembang,Sumatera Selatan,2025-10-01,1
327,CUST-00327,Mursinin Hutasoit,Individual,Perempuan,081292377022,nsitorus@example.com,Solo,Jawa Tengah,2025-04-22,1
328,CUST-00328,"Clara Anggriawan, S.Ked",Individual,Perempuan,081246287042,januarputri@example.org,Surabaya,Jawa Timur,2025-12-29,1
329,CUST-00329,Cemplunk Susanti,Bisnis,Perempuan,081257721410,cwacana@example.com,Tangerang,Banten,2026-05-21,1
330,CUST-00330,Azalea Namaga,Bisnis,Perempuan,081288276797,jelitanapitupulu@example.net,Makassar,Sulawesi Selatan,2025-10-21,1
331,CUST-00331,"Cawisono Nasyiah, M.Ak",Individual,Perempuan,081266912401,prayitna18@example.net,Solo,Jawa Tengah,2026-02-25,1
332,CUST-00332,Janet Prasetya,Individual,Perempuan,081288849296,prabowohafshah@example.com,Banjarmasin,Kalimantan Selatan,2024-09-18,1
333,CUST-00333,"Dr. Galur Farida, S.Psi",Bisnis,Laki-laki,081281647180,fitria29@example.net,Medan,Sumatera Utara,2025-07-19,1
334,CUST-00334,Mahfud Pudjiastuti,Korporat,Perempuan,081263005797,,Palembang,Sumatera Selatan,2025-06-24,1
335,CUST-00335,Hj. Eka Pangestu,Individual,Laki-laki,081278657358,usudiati@example.org,Padang,Sumatera Barat,2024-06-23,1
336,CUST-00336,Wakiman Astuti,Individual,Perempuan,081296907313,amongaryani@example.net,Palembang,Sumatera Selatan,2026-04-16,1
337,CUST-00337,"R. Titin Maryati, M.Kom.",Individual,Perempuan,081229977387,baktiadi56@example.net,Batam,Kepulauan Riau,2025-11-08,1
338,CUST-00338,R. Genta Safitri,Korporat,Laki-laki,081226586618,hardiansyahwarsa@example.org,Makassar,Sulawesi Selatan,2024-12-12,1
339,CUST-00339,Tami Santoso,Bisnis,Perempuan,081295214391,,Tangerang,Banten,2026-02-27,1
340,CUST-00340,"Drs. Dadap Wijaya, S.I.Kom",Individual,Perempuan,081265669750,maimunah19@example.org,Jakarta Pusat,DKI Jakarta,2025-08-02,1
341,CUST-00341,Ellis Megantara,Bisnis,Laki-laki,081283600058,citra56@example.com,Malang,Jawa Timur,2026-02-07,1
342,CUST-00342,R.A. Humaira Rahimah,Individual,Laki-laki,081215527332,hastutikarja@example.org,Yogyakarta,DI Yogyakarta,2025-09-02,0
343,CUST-00343,H. Ganjaran Saragih,Korporat,Laki-laki,081255400986,ella98@example.net,Pekanbaru,Riau,2026-06-20,1
344,CUST-00344,"Ika Farida, M.Pd",Bisnis,Laki-laki,081279612301,prastutihalim@example.net,Medan,Sumatera Utara,2024-10-27,1
345,CUST-00345,Carla Waluyo,Individual,Laki-laki,081232441674,empluk34@example.org,Tangerang,Banten,2024-09-12,1
346,CUST-00346,Wawan Suryono,Bisnis,Perempuan,081297943387,qutami@example.org,Banjarmasin,Kalimantan Selatan,2026-02-06,1
347,CUST-00347,"Puti Nurul Wacana, M.Kom.",Individual,Laki-laki,081298466902,irfan37@example.com,Makassar,Sulawesi Selatan,2025-01-09,1
348,CUST-00348,"R.A. Calista Yulianti, S.E.",Individual,Laki-laki,081250625479,paulinmaulana@example.net,Yogyakarta,DI Yogyakarta,2025-08-14,1
349,CUST-00349,Prabu Wahyuni,Bisnis,Perempuan,081278381936,,Palembang,Sumatera Selatan,2024-08-22,1
350,CUST-00350,"R. Maida Nuraini, S.Psi",Individual,Perempuan,081256198648,cakrabirawa16@example.net,Yogyakarta,DI Yogyakarta,2025-09-21,1
351,CUST-00351,Nabila Hasanah,Individual,Laki-laki,081217588695,ywinarno@example.org,Jakarta Pusat,DKI Jakarta,2024-10-27,1
352,CUST-00352,Jasmani Nashiruddin,Individual,Laki-laki,081296860841,bwahyudin@example.net,Yogyakarta,DI Yogyakarta,2025-10-08,1
353,CUST-00353,"H. Maman Sudiati, S.Farm",Individual,Perempuan,081230879753,xsiregar@example.com,Jakarta Selatan,DKI Jakarta,2026-03-11,1
354,CUST-00354,Fitria Suwarno,Individual,Laki-laki,081261277468,elmamayasari@example.org,Malang,Jawa Timur,2025-01-19,1
355,CUST-00355,Lidya Lailasari,Korporat,Laki-laki,081289280037,,Manado,Sulawesi Utara,2026-05-01,1
356,CUST-00356,Chelsea Mahendra,Individual,Laki-laki,081275254881,umaysusanti@example.com,Bandung,Jawa Barat,2024-09-21,1
357,CUST-00357,Lala Haryanti,Bisnis,Laki-laki,081272189075,wibisonotasdik@example.com,Malang,Jawa Timur,2024-08-14,1
358,CUST-00358,"Puti Nadia Wahyuni, S.Kom",Individual,Perempuan,,asmuniyuliarti@example.net,Tangerang,Banten,2025-08-21,1
359,CUST-00359,"Drs. Yessi Prasetya, S.Gz",Bisnis,Perempuan,081219319976,,Solo,Jawa Tengah,2026-06-06,1
360,CUST-00360,Nyoman Saefullah,Bisnis,Perempuan,081253954432,sitompulliman@example.org,Pekanbaru,Riau,2026-05-16,1
361,CUST-00361,"Manah Laksita, S.IP",Individual,Laki-laki,081233825219,dewiandriani@example.org,Padang,Sumatera Barat,2026-01-03,1
362,CUST-00362,Mila Kuswoyo,Individual,Perempuan,081228220563,waskitasiska@example.org,Pekanbaru,Riau,2025-09-26,1
363,CUST-00363,Karsana Prastuti,Individual,Laki-laki,081235677847,kuncaranugroho@example.com,Surabaya,Jawa Timur,2025-12-28,1
364,CUST-00364,"Dt. Kajen Widiastuti, S.I.Kom",Individual,Laki-laki,081241937772,salahudinarta@example.org,Jakarta Selatan,DKI Jakarta,2025-09-27,1
365,CUST-00365,Mursita Permata,Individual,Perempuan,,fprasasta@example.com,Palembang,Sumatera Selatan,2024-08-28,1
366,CUST-00366,"Dr. Rafi Prayoga, M.Ak",Individual,Perempuan,081294335869,mmayasari@example.com,Makassar,Sulawesi Selatan,2025-06-04,1
367,CUST-00367,Gasti Mardhiyah,Korporat,Perempuan,081252344436,puspitashania@example.org,Medan,Sumatera Utara,2026-03-08,1
368,CUST-00368,"Puti Fitriani Suryatmi, M.Kom.",Individual,Laki-laki,081217917678,kasimmayasari@example.org,Medan,Sumatera Utara,2026-05-26,1
369,CUST-00369,Emas Widiastuti,Bisnis,Perempuan,081231249006,jane17@example.net,Tangerang,Banten,2025-11-08,1
370,CUST-00370,"Ir. Sabrina Laksita, S.Farm",Individual,Perempuan,081233726090,ahidayat@example.net,Yogyakarta,DI Yogyakarta,2026-06-12,1
371,CUST-00371,"Rachel Permadi, S.Psi",Individual,Laki-laki,081267889085,jpudjiastuti@example.net,Palembang,Sumatera Selatan,2025-06-30,1
372,CUST-00372,"Najam Sihotang, S.Gz",Individual,Perempuan,081288553413,lazuardiopan@example.com,Palembang,Sumatera Selatan,2024-11-05,1
373,CUST-00373,Belinda Kurniawan,Individual,Laki-laki,,jasmani57@example.net,Banjarmasin,Kalimantan Selatan,2025-12-08,0
374,CUST-00374,"Ir. Sari Megantara, M.Kom.",Korporat,Laki-laki,081272409241,aris06@example.net,Banjarmasin,Kalimantan Selatan,2025-02-28,1
375,CUST-00375,Labuh Rahimah,Bisnis,Laki-laki,081247095567,bakiadihutagalung@example.org,Jakarta Selatan,DKI Jakarta,2026-02-05,1
376,CUST-00376,"Cut Nilam Farida, S.IP",Individual,Perempuan,,usamahrafid@example.net,Makassar,Sulawesi Selatan,2025-08-27,1
377,CUST-00377,Jamalia Latupono,Individual,Laki-laki,081257744286,ian35@example.org,Banjarmasin,Kalimantan Selatan,2025-12-11,1
378,CUST-00378,Karimah Wibowo,Individual,Laki-laki,081230610227,estiawanusamah@example.net,Medan,Sumatera Utara,2025-09-05,1
379,CUST-00379,Sutan Tirta Kuswoyo,Individual,Perempuan,081267594895,,Bandung,Jawa Barat,2025-12-17,1
380,CUST-00380,Uchita Laksmiwati,Bisnis,Laki-laki,081248799602,ysirait@example.net,Palembang,Sumatera Selatan,2024-07-09,1
381,CUST-00381,"Uchita Saputra, S.Ked",Individual,Perempuan,081273308430,januardarmana@example.com,Makassar,Sulawesi Selatan,2025-08-01,1
382,CUST-00382,Tami Melani,Bisnis,Perempuan,081221923500,puspitabalangga@example.org,Palembang,Sumatera Selatan,2025-04-25,1
383,CUST-00383,"Muni Sirait, M.Farm",Individual,Perempuan,081241509695,nurdiyantislamet@example.com,Semarang,Jawa Tengah,2025-01-27,1
384,CUST-00384,"dr. Belinda Nashiruddin, M.Pd",Individual,Perempuan,081222681403,wastutizahra@example.org,Batam,Kepulauan Riau,2025-11-14,1
385,CUST-00385,Dirja Haryanti,Individual,Laki-laki,081242980464,galarwaluyo@example.com,Tangerang,Banten,2024-09-14,1
386,CUST-00386,Wawan Usamah,Bisnis,Laki-laki,081296320812,cwinarno@example.org,Semarang,Jawa Tengah,2024-08-22,1
387,CUST-00387,"Ir. Lantar Putra, S.Sos",Korporat,Perempuan,081266323425,maheswaramaras@example.com,Banjarmasin,Kalimantan Selatan,2026-05-22,1
388,CUST-00388,Rahmi Rahimah,Korporat,Perempuan,081215241150,yzulkarnain@example.org,Manado,Sulawesi Utara,2026-04-20,1
389,CUST-00389,Prabu Nababan,Individual,Laki-laki,081298246936,situmorangusman@example.com,Jakarta Pusat,DKI Jakarta,2026-03-13,1
390,CUST-00390,"Kamila Putra, M.Ak",Bisnis,Laki-laki,081211661745,hassanahcornelia@example.org,Medan,Sumatera Utara,2024-11-22,1
391,CUST-00391,"Nugraha Hidayanto, M.Kom.",Bisnis,Laki-laki,081211699026,cakrabirawa85@example.net,Tangerang,Banten,2025-06-25,1
392,CUST-00392,Victoria Susanti,Bisnis,Perempuan,081223294200,banara20@example.com,Tangerang,Banten,2026-06-01,0
393,CUST-00393,Maria Tamba,Individual,Laki-laki,081260800538,hesti25@example.net,Denpasar,Bali,2026-01-21,1
394,CUST-00394,"R. Anita Wulandari, S.Gz",Bisnis,Perempuan,081289274584,maryani@example.com,Manado,Sulawesi Utara,2026-04-02,1
395,CUST-00395,T. Daryani Aryani,Individual,Laki-laki,081269009800,bpudjiastuti@example.com,Bekasi,Jawa Barat,2024-12-21,1
396,CUST-00396,Gading Hariyah,Individual,Laki-laki,,adhiarjasalahudin@example.net,Balikpapan,Kalimantan Timur,2025-05-07,1
397,CUST-00397,Balidin Rajasa,Individual,Perempuan,081269150267,eoktaviani@example.net,Denpasar,Bali,2025-08-25,1
398,CUST-00398,"Tiara Permadi, M.Farm",Individual,Laki-laki,081232173204,hardiansyahzulaikha@example.com,Tangerang,Banten,2025-10-17,1
399,CUST-00399,Humaira Hasanah,Individual,Laki-laki,081260263942,prasetyouwais@example.org,Balikpapan,Kalimantan Timur,2024-10-03,1
400,CUST-00400,"dr. Cici Rahimah, S.Farm",Korporat,Perempuan,081214724551,samosirjati@example.com,Banjarmasin,Kalimantan Selatan,2025-01-12,1
401,CUST-00401,Shania Wahyuni,Individual,Perempuan,,hidayantokarsana@example.net,Semarang,Jawa Tengah,2025-09-28,1
402,CUST-00402,"Eva Sudiati, S.Kom",Bisnis,Perempuan,081240709861,rahmatsafitri@example.org,Bekasi,Jawa Barat,2024-07-01,1
403,CUST-00403,Pranawa Dabukke,Bisnis,Perempuan,081280304400,gawati70@example.com,Surabaya,Jawa Timur,2025-11-18,1
404,CUST-00404,Pia Haryanto,Individual,Laki-laki,081252095650,xmarbun@example.net,Balikpapan,Kalimantan Timur,2026-01-08,1
405,CUST-00405,"Qori Jailani, M.Farm",Korporat,Laki-laki,081285583061,napitupulujohan@example.org,Banjarmasin,Kalimantan Selatan,2026-04-05,1
406,CUST-00406,Kasiyah Sinaga,Individual,Perempuan,081225713885,daryani69@example.net,Semarang,Jawa Tengah,2024-06-26,1
407,CUST-00407,Estiawan Widodo,Bisnis,Perempuan,081261233996,irfan78@example.com,Jakarta Pusat,DKI Jakarta,2025-01-22,1
408,CUST-00408,drg. Alika Hutasoit,Individual,Perempuan,,megantararaisa@example.net,Denpasar,Bali,2024-10-11,1
409,CUST-00409,drg. Ghaliyati Sihombing,Individual,Laki-laki,081217092071,whassanah@example.net,Bekasi,Jawa Barat,2026-05-25,1
410,CUST-00410,Eka Rahimah,Individual,Perempuan,081248000192,rahayu12@example.com,Tangerang,Banten,2026-02-02,1
411,CUST-00411,"Tgk. Nabila Simbolon, S.Sos",Individual,Laki-laki,081217599117,narpatiyuni@example.net,Denpasar,Bali,2025-05-06,1
412,CUST-00412,Teddy Santoso,Individual,Laki-laki,081258420045,nalar98@example.net,Yogyakarta,DI Yogyakarta,2024-10-25,1
413,CUST-00413,Agnes Usada,Individual,Perempuan,081231353603,permatacawisadi@example.net,Makassar,Sulawesi Selatan,2025-05-26,1
414,CUST-00414,Cut Hasna Saefullah,Bisnis,Laki-laki,081245063006,prasetyodewi@example.com,Jakarta Pusat,DKI Jakarta,2024-08-04,1
415,CUST-00415,Liman Pranowo,Individual,Laki-laki,081240517130,mahmudputra@example.org,Palembang,Sumatera Selatan,2024-10-11,1
416,CUST-00416,"Kanda Padmasari, S.Farm",Bisnis,Perempuan,081231248224,gmarbun@example.net,Solo,Jawa Tengah,2025-02-22,1
417,CUST-00417,Bakiono Situmorang,Individual,Laki-laki,081226840704,lsaptono@example.com,Pekanbaru,Riau,2026-01-24,1
418,CUST-00418,Maida Usamah,Bisnis,Perempuan,081248929039,rahmat53@example.net,Tangerang,Banten,2025-05-09,1
419,CUST-00419,"R.A. Halima Napitupulu, M.Kom.",Bisnis,Perempuan,081258704949,prasetyocakrawala@example.org,Denpasar,Bali,2026-06-20,1
420,CUST-00420,Siska Pranowo,Individual,Laki-laki,081235969809,gamblang12@example.net,Manado,Sulawesi Utara,2025-01-01,1
421,CUST-00421,Dr. Melinda Marbun,Korporat,Laki-laki,081264358921,argono60@example.net,Makassar,Sulawesi Selatan,2026-01-10,1
422,CUST-00422,Lasmanto Gunarto,Bisnis,Perempuan,081267633868,ihastuti@example.com,Pekanbaru,Riau,2025-05-09,1
423,CUST-00423,Arta Saefullah,Individual,Perempuan,081279064214,rsuartini@example.com,Batam,Kepulauan Riau,2025-10-21,1
424,CUST-00424,Jasmin Habibi,Individual,Laki-laki,081285530792,asihombing@example.net,Pekanbaru,Riau,2025-10-10,1
425,CUST-00425,R.M. Akarsana Firgantoro,Individual,Laki-laki,,emongmegantara@example.org,Jakarta Selatan,DKI Jakarta,2025-12-21,1
426,CUST-00426,Lamar Agustina,Individual,Laki-laki,081255145597,wasitaparis@example.net,Bekasi,Jawa Barat,2025-07-27,1
427,CUST-00427,Budi Prakasa,Bisnis,Perempuan,081273296571,ypuspita@example.net,Jakarta Selatan,DKI Jakarta,2025-10-19,1
428,CUST-00428,Edi Wibisono,Individual,Laki-laki,081216022494,aisyah62@example.com,Tangerang,Banten,2024-09-19,1
429,CUST-00429,"Drs. Tira Hardiansyah, S.Kom",Individual,Laki-laki,081285068361,ihsananggraini@example.com,Balikpapan,Kalimantan Timur,2025-04-18,1
430,CUST-00430,"Xanana Firgantoro, S.T.",Individual,Laki-laki,081267750264,,Batam,Kepulauan Riau,2025-05-31,0
431,CUST-00431,"Titi Mahendra, M.TI.",Korporat,Laki-laki,081266655034,anastasia01@example.org,Tangerang,Banten,2026-04-20,1
432,CUST-00432,"R. Heryanto Laksita, M.Ak",Bisnis,Perempuan,081225398112,aagustina@example.net,Makassar,Sulawesi Selatan,2024-12-30,1
433,CUST-00433,"R.M. Galak Kusumo, S.Ked",Individual,Laki-laki,081212801728,clestari@example.net,Banjarmasin,Kalimantan Selatan,2025-12-16,1
434,CUST-00434,Abyasa Anggraini,Individual,Perempuan,081230781803,danangsaefullah@example.org,Jakarta Pusat,DKI Jakarta,2026-06-18,1
435,CUST-00435,Yunita Permata,Individual,Laki-laki,081237143903,padmasaridevi@example.net,Padang,Sumatera Barat,2025-06-13,1
436,CUST-00436,"Hj. Belinda Januar, S.Sos",Bisnis,Perempuan,081243782802,winarsihdodo@example.net,Medan,Sumatera Utara,2026-05-29,1
437,CUST-00437,Gaiman Pudjiastuti,Bisnis,Perempuan,081273437318,pmardhiyah@example.org,Tangerang,Banten,2024-10-19,1
438,CUST-00438,Kusuma Haryanto,Bisnis,Laki-laki,081210395552,jsiregar@example.org,Jakarta Pusat,DKI Jakarta,2025-05-28,1
439,CUST-00439,Keisha Ramadan,Individual,Laki-laki,081250794461,knababan@example.org,Makassar,Sulawesi Selatan,2026-03-23,1
440,CUST-00440,Yance Puspasari,Individual,Laki-laki,081264805468,prasetyoulva@example.com,Manado,Sulawesi Utara,2026-03-18,1
441,CUST-00441,Marsito Hakim,Individual,Laki-laki,081268889810,melanimala@example.net,Balikpapan,Kalimantan Timur,2026-02-05,1
442,CUST-00442,dr. Limar Padmasari,Individual,Laki-laki,081214819238,widodotalia@example.org,Palembang,Sumatera Selatan,2025-08-10,1
443,CUST-00443,dr. Mustika Utami,Individual,Laki-laki,081257035177,uyainahpandu@example.org,Jakarta Selatan,DKI Jakarta,2024-11-02,1
444,CUST-00444,Aswani Puspita,Korporat,Perempuan,081246377404,waluyomandasari@example.org,Medan,Sumatera Utara,2026-05-25,1
445,CUST-00445,"Kajen Irawan, M.Farm",Bisnis,Perempuan,081222053767,abyasakuswoyo@example.net,Pekanbaru,Riau,2025-11-11,1
446,CUST-00446,Chelsea Puspasari,Individual,Perempuan,081244403784,darmajiiswahyudi@example.org,Manado,Sulawesi Utara,2025-07-25,1
447,CUST-00447,Kania Manullang,Individual,Laki-laki,081234995895,capa36@example.com,Bekasi,Jawa Barat,2025-01-05,1
448,CUST-00448,Paris Mulyani,Bisnis,Laki-laki,081295402475,oktobudiman@example.net,Jakarta Pusat,DKI Jakarta,2025-10-17,1
449,CUST-00449,Queen Sitompul,Bisnis,Laki-laki,081248530853,jati09@example.com,Makassar,Sulawesi Selatan,2025-12-23,1
450,CUST-00450,Yuni Handayani,Individual,Perempuan,081269708774,qgunarto@example.org,Banjarmasin,Kalimantan Selatan,2025-04-30,1
451,CUST-00451,Fitriani Megantara,Individual,Perempuan,,fnashiruddin@example.org,Semarang,Jawa Tengah,2026-01-23,1
452,CUST-00452,Himawan Padmasari,Individual,Laki-laki,081262355192,mdamanik@example.org,Palembang,Sumatera Selatan,2026-02-25,1
453,CUST-00453,Drs. Tantri Prayoga,Individual,Laki-laki,081281953055,nalarmaryati@example.net,Batam,Kepulauan Riau,2025-10-13,0
454,CUST-00454,dr. Joko Prastuti,Individual,Perempuan,081290402823,nurainiputri@example.org,Pekanbaru,Riau,2024-11-22,1
455,CUST-00455,R. Wadi Situmorang,Korporat,Laki-laki,081250770100,prima45@example.org,Banjarmasin,Kalimantan Selatan,2026-02-12,1
456,CUST-00456,Padmi Sinaga,Individual,Laki-laki,081293647979,siregarpardi@example.com,Yogyakarta,DI Yogyakarta,2025-04-12,1
457,CUST-00457,Edward Rajasa,Bisnis,Perempuan,081297743578,chandrasitumorang@example.net,Bandung,Jawa Barat,2026-04-06,1
458,CUST-00458,Nurul Prabowo,Korporat,Perempuan,081285812817,narpatilulut@example.com,Pekanbaru,Riau,2026-02-08,1
459,CUST-00459,Fitria Andriani,Bisnis,Laki-laki,081289826801,bakiono06@example.net,Manado,Sulawesi Utara,2025-12-06,1
460,CUST-00460,Elvin Rajata,Bisnis,Perempuan,081235729152,mariaadriansyah@example.org,Padang,Sumatera Barat,2025-04-29,1
461,CUST-00461,Manah Thamrin,Individual,Laki-laki,081294782855,estiawan74@example.net,Pekanbaru,Riau,2026-06-19,1
462,CUST-00462,Endah Farida,Individual,Perempuan,081293552519,usamahtiara@example.net,Batam,Kepulauan Riau,2026-01-01,1
463,CUST-00463,Dt. Okto Suryono,Bisnis,Perempuan,081266108237,hutasoitade@example.net,Makassar,Sulawesi Selatan,2025-09-09,1
464,CUST-00464,Zalindra Nababan,Individual,Laki-laki,081216720082,lailasitumorang@example.org,Manado,Sulawesi Utara,2026-04-10,1
465,CUST-00465,"Puti Devi Setiawan, S.Farm",Individual,Perempuan,081249495042,adiarjahardiansyah@example.net,Batam,Kepulauan Riau,2025-12-29,1
466,CUST-00466,"Ir. Virman Wahyuni, S.Kom",Individual,Perempuan,081290795557,sinagaargono@example.net,Manado,Sulawesi Utara,2026-04-18,1
467,CUST-00467,"Drs. Vinsen Budiman, S.I.Kom",Individual,Laki-laki,081211215328,elisa19@example.org,Batam,Kepulauan Riau,2026-01-04,1
468,CUST-00468,Agnes Sitompul,Bisnis,Laki-laki,081267936788,ajiman53@example.net,Bandung,Jawa Barat,2026-01-29,1
469,CUST-00469,dr. Mahdi Aryani,Individual,Perempuan,081267419231,kurniawansalman@example.org,Yogyakarta,DI Yogyakarta,2025-09-19,1
470,CUST-00470,"Bakda Astuti, S.Pd",Individual,Perempuan,081258286366,aris68@example.net,Malang,Jawa Timur,2025-07-13,0
471,CUST-00471,dr. Jane Napitupulu,Individual,Laki-laki,081271372959,gantar28@example.net,Malang,Jawa Timur,2026-05-13,1
472,CUST-00472,"Restu Januar, S.Pd",Individual,Laki-laki,081214996616,mayasarixanana@example.net,Pekanbaru,Riau,2025-03-23,1
473,CUST-00473,Padmi Suryono,Individual,Perempuan,081260827079,,Batam,Kepulauan Riau,2025-04-15,1
474,CUST-00474,"Drs. Belinda Lazuardi, M.Ak",Bisnis,Laki-laki,081222930872,saktisetiawan@example.com,Medan,Sumatera Utara,2024-07-17,1
475,CUST-00475,"Cut Hafshah Rajata, S.Farm",Individual,Perempuan,081294824244,purwadisinaga@example.com,Makassar,Sulawesi Selatan,2025-10-28,1
476,CUST-00476,"H. Oman Pertiwi, S.E.",Individual,Laki-laki,081286415041,cawisadi76@example.net,Pekanbaru,Riau,2026-01-27,0
477,CUST-00477,"Tgk. Latika Hutapea, M.Pd",Individual,Laki-laki,081273614142,aris97@example.com,Bekasi,Jawa Barat,2024-08-19,1
478,CUST-00478,Kani Wulandari,Bisnis,Perempuan,081244548162,yuliantitomi@example.net,Malang,Jawa Timur,2025-08-29,1
479,CUST-00479,"Belinda Hardiansyah, S.Ked",Bisnis,Perempuan,081227583734,qpranowo@example.org,Makassar,Sulawesi Selatan,2026-04-02,1
480,CUST-00480,"Luluh Wasita, S.Pd",Individual,Laki-laki,081218484402,sihotanglimar@example.org,Yogyakarta,DI Yogyakarta,2026-03-14,0
481,CUST-00481,dr. Tedi Uyainah,Individual,Laki-laki,081258372189,uchitapuspita@example.net,Padang,Sumatera Barat,2025-06-25,1
482,CUST-00482,"Salsabila Mandala, S.Sos",Korporat,Laki-laki,081255773690,wasitasarah@example.net,Pekanbaru,Riau,2025-08-05,0
483,CUST-00483,Bakda Mahendra,Bisnis,Perempuan,081214769513,ikuswandari@example.net,Denpasar,Bali,2024-07-05,1
484,CUST-00484,Jamil Palastri,Bisnis,Laki-laki,081246872060,emplukprasetyo@example.com,Balikpapan,Kalimantan Timur,2025-02-27,1
485,CUST-00485,Cawisono Damanik,Individual,Perempuan,081276545221,tnashiruddin@example.com,Balikpapan,Kalimantan Timur,2026-05-17,1
486,CUST-00486,Titin Puspasari,Individual,Laki-laki,081249796409,lnuraini@example.net,Makassar,Sulawesi Selatan,2025-03-27,1
487,CUST-00487,Laras Saptono,Korporat,Perempuan,081251766556,ajiman53@example.net,Medan,Sumatera Utara,2024-11-20,1
488,CUST-00488,Talia Adriansyah,Individual,Laki-laki,081252749476,amansur@example.net,Bekasi,Jawa Barat,2026-05-20,1
489,CUST-00489,"dr. Paris Pudjiastuti, S.Farm",Bisnis,Perempuan,081286303832,csuwarno@example.com,Manado,Sulawesi Utara,2024-07-31,1
490,CUST-00490,Michelle Tarihoran,Korporat,Perempuan,081212911953,mahendrabahuwirya@example.net,Bekasi,Jawa Barat,2025-07-25,1
491,CUST-00491,"Estiono Mardhiyah, S.Psi",Individual,Perempuan,,fkusmawati@example.org,Bekasi,Jawa Barat,2025-12-09,1
492,CUST-00492,"R. Putri Safitri, M.Kom.",Individual,Perempuan,081284009297,zelayatampubolon@example.com,Pekanbaru,Riau,2024-10-12,1
493,CUST-00493,drg. Michelle Widodo,Bisnis,Perempuan,081224742261,gamaniusada@example.org,Balikpapan,Kalimantan Timur,2024-06-27,1
494,CUST-00494,Usman Hassanah,Individual,Perempuan,081260994191,hafshah42@example.com,Balikpapan,Kalimantan Timur,2026-02-15,1
495,CUST-00495,"Puti Sadina Aryani, S.Pd",Bisnis,Perempuan,081273372785,patricia72@example.org,Banjarmasin,Kalimantan Selatan,2025-01-18,1
496,CUST-00496,"Lalita Maulana, S.I.Kom",Korporat,Laki-laki,081269876410,taswirfirmansyah@example.com,Medan,Sumatera Utara,2025-11-06,1
497,CUST-00497,Elisa Tampubolon,Individual,Laki-laki,081239469139,dabukkehasan@example.com,Tangerang,Banten,2025-05-18,1
498,CUST-00498,Paulin Irawan,Individual,Perempuan,081289929190,ghassanah@example.org,Padang,Sumatera Barat,2025-06-07,1
499,CUST-00499,R. Purwadi Sitompul,Individual,Perempuan,081247175933,dimazpradipta@example.org,Palembang,Sumatera Selatan,2024-12-18,1
500,CUST-00500,Estiawan Budiyanto,Individual,Laki-laki,081283999916,mulyaniusyi@example.com,Manado,Sulawesi Utara,2024-09-05,0
501,CUST-00501,Erik Dabukke,Individual,Laki-laki,081223962228,ajiono58@example.com,Tangerang,Banten,2026-06-11,1
502,CUST-00502,Jono Yuliarti,Individual,Laki-laki,081264634828,sihotangpuji@example.net,Malang,Jawa Timur,2025-12-08,1
503,CUST-00503,Putri Andriani,Individual,Laki-laki,081220623996,siregardarmaji@example.org,Semarang,Jawa Tengah,2024-10-22,1
504,CUST-00504,"Lili Hidayat, M.Kom.",Bisnis,Perempuan,081210773459,,Padang,Sumatera Barat,2025-09-01,1
505,CUST-00505,"H. Najib Nababan, M.Farm",Individual,Laki-laki,081256538376,prasetyagandi@example.com,Balikpapan,Kalimantan Timur,2025-12-25,1
506,CUST-00506,Purwa Pertiwi,Bisnis,Laki-laki,081244866417,pagustina@example.com,Jakarta Pusat,DKI Jakarta,2025-02-28,1
507,CUST-00507,Umay Mardhiyah,Korporat,Laki-laki,081255389879,mardhiyahputri@example.net,Jakarta Selatan,DKI Jakarta,2026-01-16,1
508,CUST-00508,Rina Hakim,Individual,Perempuan,081269391761,saptonotania@example.com,Malang,Jawa Timur,2025-10-15,1
509,CUST-00509,Laksana Pradipta,Individual,Perempuan,081210539245,purwantijanet@example.org,Bekasi,Jawa Barat,2025-10-20,1
510,CUST-00510,Lili Agustina,Individual,Laki-laki,081243842856,ylazuardi@example.org,Yogyakarta,DI Yogyakarta,2024-10-05,1
511,CUST-00511,"Jelita Permadi, S.H.",Bisnis,Laki-laki,081234677844,prasetyosaputra@example.net,Tangerang,Banten,2025-07-15,1
512,CUST-00512,Dt. Labuh Rajata,Individual,Laki-laki,081213503560,hprasasta@example.org,Yogyakarta,DI Yogyakarta,2025-06-19,1
513,CUST-00513,Gina Hassanah,Bisnis,Laki-laki,081284173525,,Denpasar,Bali,2025-07-05,1
514,CUST-00514,Hasna Damanik,Bisnis,Laki-laki,081255946233,mutiapangestu@example.com,Malang,Jawa Timur,2025-12-28,1
515,CUST-00515,Queen Anggriawan,Individual,Laki-laki,081282272359,aardianto@example.com,Manado,Sulawesi Utara,2026-04-24,1
516,CUST-00516,Himawan Hassanah,Bisnis,Perempuan,081225061225,fmarpaung@example.org,Denpasar,Bali,2025-09-16,1
517,CUST-00517,Estiono Hartati,Bisnis,Perempuan,081290752231,elisa10@example.net,Manado,Sulawesi Utara,2025-02-03,1
518,CUST-00518,Dina Iswahyudi,Individual,Perempuan,081255232013,dianafirgantoro@example.net,Denpasar,Bali,2025-02-25,1
519,CUST-00519,"Ira Usamah, M.Kom.",Individual,Laki-laki,081232894318,diahfirgantoro@example.net,Balikpapan,Kalimantan Timur,2024-08-01,1
520,CUST-00520,"Limar Winarno, S.Kom",Bisnis,Laki-laki,081245829727,tania48@example.org,Padang,Sumatera Barat,2026-03-02,1
521,CUST-00521,R.M. Hardi Wibisono,Korporat,Laki-laki,081266508306,,Bekasi,Jawa Barat,2025-03-27,1
522,CUST-00522,Zulaikha Hasanah,Bisnis,Laki-laki,081299726933,,Malang,Jawa Timur,2025-12-19,1
523,CUST-00523,Silvia Laksita,Individual,Laki-laki,081289293538,snasyiah@example.org,Padang,Sumatera Barat,2025-06-28,1
524,CUST-00524,Jati Nurdiyanti,Individual,Laki-laki,081293056855,puspitacakrabuana@example.net,Denpasar,Bali,2026-06-06,1
525,CUST-00525,Salwa Nasyiah,Individual,Laki-laki,081267406729,lthamrin@example.org,Solo,Jawa Tengah,2025-03-19,1
526,CUST-00526,"R. Zizi Siregar, S.I.Kom",Bisnis,Laki-laki,081252128728,martanibudiman@example.net,Padang,Sumatera Barat,2025-07-13,1
527,CUST-00527,T. Taswir Lailasari,Individual,Laki-laki,081263416345,pfirgantoro@example.net,Balikpapan,Kalimantan Timur,2024-10-20,1
528,CUST-00528,Putri Laksmiwati,Bisnis,Perempuan,081268298349,lwaluyo@example.org,Palembang,Sumatera Selatan,2026-01-28,1
529,CUST-00529,"Dr. Radit Maryadi, S.E.",Bisnis,Laki-laki,081239752153,ihsaniswahyudi@example.com,Surabaya,Jawa Timur,2025-06-17,1
530,CUST-00530,Kawaca Siregar,Individual,Laki-laki,081284562232,kmarbun@example.com,Palembang,Sumatera Selatan,2025-01-20,1
531,CUST-00531,"Martana Melani, S.Psi",Individual,Perempuan,081261584362,adhiarja18@example.org,Tangerang,Banten,2025-08-31,1
532,CUST-00532,"Prayitna Pradana, S.IP",Individual,Laki-laki,081244072840,cakrawala28@example.org,Yogyakarta,DI Yogyakarta,2025-06-07,1
533,CUST-00533,R. Usyi Kurniawan,Individual,Perempuan,081280030729,satya30@example.net,Denpasar,Bali,2026-01-21,1
534,CUST-00534,"Dr. Tami Pudjiastuti, S.Pd",Korporat,Perempuan,081227794432,shutasoit@example.com,Semarang,Jawa Tengah,2026-05-15,1
535,CUST-00535,"Kadir Pudjiastuti, S.Kom",Individual,Perempuan,081277737603,,Medan,Sumatera Utara,2025-06-20,1
536,CUST-00536,"H. Cemani Kuswandari, S.Kom",Individual,Perempuan,081264134060,anggrainicemani@example.org,Balikpapan,Kalimantan Timur,2024-08-26,1
537,CUST-00537,Rahmi Kuswandari,Bisnis,Laki-laki,,wijayantimartana@example.net,Bekasi,Jawa Barat,2025-11-20,1
538,CUST-00538,Ifa Fujiati,Individual,Laki-laki,081283771071,wacanajati@example.org,Bandung,Jawa Barat,2024-08-25,1
539,CUST-00539,Galak Pradana,Korporat,Perempuan,081269260729,rahmawatigandi@example.net,Pekanbaru,Riau,2025-06-01,1
540,CUST-00540,Ilsa Hardiansyah,Individual,Perempuan,081215847745,lukmandamanik@example.net,Makassar,Sulawesi Selatan,2026-01-10,1
541,CUST-00541,Tgk. Kenari Hartati,Bisnis,Perempuan,081249270398,wahyu50@example.com,Balikpapan,Kalimantan Timur,2024-07-31,1
542,CUST-00542,Raihan Lazuardi,Bisnis,Laki-laki,081242774432,wjanuar@example.net,Manado,Sulawesi Utara,2025-07-28,1
543,CUST-00543,"Ir. Najib Usamah, M.Pd",Individual,Laki-laki,081270029084,ganda69@example.net,Banjarmasin,Kalimantan Selatan,2024-07-10,1
544,CUST-00544,Cindy Namaga,Individual,Laki-laki,081239945463,zizimustofa@example.com,Batam,Kepulauan Riau,2025-05-02,1
545,CUST-00545,"Ina Wacana, S.Kom",Individual,Perempuan,081260319777,karmanrahmawati@example.org,Surabaya,Jawa Timur,2025-03-13,1
546,CUST-00546,Harjo Yuliarti,Bisnis,Perempuan,081233854851,astutikurnia@example.net,Denpasar,Bali,2024-07-18,1
547,CUST-00547,"Hj. Ida Hasanah, S.Psi",Korporat,Laki-laki,081284681628,ltarihoran@example.net,Solo,Jawa Tengah,2026-02-14,1
548,CUST-00548,Karna Najmudin,Individual,Laki-laki,081218142963,manullangviolet@example.net,Jakarta Selatan,DKI Jakarta,2024-07-15,1
549,CUST-00549,"Dirja Waluyo, M.Kom.",Individual,Perempuan,081247407630,pnuraini@example.org,Surabaya,Jawa Timur,2024-10-24,1
550,CUST-00550,Ami Sudiati,Individual,Perempuan,081288894396,yuliartitirtayasa@example.org,Jakarta Selatan,DKI Jakarta,2026-02-24,1
551,CUST-00551,Hj. Puspa Gunarto,Korporat,Laki-laki,081218376758,nashiruddindiana@example.net,Padang,Sumatera Barat,2024-10-06,0
552,CUST-00552,Caturangga Mustofa,Individual,Perempuan,081271845187,puspasaricornelia@example.net,Banjarmasin,Kalimantan Selatan,2025-04-07,1
553,CUST-00553,Tiara Lailasari,Individual,Perempuan,081227712535,bagyaramadan@example.net,Semarang,Jawa Tengah,2026-05-29,1
554,CUST-00554,"Sutan Lasmono Suryatmi, S.Psi",Individual,Perempuan,081283944219,sinagaperkasa@example.net,Banjarmasin,Kalimantan Selatan,2025-02-12,1
555,CUST-00555,Praba Nuraini,Individual,Perempuan,081247258731,hwastuti@example.net,Batam,Kepulauan Riau,2026-04-26,1
556,CUST-00556,Ella Wijaya,Individual,Perempuan,081263653720,mahendraamelia@example.com,Bandung,Jawa Barat,2025-01-31,1
557,CUST-00557,Olivia Yuniar,Individual,Perempuan,081262991367,npudjiastuti@example.org,Banjarmasin,Kalimantan Selatan,2026-02-18,1
558,CUST-00558,Simon Situmorang,Bisnis,Laki-laki,,suartiniparis@example.org,Batam,Kepulauan Riau,2025-11-30,1
559,CUST-00559,Najwa Kuswandari,Individual,Laki-laki,081215564838,pangestusihotang@example.org,Medan,Sumatera Utara,2026-01-02,1
560,CUST-00560,Anom Permadi,Individual,Laki-laki,081254804986,vrahmawati@example.org,Padang,Sumatera Barat,2026-04-13,0
561,CUST-00561,Ir. Tantri Nainggolan,Individual,Perempuan,081268025207,,Banjarmasin,Kalimantan Selatan,2024-12-04,1
562,CUST-00562,Ami Maryati,Individual,Perempuan,081243625955,gamanto97@example.net,Batam,Kepulauan Riau,2024-12-06,1
563,CUST-00563,Endah Prasasta,Bisnis,Perempuan,,glaksita@example.net,Palembang,Sumatera Selatan,2026-01-06,1
564,CUST-00564,Oskar Manullang,Individual,Laki-laki,081242463578,safitriprasetya@example.net,Jakarta Selatan,DKI Jakarta,2026-04-14,1
565,CUST-00565,Bakiadi Marbun,Individual,Perempuan,081212890215,aprakasa@example.org,Makassar,Sulawesi Selatan,2024-06-30,1
566,CUST-00566,Sabar Sudiati,Bisnis,Laki-laki,081255226939,adinatawaluyo@example.com,Semarang,Jawa Tengah,2026-02-15,1
567,CUST-00567,Empluk Manullang,Korporat,Laki-laki,081253137463,wijayanajib@example.org,Banjarmasin,Kalimantan Selatan,2024-08-08,1
568,CUST-00568,Ir. Tari Yuniar,Individual,Laki-laki,081271293851,bakiono12@example.net,Semarang,Jawa Tengah,2024-12-05,1
569,CUST-00569,Mitra Melani,Individual,Perempuan,081273322280,situmorangdamar@example.net,Pekanbaru,Riau,2026-02-02,1
570,CUST-00570,Eva Budiyanto,Individual,Laki-laki,081290332383,,Yogyakarta,DI Yogyakarta,2025-01-22,1
571,CUST-00571,Asmianto Hassanah,Bisnis,Laki-laki,081269147065,saadatyolanda@example.org,Pekanbaru,Riau,2024-07-18,1
572,CUST-00572,"Sutan Kemba Kusmawati, S.Farm",Individual,Laki-laki,081223367704,bnashiruddin@example.com,Malang,Jawa Timur,2026-03-09,1
573,CUST-00573,Jarwa Wahyuni,Individual,Laki-laki,081250865409,puspitatasnim@example.net,Manado,Sulawesi Utara,2024-10-19,1
574,CUST-00574,Balijan Nasyidah,Korporat,Perempuan,081221641745,marwata49@example.org,Pekanbaru,Riau,2024-11-28,1
575,CUST-00575,Edi Pradipta,Individual,Perempuan,081259171269,kairavmaryati@example.net,Jakarta Pusat,DKI Jakarta,2025-03-14,1
576,CUST-00576,"Irsad Aryani, S.Farm",Individual,Laki-laki,081268265609,halimahpuji@example.com,Banjarmasin,Kalimantan Selatan,2024-08-04,1
577,CUST-00577,dr. Lanang Nuraini,Individual,Laki-laki,081291996233,mariadi89@example.org,Jakarta Pusat,DKI Jakarta,2025-11-03,1
578,CUST-00578,"Hj. Shania Wacana, M.Farm",Individual,Perempuan,081258943386,ajimanzulkarnain@example.com,Pekanbaru,Riau,2024-07-03,1
579,CUST-00579,Martana Astuti,Bisnis,Laki-laki,081295773351,mamansitumorang@example.org,Tangerang,Banten,2025-11-24,1
580,CUST-00580,"Drs. Daliman Habibi, S.Pt",Individual,Perempuan,081212227999,,Manado,Sulawesi Utara,2026-03-31,1
581,CUST-00581,Victoria Saefullah,Individual,Perempuan,081278141496,prabawa25@example.net,Tangerang,Banten,2025-08-29,1
582,CUST-00582,Lasmono Nasyiah,Individual,Perempuan,081224309033,mandasarititi@example.com,Surabaya,Jawa Timur,2025-07-07,1
583,CUST-00583,Dt. Hartana Hutagalung,Individual,Laki-laki,081245376226,gentasuryono@example.com,Banjarmasin,Kalimantan Selatan,2024-07-09,1
584,CUST-00584,"R.A. Ifa Wibowo, S.I.Kom",Individual,Perempuan,081243816937,yogasiregar@example.com,Jakarta Selatan,DKI Jakarta,2026-01-11,1
585,CUST-00585,H. Radika Narpati,Bisnis,Perempuan,,zanggraini@example.net,Jakarta Selatan,DKI Jakarta,2026-03-31,1
586,CUST-00586,"Tgk. Maya Hassanah, S.Sos",Individual,Laki-laki,081229920610,omarwibisono@example.com,Palembang,Sumatera Selatan,2025-05-16,1
587,CUST-00587,"Kunthara Padmasari, S.Pd",Individual,Laki-laki,081298947817,tania72@example.org,Medan,Sumatera Utara,2024-10-19,1
588,CUST-00588,Mila Palastri,Korporat,Perempuan,081271135599,gwacana@example.org,Denpasar,Bali,2026-02-26,1
589,CUST-00589,Tgk. Elma Hasanah,Individual,Perempuan,081242641552,jailanikuncara@example.org,Balikpapan,Kalimantan Timur,2025-12-27,1
590,CUST-00590,Vicky Hariyah,Bisnis,Laki-laki,081217861660,wsiregar@example.com,Medan,Sumatera Utara,2025-04-09,1
591,CUST-00591,"Laila Saragih, S.H.",Bisnis,Perempuan,081277106489,saiful88@example.com,Semarang,Jawa Tengah,2026-05-13,1
592,CUST-00592,Kalim Latupono,Bisnis,Laki-laki,081276148925,melindahidayanto@example.org,Surabaya,Jawa Timur,2024-10-18,1
593,CUST-00593,R.A. Jane Pratama,Individual,Laki-laki,081228843869,setyasaragih@example.org,Manado,Sulawesi Utara,2025-11-20,1
594,CUST-00594,"Ajiono Lazuardi, S.Sos",Bisnis,Perempuan,081291154048,,Jakarta Selatan,DKI Jakarta,2025-06-28,1
595,CUST-00595,Cahya Kuswoyo,Individual,Perempuan,081278336069,maryaticakrabirawa@example.com,Malang,Jawa Timur,2024-07-02,1
596,CUST-00596,"KH. Purwadi Wijaya, S.IP",Individual,Perempuan,081292503880,utamawardaya@example.com,Jakarta Pusat,DKI Jakarta,2025-03-02,1
597,CUST-00597,Rahmi Mandasari,Individual,Laki-laki,081241671734,cagustina@example.org,Makassar,Sulawesi Selatan,2024-09-01,1
598,CUST-00598,R.M. Gandewa Usamah,Individual,Laki-laki,081272815802,jelita93@example.org,Medan,Sumatera Utara,2026-01-14,1
599,CUST-00599,"Puti Salsabila Utami, M.Pd",Korporat,Perempuan,081240961987,,Bandung,Jawa Barat,2026-05-22,1
600,CUST-00600,"Drs. Yuliana Januar, M.Ak",Korporat,Perempuan,081223650773,emas82@example.org,Makassar,Sulawesi Selatan,2025-02-02,0
601,CUST-00601,"Prabowo Prayoga, S.Gz",Individual,Perempuan,,eja62@example.net,Denpasar,Bali,2025-06-24,1
602,CUST-00602,Jaswadi Saptono,Bisnis,Perempuan,081239309757,wjailani@example.org,Bekasi,Jawa Barat,2026-06-20,1
603,CUST-00603,Kartika Hidayanto,Korporat,Perempuan,081284807919,kalim04@example.org,Pekanbaru,Riau,2025-01-08,1
604,CUST-00604,Jono Pranowo,Bisnis,Perempuan,081263656376,pangestudigdaya@example.com,Yogyakarta,DI Yogyakarta,2024-12-16,1
605,CUST-00605,Vera Mulyani,Individual,Laki-laki,081221245501,kardihutagalung@example.net,Medan,Sumatera Utara,2025-05-12,1
606,CUST-00606,Gadang Laksmiwati,Bisnis,Perempuan,081230428470,raharjausamah@example.org,Banjarmasin,Kalimantan Selatan,2024-07-24,1
607,CUST-00607,Yoga Yulianti,Individual,Perempuan,081294774246,rahmawatifathonah@example.com,Palembang,Sumatera Selatan,2025-01-19,1
608,CUST-00608,Ophelia Utama,Korporat,Perempuan,081251704549,darmanmaheswara@example.org,Pekanbaru,Riau,2025-05-12,1
609,CUST-00609,Puti Aisyah Mardhiyah,Individual,Perempuan,081250074404,daniswara65@example.net,Solo,Jawa Tengah,2025-04-02,1
610,CUST-00610,Jaswadi Suryatmi,Bisnis,Laki-laki,081247179765,mulyaniganjaran@example.org,Semarang,Jawa Tengah,2024-11-02,1
611,CUST-00611,drg. Uli Santoso,Individual,Laki-laki,081264690405,sitompulnaradi@example.com,Solo,Jawa Tengah,2026-06-18,1
612,CUST-00612,"drg. Diah Laksmiwati, S.E.",Individual,Perempuan,081237480979,baktianto16@example.net,Surabaya,Jawa Timur,2024-09-24,1
613,CUST-00613,Iriana Wibisono,Individual,Perempuan,081259040100,ltarihoran@example.net,Solo,Jawa Tengah,2024-07-05,1
614,CUST-00614,Lidya Pertiwi,Individual,Laki-laki,081284576825,ytampubolon@example.org,Pekanbaru,Riau,2025-04-09,1
615,CUST-00615,Wulan Prayoga,Bisnis,Laki-laki,081264407983,wijayamaria@example.net,Medan,Sumatera Utara,2025-01-28,1
616,CUST-00616,Emong Suryatmi,Bisnis,Laki-laki,081255062268,,Solo,Jawa Tengah,2025-05-24,1
617,CUST-00617,Kalim Saptono,Individual,Laki-laki,081297482093,handayanimelinda@example.com,Jakarta Pusat,DKI Jakarta,2024-07-28,1
618,CUST-00618,Indah Oktaviani,Individual,Laki-laki,081278911330,puspasaridigdaya@example.com,Surabaya,Jawa Timur,2025-12-19,1
619,CUST-00619,Aurora Sihotang,Individual,Laki-laki,081299853666,utamapradana@example.net,Malang,Jawa Timur,2026-03-09,1
620,CUST-00620,Winda Sudiati,Individual,Laki-laki,,samosirparamita@example.org,Pekanbaru,Riau,2025-06-25,1
621,CUST-00621,Paulin Nuraini,Individual,Perempuan,081266666411,hendri26@example.com,Pekanbaru,Riau,2026-02-27,1
622,CUST-00622,Okto Haryanti,Individual,Laki-laki,081236361319,hutasoitbala@example.com,Jakarta Selatan,DKI Jakarta,2025-10-06,1
623,CUST-00623,drg. Wirda Rahayu,Bisnis,Laki-laki,081241793148,harsana39@example.com,Denpasar,Bali,2024-09-18,1
624,CUST-00624,Ina Hasanah,Korporat,Perempuan,081298288530,gantarnasyiah@example.org,Semarang,Jawa Tengah,2025-05-03,1
625,CUST-00625,"Vivi Palastri, S.I.Kom",Individual,Laki-laki,081296786388,pradiptarahmi@example.org,Surabaya,Jawa Timur,2025-02-13,1
626,CUST-00626,Cut Syahrini Prasasta,Korporat,Perempuan,081226037968,erik21@example.org,Manado,Sulawesi Utara,2025-05-20,1
627,CUST-00627,Talia Lailasari,Individual,Laki-laki,081270439433,vhasanah@example.org,Solo,Jawa Tengah,2024-09-19,1
628,CUST-00628,Taufan Yuniar,Individual,Laki-laki,081250000258,lasmono67@example.net,Padang,Sumatera Barat,2026-03-18,1
629,CUST-00629,"Cut Paramita Permata, M.Pd",Individual,Laki-laki,081293811912,fkusumo@example.net,Pekanbaru,Riau,2025-05-08,1
630,CUST-00630,"Oliva Uyainah, S.Pd",Individual,Perempuan,081216783687,purwantiellis@example.net,Solo,Jawa Tengah,2025-01-16,1
631,CUST-00631,Jessica Hardiansyah,Individual,Laki-laki,081268545444,usamahrika@example.net,Solo,Jawa Tengah,2025-05-01,1
632,CUST-00632,Puti Saragih,Individual,Laki-laki,081294802232,prasastaoliva@example.org,Palembang,Sumatera Selatan,2026-06-14,1
633,CUST-00633,Amalia Pratama,Individual,Laki-laki,081277230872,gantar47@example.net,Makassar,Sulawesi Selatan,2025-07-06,1
634,CUST-00634,"Dr. Tina Melani, M.Kom.",Individual,Laki-laki,081274333573,hardikurniawan@example.org,Jakarta Pusat,DKI Jakarta,2024-08-30,1
635,CUST-00635,Violet Zulkarnain,Individual,Laki-laki,081279645294,rkurniawan@example.org,Makassar,Sulawesi Selatan,2025-05-10,1
636,CUST-00636,Ir. Dono Nuraini,Individual,Laki-laki,,gandisudiati@example.org,Bekasi,Jawa Barat,2025-08-29,1
637,CUST-00637,Naradi Wahyuni,Individual,Laki-laki,081268706984,ajimat82@example.net,Palembang,Sumatera Selatan,2026-03-17,1
638,CUST-00638,KH. Ihsan Budiyanto,Individual,Laki-laki,081249353060,czulaika@example.com,Surabaya,Jawa Timur,2026-01-12,1
639,CUST-00639,Vino Hartati,Korporat,Perempuan,081244703290,jagaragapalastri@example.com,Padang,Sumatera Barat,2024-10-30,1
640,CUST-00640,"Eli Salahudin, S.H.",Korporat,Perempuan,081249820238,saputramaimunah@example.com,Padang,Sumatera Barat,2025-07-23,1
641,CUST-00641,Diana Wibisono,Bisnis,Laki-laki,081273606680,,Makassar,Sulawesi Selatan,2025-12-13,1
642,CUST-00642,Suci Widiastuti,Bisnis,Perempuan,081276593305,ypratama@example.com,Manado,Sulawesi Utara,2025-02-17,1
643,CUST-00643,Dr. Intan Saputra,Individual,Perempuan,081251931125,rsaefullah@example.net,Balikpapan,Kalimantan Timur,2025-12-27,1
644,CUST-00644,T. Galar Wahyuni,Individual,Perempuan,,jumaripradipta@example.org,Jakarta Pusat,DKI Jakarta,2025-11-17,1
645,CUST-00645,"R.M. Danang Zulaika, S.Psi",Individual,Laki-laki,081245620170,lestarikayla@example.net,Malang,Jawa Timur,2024-11-07,1
646,CUST-00646,"Ir. Cayadi Kuswandari, S.I.Kom",Individual,Perempuan,081277564504,saragihkawaya@example.net,Medan,Sumatera Utara,2025-09-03,1
647,CUST-00647,Yessi Sinaga,Individual,Perempuan,081223828230,santosoedi@example.net,Medan,Sumatera Utara,2024-09-11,1
648,CUST-00648,"Puti Michelle Rajata, S.E.",Individual,Laki-laki,081288182434,,Bekasi,Jawa Barat,2025-10-02,1
649,CUST-00649,Diah Maulana,Individual,Laki-laki,081283191709,rmanullang@example.net,Jakarta Pusat,DKI Jakarta,2025-04-19,1
650,CUST-00650,Gandewa Zulaika,Individual,Laki-laki,081256882104,xanggriawan@example.com,Manado,Sulawesi Utara,2024-12-25,1
651,CUST-00651,Kurnia Napitupulu,Individual,Laki-laki,081254844364,vbudiman@example.org,Solo,Jawa Tengah,2024-12-31,1
652,CUST-00652,"Bakiman Safitri, M.Ak",Bisnis,Perempuan,081257308186,aslijan77@example.net,Pekanbaru,Riau,2024-07-25,1
653,CUST-00653,Jindra Tampubolon,Bisnis,Perempuan,081281498267,fujiatimelinda@example.net,Surabaya,Jawa Timur,2026-01-08,0
654,CUST-00654,Drs. Nadine Firmansyah,Individual,Laki-laki,,wyulianti@example.net,Semarang,Jawa Tengah,2025-12-12,1
655,CUST-00655,Maman Permata,Bisnis,Perempuan,081274550252,wadi94@example.org,Makassar,Sulawesi Selatan,2025-09-12,1
656,CUST-00656,"Talia Megantara, S.Kom",Individual,Perempuan,081282284934,tusamah@example.com,Tangerang,Banten,2024-11-12,0
657,CUST-00657,Bagiya Prakasa,Bisnis,Laki-laki,081245606307,waskitadaryani@example.net,Denpasar,Bali,2026-01-06,1
658,CUST-00658,Dt. Yosef Jailani,Individual,Perempuan,081235266814,hariyahrafid@example.org,Batam,Kepulauan Riau,2026-03-30,1
659,CUST-00659,Anom Simanjuntak,Individual,Perempuan,081252374570,pertiwicinta@example.org,Batam,Kepulauan Riau,2025-12-10,1
660,CUST-00660,Irwan Halim,Individual,Laki-laki,081249402243,ratih78@example.org,Makassar,Sulawesi Selatan,2025-06-14,1
661,CUST-00661,Cut Ira Kuswandari,Individual,Laki-laki,081293300884,onapitupulu@example.org,Padang,Sumatera Barat,2025-07-06,1
662,CUST-00662,Hasna Andriani,Bisnis,Laki-laki,081245963548,elonnapitupulu@example.com,Tangerang,Banten,2025-09-24,1
663,CUST-00663,"Uli Zulkarnain, S.Psi",Individual,Perempuan,,lidyahasanah@example.net,Bekasi,Jawa Barat,2025-06-24,1
664,CUST-00664,"Talia Handayani, M.Pd",Individual,Perempuan,081264347904,jumadi69@example.org,Tangerang,Banten,2025-08-21,1
665,CUST-00665,"Puti Ira Simbolon, S.Sos",Individual,Laki-laki,081258645007,urahmawati@example.org,Surabaya,Jawa Timur,2025-07-17,1
666,CUST-00666,"Gasti Hidayat, M.Farm",Bisnis,Perempuan,081289251597,nyulianti@example.net,Yogyakarta,DI Yogyakarta,2025-07-26,1
667,CUST-00667,Kasiran Prasetyo,Bisnis,Laki-laki,081227330511,ctampubolon@example.com,Yogyakarta,DI Yogyakarta,2025-09-12,1
668,CUST-00668,Yunita Farida,Individual,Laki-laki,,swacana@example.com,Pekanbaru,Riau,2024-08-10,1
669,CUST-00669,Mariadi Budiman,Individual,Laki-laki,081223730688,santosonurul@example.net,Pekanbaru,Riau,2024-09-01,1
670,CUST-00670,Aditya Haryanto,Bisnis,Perempuan,081295767317,tirtalaksita@example.com,Balikpapan,Kalimantan Timur,2024-12-15,1
671,CUST-00671,Anastasia Puspita,Individual,Perempuan,081292157723,ramadanshania@example.net,Bekasi,Jawa Barat,2026-02-07,1
672,CUST-00672,"Gilang Nasyiah, S.Ked",Individual,Perempuan,081284455413,zmaryati@example.net,Pekanbaru,Riau,2024-10-05,1
673,CUST-00673,Kiandra Haryanti,Korporat,Perempuan,081270660307,ajiminkusmawati@example.org,Jakarta Selatan,DKI Jakarta,2024-08-27,1
674,CUST-00674,Dadi Utami,Bisnis,Laki-laki,081217867256,hhakim@example.net,Manado,Sulawesi Utara,2026-02-06,1
675,CUST-00675,Gara Sihombing,Individual,Perempuan,081277253220,kurniawansakti@example.com,Surabaya,Jawa Timur,2026-05-15,1
676,CUST-00676,KH. Darmanto Utami,Korporat,Laki-laki,081217677178,jnurdiyanti@example.com,Jakarta Pusat,DKI Jakarta,2025-08-08,1
677,CUST-00677,Diana Januar,Bisnis,Perempuan,081239591855,ihutagalung@example.org,Bekasi,Jawa Barat,2025-12-10,1
678,CUST-00678,R. Dalima Siregar,Individual,Perempuan,081290135644,lrahmawati@example.com,Surabaya,Jawa Timur,2025-11-16,1
679,CUST-00679,Cici Siregar,Individual,Laki-laki,081244726177,,Semarang,Jawa Tengah,2024-12-04,1
680,CUST-00680,Wirda Prabowo,Individual,Laki-laki,081264017261,darumegantara@example.org,Balikpapan,Kalimantan Timur,2024-07-16,1
681,CUST-00681,"Ir. Kartika Padmasari, M.TI.",Individual,Laki-laki,081262504139,suryonodwi@example.net,Solo,Jawa Tengah,2025-09-01,1
682,CUST-00682,Qori Mayasari,Individual,Perempuan,081235454172,yance89@example.net,Denpasar,Bali,2025-06-12,1
683,CUST-00683,Wahyu Suryatmi,Individual,Laki-laki,081256454158,dalionozulkarnain@example.net,Makassar,Sulawesi Selatan,2025-01-10,1
684,CUST-00684,Heru Kuswoyo,Bisnis,Perempuan,081226102890,,Bandung,Jawa Barat,2024-10-18,1
685,CUST-00685,Victoria Riyanti,Individual,Perempuan,081214650131,prayogamulyani@example.com,Padang,Sumatera Barat,2024-10-18,1
686,CUST-00686,Karimah Anggriawan,Individual,Perempuan,081271136886,prabowobala@example.net,Batam,Kepulauan Riau,2025-02-11,1
687,CUST-00687,"R. Nugraha Saragih, S.Ked",Individual,Laki-laki,081266870548,,Pekanbaru,Riau,2025-05-17,1
688,CUST-00688,Tania Wahyudin,Individual,Laki-laki,081286231721,puspitamanah@example.org,Medan,Sumatera Utara,2025-05-16,1
689,CUST-00689,Drajat Purwanti,Bisnis,Perempuan,081284292298,saragihmahmud@example.net,Medan,Sumatera Utara,2024-08-01,1
690,CUST-00690,Rahmat Prabowo,Individual,Laki-laki,081257146046,ppadmasari@example.org,Jakarta Pusat,DKI Jakarta,2025-04-06,1
691,CUST-00691,Fitria Wacana,Individual,Laki-laki,081295036084,,Jakarta Pusat,DKI Jakarta,2025-07-27,1
692,CUST-00692,Kamila Sitorus,Individual,Laki-laki,081261647615,,Banjarmasin,Kalimantan Selatan,2024-09-23,1
693,CUST-00693,Farhunnisa Sudiati,Individual,Perempuan,081296732874,manullangeva@example.org,Jakarta Pusat,DKI Jakarta,2025-03-06,1
694,CUST-00694,Puti Hesti Hassanah,Individual,Perempuan,081234250001,bakiadirajasa@example.org,Manado,Sulawesi Utara,2025-03-16,1
695,CUST-00695,Kamidin Halimah,Individual,Perempuan,081277350946,simbolondipa@example.net,Manado,Sulawesi Utara,2024-07-01,1
696,CUST-00696,Sakti Mansur,Korporat,Perempuan,081264112743,jagahariyah@example.net,Banjarmasin,Kalimantan Selatan,2026-03-24,1
697,CUST-00697,Kawaya Nugroho,Individual,Perempuan,081296714139,nilammandala@example.org,Solo,Jawa Tengah,2025-01-18,1
698,CUST-00698,Amalia Laksita,Individual,Perempuan,081270000460,gatot63@example.com,Batam,Kepulauan Riau,2024-11-21,1
699,CUST-00699,"Tgk. Caturangga Kusmawati, S.Sos",Korporat,Laki-laki,081215361025,halimamalia@example.com,Padang,Sumatera Barat,2025-11-23,1
700,CUST-00700,"Virman Kuswoyo, S.IP",Individual,Laki-laki,081212895708,opunghartati@example.org,Denpasar,Bali,2025-09-07,1
701,CUST-00701,KH. Caraka Pradana,Individual,Laki-laki,081255948480,safitriolga@example.net,Batam,Kepulauan Riau,2025-01-19,1
702,CUST-00702,Tgk. Caraka Wahyuni,Individual,Perempuan,081245791829,xwasita@example.com,Banjarmasin,Kalimantan Selatan,2024-07-29,1
703,CUST-00703,Lala Mandala,Bisnis,Laki-laki,081215216329,prakasaopung@example.com,Solo,Jawa Tengah,2025-03-26,1
704,CUST-00704,Heryanto Mansur,Individual,Laki-laki,081260483559,jtarihoran@example.com,Solo,Jawa Tengah,2026-01-12,1
705,CUST-00705,"R. Siti Manullang, S.E.",Individual,Laki-laki,081253011537,cawisadisimbolon@example.net,Palembang,Sumatera Selatan,2025-09-08,1
706,CUST-00706,Drs. Balangga Sitompul,Individual,Perempuan,081281379489,balijansaputra@example.com,Banjarmasin,Kalimantan Selatan,2026-05-06,1
707,CUST-00707,drg. Febi Nasyidah,Individual,Perempuan,,gsaptono@example.org,Bekasi,Jawa Barat,2025-10-06,0
708,CUST-00708,Ulya Nugroho,Individual,Perempuan,081249027207,janet54@example.com,Tangerang,Banten,2025-06-12,1
709,CUST-00709,"R. Maida Samosir, M.Farm",Individual,Laki-laki,081227690076,,Surabaya,Jawa Timur,2026-01-02,1
710,CUST-00710,"KH. Radika Pradipta, M.Pd",Individual,Laki-laki,081220246401,banara67@example.org,Pekanbaru,Riau,2026-03-05,1
711,CUST-00711,Opung Wibowo,Individual,Perempuan,081236014951,,Padang,Sumatera Barat,2025-09-06,1
712,CUST-00712,Zizi Wibisono,Korporat,Perempuan,081249593527,entengwijayanti@example.net,Bandung,Jawa Barat,2024-10-04,1
713,CUST-00713,"Kalim Utami, S.Pd",Individual,Laki-laki,081218213521,ranggraini@example.org,Jakarta Selatan,DKI Jakarta,2025-04-10,1
714,CUST-00714,"Drs. Edi Firgantoro, S.Gz",Individual,Laki-laki,081296573065,bancarramadan@example.net,Bandung,Jawa Barat,2025-06-28,1
715,CUST-00715,dr. Ibrahim Wasita,Individual,Perempuan,081299930198,kurniahardiansyah@example.org,Malang,Jawa Timur,2026-04-24,1
716,CUST-00716,"Ir. Tirtayasa Pratiwi, M.M.",Individual,Laki-laki,081248596799,rmulyani@example.com,Bandung,Jawa Barat,2025-04-12,1
717,CUST-00717,"Amelia Purnawati, S.T.",Individual,Laki-laki,,jais96@example.net,Balikpapan,Kalimantan Timur,2024-08-21,1
718,CUST-00718,Maria Nasyidah,Individual,Perempuan,081253459814,cahyonolatupono@example.net,Surabaya,Jawa Timur,2025-10-27,1
719,CUST-00719,Parman Fujiati,Bisnis,Perempuan,081287143610,yolandaprabawa@example.net,Balikpapan,Kalimantan Timur,2025-04-18,1
720,CUST-00720,KH. Kusuma Prasetya,Individual,Laki-laki,081273885022,imam93@example.org,Manado,Sulawesi Utara,2024-08-01,1
721,CUST-00721,Jarwadi Latupono,Individual,Laki-laki,081269322685,lulut11@example.org,Malang,Jawa Timur,2025-02-24,0
722,CUST-00722,R.A. Zahra Hardiansyah,Individual,Perempuan,081254299413,,Pekanbaru,Riau,2026-03-02,1
723,CUST-00723,KH. Purwanto Uyainah,Individual,Laki-laki,081291125012,jais30@example.net,Medan,Sumatera Utara,2025-04-23,1
724,CUST-00724,Garang Nurdiyanti,Individual,Laki-laki,081277783806,oktarahayu@example.net,Semarang,Jawa Tengah,2024-09-02,1
725,CUST-00725,Bahuraksa Purnawati,Individual,Perempuan,081259711179,pratamavanesa@example.com,Denpasar,Bali,2025-06-16,1
726,CUST-00726,Zelaya Hartati,Individual,Laki-laki,081271592194,yance68@example.com,Pekanbaru,Riau,2024-10-04,1
727,CUST-00727,Nyana Putra,Individual,Perempuan,081224315535,prasetyaghaliyati@example.com,Padang,Sumatera Barat,2025-04-25,1
728,CUST-00728,Janet Dabukke,Bisnis,Laki-laki,081230453504,atmaja31@example.com,Pekanbaru,Riau,2026-02-25,1
729,CUST-00729,"Murti Prastuti, M.TI.",Bisnis,Perempuan,,prastutimumpuni@example.net,Padang,Sumatera Barat,2024-09-04,1
730,CUST-00730,"Langgeng Saragih, S.H.",Individual,Laki-laki,081293276333,mandalaprabawa@example.net,Bekasi,Jawa Barat,2025-10-22,1
731,CUST-00731,"Vanya Lazuardi, S.E.",Individual,Laki-laki,081286532391,nhutapea@example.org,Solo,Jawa Tengah,2025-01-18,1
732,CUST-00732,Nurul Andriani,Individual,Laki-laki,081239647946,uchita29@example.org,Medan,Sumatera Utara,2024-11-17,1
733,CUST-00733,drg. Vicky Laksmiwati,Individual,Laki-laki,081277960211,vyolanda@example.com,Bekasi,Jawa Barat,2025-09-29,1
734,CUST-00734,Julia Maryadi,Bisnis,Laki-laki,081272291916,sudiatimitra@example.org,Palembang,Sumatera Selatan,2024-07-08,1
735,CUST-00735,Dt. Nyana Pertiwi,Korporat,Laki-laki,081257297673,puspitaharimurti@example.org,Padang,Sumatera Barat,2026-01-19,1
736,CUST-00736,"Bella Wijaya, S.Pd",Individual,Laki-laki,081285008482,kaniasudiati@example.net,Pekanbaru,Riau,2024-08-29,1
737,CUST-00737,Kajen Wastuti,Individual,Laki-laki,,hartaka55@example.com,Medan,Sumatera Utara,2025-09-17,1
738,CUST-00738,Wirda Hasanah,Individual,Laki-laki,081241833940,,Solo,Jawa Tengah,2026-04-05,0
739,CUST-00739,Ganjaran Oktaviani,Individual,Laki-laki,081262178929,,Balikpapan,Kalimantan Timur,2026-05-05,1
740,CUST-00740,Tgk. Padma Wibowo,Individual,Laki-laki,081221236609,cici17@example.net,Solo,Jawa Tengah,2025-09-17,1
741,CUST-00741,Uchita Megantara,Individual,Laki-laki,081214534723,estiono82@example.net,Jakarta Selatan,DKI Jakarta,2025-07-27,1
742,CUST-00742,Hardi Maryadi,Individual,Perempuan,081229295141,yosefmaryati@example.net,Solo,Jawa Tengah,2026-06-15,1
743,CUST-00743,Umar Jailani,Individual,Perempuan,081297457147,winarnoedison@example.org,Padang,Sumatera Barat,2025-10-12,1
744,CUST-00744,"Cakrawala Lazuardi, S.Ked",Bisnis,Perempuan,081225502056,ulisimanjuntak@example.org,Banjarmasin,Kalimantan Selatan,2025-02-10,1
745,CUST-00745,Olga Simanjuntak,Individual,Perempuan,081242699624,tugimanmustofa@example.org,Jakarta Selatan,DKI Jakarta,2026-06-16,1
746,CUST-00746,"Ophelia Wahyudin, S.Farm",Individual,Perempuan,081254433598,salwatamba@example.net,Pekanbaru,Riau,2026-04-11,1
747,CUST-00747,Unggul Lestari,Individual,Laki-laki,081260664730,zulkarnainyani@example.org,Jakarta Pusat,DKI Jakarta,2025-10-26,1
748,CUST-00748,Jindra Ramadan,Individual,Laki-laki,081296392800,oktavianidiana@example.org,Solo,Jawa Tengah,2025-07-02,0
749,CUST-00749,Ophelia Hassanah,Bisnis,Perempuan,081241624096,emplukputra@example.com,Padang,Sumatera Barat,2024-06-24,1
750,CUST-00750,Jaga Fujiati,Individual,Perempuan,081291589081,yanceardianto@example.com,Yogyakarta,DI Yogyakarta,2025-01-29,0
751,CUST-00751,"Harsana Saputra, S.Farm",Bisnis,Laki-laki,081256832497,ibrani31@example.net,Bekasi,Jawa Barat,2025-11-07,1
752,CUST-00752,Baktiadi Pangestu,Korporat,Laki-laki,081267580115,dianmaheswara@example.net,Solo,Jawa Tengah,2024-12-27,1
753,CUST-00753,Dr. Karman Kuswoyo,Individual,Laki-laki,081210445538,hamzahsaefullah@example.net,Jakarta Pusat,DKI Jakarta,2026-01-20,1
754,CUST-00754,Tina Susanti,Individual,Perempuan,081256816264,wardiramadan@example.com,Bekasi,Jawa Barat,2025-07-06,1
755,CUST-00755,Maryanto Wulandari,Individual,Perempuan,081227224273,dmardhiyah@example.org,Banjarmasin,Kalimantan Selatan,2026-02-11,1
756,CUST-00756,Ilsa Sitorus,Individual,Perempuan,081295937303,haryantobagas@example.net,Solo,Jawa Tengah,2026-02-12,1
757,CUST-00757,"Puti Vanesa Wahyuni, M.M.",Individual,Perempuan,081277656656,hassanahalika@example.org,Jakarta Selatan,DKI Jakarta,2025-08-29,0
758,CUST-00758,"R. Lalita Adriansyah, S.Kom",Bisnis,Laki-laki,081260764134,,Banjarmasin,Kalimantan Selatan,2024-07-20,1
759,CUST-00759,Latif Hakim,Individual,Perempuan,081292414892,legawaadriansyah@example.com,Medan,Sumatera Utara,2025-05-30,1
760,CUST-00760,Rachel Widodo,Individual,Perempuan,,wwahyudin@example.org,Bandung,Jawa Barat,2024-11-29,1
761,CUST-00761,"drg. Mustofa Safitri, M.TI.",Bisnis,Perempuan,081232807318,icha17@example.net,Tangerang,Banten,2026-02-11,1
762,CUST-00762,Latika Mandasari,Individual,Laki-laki,081258814702,wacanaoman@example.net,Malang,Jawa Timur,2024-08-20,1
763,CUST-00763,Titin Tarihoran,Bisnis,Laki-laki,081289317535,usaefullah@example.net,Batam,Kepulauan Riau,2025-08-10,1
764,CUST-00764,Karsana Zulkarnain,Individual,Laki-laki,,puspitagadang@example.net,Banjarmasin,Kalimantan Selatan,2025-12-03,1
765,CUST-00765,"H. Ibrahim Manullang, S.Gz",Bisnis,Laki-laki,081285559422,vrajata@example.org,Palembang,Sumatera Selatan,2024-11-25,1
766,CUST-00766,"Ir. Tami Jailani, S.Pd",Korporat,Perempuan,081229287246,mandasariprayitna@example.org,Semarang,Jawa Tengah,2025-06-06,1
767,CUST-00767,"Kasim Pangestu, S.Farm",Individual,Perempuan,081256874929,putrapuput@example.net,Manado,Sulawesi Utara,2024-10-12,1
768,CUST-00768,Latika Maheswara,Individual,Perempuan,081229588096,luis55@example.com,Surabaya,Jawa Timur,2026-05-01,1
769,CUST-00769,Zalindra Natsir,Korporat,Perempuan,081288562577,utamadanang@example.com,Solo,Jawa Tengah,2025-10-13,1
770,CUST-00770,KH. Bagya Palastri,Individual,Perempuan,081243704009,panduuyainah@example.net,Jakarta Selatan,DKI Jakarta,2025-12-12,1
771,CUST-00771,"Puti Endah Marpaung, S.Sos",Individual,Laki-laki,081287612391,mariadi42@example.org,Semarang,Jawa Tengah,2024-07-31,1
772,CUST-00772,"Sutan Galak Thamrin, M.Pd",Individual,Perempuan,081220131477,utamiluwar@example.net,Makassar,Sulawesi Selatan,2024-10-20,1
773,CUST-00773,Zelda Agustina,Individual,Laki-laki,081261871427,kaniaprabowo@example.org,Batam,Kepulauan Riau,2024-10-12,1
774,CUST-00774,"Tri Namaga, S.I.Kom",Individual,Perempuan,081246708291,ositompul@example.org,Yogyakarta,DI Yogyakarta,2024-11-10,1
775,CUST-00775,Erik Mangunsong,Individual,Laki-laki,081267808931,,Tangerang,Banten,2024-10-22,1
776,CUST-00776,Tiara Riyanti,Korporat,Laki-laki,081242196092,ozy90@example.com,Yogyakarta,DI Yogyakarta,2026-04-30,1
777,CUST-00777,Cakrajiya Mandala,Bisnis,Perempuan,081276121354,halimwarsa@example.org,Malang,Jawa Timur,2025-10-06,1
778,CUST-00778,Elon Rahmawati,Individual,Laki-laki,081294332806,agustinadaliman@example.net,Denpasar,Bali,2026-04-02,1
779,CUST-00779,Sadina Handayani,Individual,Laki-laki,081242333731,ghakim@example.com,Bandung,Jawa Barat,2024-06-23,1
780,CUST-00780,"Hj. Hamima Sitompul, S.E.I",Individual,Perempuan,081236926588,padmabudiman@example.net,Pekanbaru,Riau,2025-06-08,1
781,CUST-00781,Mahesa Suartini,Individual,Perempuan,081228641538,ganda38@example.org,Tangerang,Banten,2024-09-03,1
782,CUST-00782,"Dr. Ira Sihombing, S.Kom",Individual,Perempuan,,,Jakarta Pusat,DKI Jakarta,2025-03-05,1
783,CUST-00783,"Cut Yessi Marpaung, S.IP",Individual,Perempuan,081263090012,prakosanarpati@example.org,Tangerang,Banten,2026-01-14,1
784,CUST-00784,"Luwes Mansur, S.Pt",Individual,Perempuan,081274487477,mandalamelinda@example.net,Surabaya,Jawa Timur,2024-07-09,1
785,CUST-00785,"Cut Yani Setiawan, S.E.I",Individual,Laki-laki,081280115678,opermadi@example.com,Tangerang,Banten,2024-08-06,1
786,CUST-00786,Jayadi Uyainah,Individual,Perempuan,081295976588,violet46@example.org,Jakarta Pusat,DKI Jakarta,2025-05-17,1
787,CUST-00787,Lurhur Oktaviani,Individual,Laki-laki,081252938833,wardayaastuti@example.org,Jakarta Selatan,DKI Jakarta,2025-10-02,1
788,CUST-00788,"Dt. Candrakanta Marbun, S.E.",Individual,Perempuan,081215170502,setya84@example.org,Medan,Sumatera Utara,2025-12-19,1
789,CUST-00789,Ir. Nadine Mustofa,Bisnis,Laki-laki,,halimunjani@example.net,Surabaya,Jawa Timur,2024-11-15,1
790,CUST-00790,"Cahyono Wibisono, S.Sos",Bisnis,Laki-laki,081294051073,maryantohutapea@example.org,Malang,Jawa Timur,2026-04-16,1
791,CUST-00791,Ulya Prasetyo,Individual,Laki-laki,081262332694,alika58@example.org,Bekasi,Jawa Barat,2025-05-03,1
792,CUST-00792,"Tgk. Rahmi Yuniar, S.Gz",Individual,Perempuan,081251907650,,Malang,Jawa Timur,2024-09-21,1
793,CUST-00793,Mumpuni Situmorang,Individual,Laki-laki,081261663625,karsana20@example.com,Balikpapan,Kalimantan Timur,2025-08-14,1
794,CUST-00794,Cinta Farida,Individual,Perempuan,081239221231,epudjiastuti@example.com,Tangerang,Banten,2025-09-22,0
795,CUST-00795,"dr. Balapati Samosir, S.Pd",Individual,Perempuan,081293360565,limaruwais@example.com,Padang,Sumatera Barat,2025-11-27,1
796,CUST-00796,Jaswadi Hariyah,Bisnis,Laki-laki,,lmegantara@example.com,Surabaya,Jawa Timur,2024-08-21,1
797,CUST-00797,Kala Hartati,Individual,Laki-laki,081273527321,perkasa97@example.com,Solo,Jawa Tengah,2026-03-19,1
798,CUST-00798,Uchita Samosir,Individual,Laki-laki,,noviardianto@example.com,Malang,Jawa Timur,2024-10-31,1
799,CUST-00799,Hesti Safitri,Individual,Laki-laki,081213694962,xprakasa@example.net,Padang,Sumatera Barat,2025-09-22,0
800,CUST-00800,Agus Pratama,Bisnis,Laki-laki,081254135517,iswahyudilaila@example.com,Solo,Jawa Tengah,2024-10-02,1
801,CUST-00801,Tedi Manullang,Individual,Perempuan,081246403911,dadapirawan@example.net,Malang,Jawa Timur,2025-06-09,0
802,CUST-00802,Gamani Sitorus,Individual,Perempuan,081296884960,ajiminzulkarnain@example.org,Bekasi,Jawa Barat,2026-03-29,1
803,CUST-00803,"Dr. Tira Palastri, S.E.I",Individual,Perempuan,081225629178,vjailani@example.com,Solo,Jawa Tengah,2025-04-25,1
804,CUST-00804,Iriana Narpati,Individual,Perempuan,081277644428,ymangunsong@example.org,Manado,Sulawesi Utara,2026-05-12,1
805,CUST-00805,Sari Prasasta,Bisnis,Perempuan,081220994792,ohutasoit@example.org,Yogyakarta,DI Yogyakarta,2024-09-05,1
806,CUST-00806,"Dt. Abyasa Hartati, S.IP",Individual,Perempuan,081259385100,napitupulucecep@example.net,Surabaya,Jawa Timur,2025-07-23,1
807,CUST-00807,Ozy Suryono,Individual,Perempuan,081263428043,kalim40@example.com,Bandung,Jawa Barat,2025-07-25,1
808,CUST-00808,Yessi Budiyanto,Individual,Perempuan,081258976321,hsuryatmi@example.org,Medan,Sumatera Utara,2026-01-09,1
809,CUST-00809,Michelle Nugroho,Korporat,Perempuan,081256078245,gandi40@example.com,Bekasi,Jawa Barat,2025-05-03,1
810,CUST-00810,Ratih Nashiruddin,Bisnis,Perempuan,,dkusumo@example.net,Yogyakarta,DI Yogyakarta,2024-11-22,1
811,CUST-00811,"Ir. Puti Kuswandari, S.Gz",Individual,Perempuan,081263832429,winarsihnilam@example.net,Bandung,Jawa Barat,2025-03-25,1
812,CUST-00812,Jelita Lailasari,Korporat,Perempuan,,labuh84@example.org,Batam,Kepulauan Riau,2025-06-29,1
813,CUST-00813,Dr. Zamira Hastuti,Individual,Perempuan,081223320717,prabu47@example.net,Palembang,Sumatera Selatan,2025-10-24,1
814,CUST-00814,Darman Nurdiyanti,Individual,Laki-laki,081271683451,ejanuar@example.org,Solo,Jawa Tengah,2024-10-22,1
815,CUST-00815,Darmanto Sitompul,Individual,Perempuan,081254170928,upikwidiastuti@example.net,Bandung,Jawa Barat,2024-10-23,1
816,CUST-00816,"Tgk. Wasis Safitri, S.IP",Individual,Perempuan,081245724029,aisyahnajmudin@example.com,Palembang,Sumatera Selatan,2026-03-17,1
817,CUST-00817,Arsipatra Hasanah,Individual,Perempuan,081287282931,,Manado,Sulawesi Utara,2026-04-27,1
818,CUST-00818,Ophelia Haryanto,Individual,Laki-laki,,umar27@example.net,Palembang,Sumatera Selatan,2025-07-24,1
819,CUST-00819,H. Ghani Purnawati,Bisnis,Laki-laki,081211269989,salwa90@example.org,Jakarta Pusat,DKI Jakarta,2025-07-17,1
820,CUST-00820,Rudi Nurdiyanti,Individual,Laki-laki,081282800579,nurainivero@example.org,Malang,Jawa Timur,2026-04-05,1
821,CUST-00821,Ami Fujiati,Individual,Perempuan,081287058404,utamamaryati@example.net,Makassar,Sulawesi Selatan,2025-12-17,1
822,CUST-00822,Bakidin Nainggolan,Individual,Laki-laki,081247951564,prasetyabaktiadi@example.net,Malang,Jawa Timur,2025-10-22,1
823,CUST-00823,Hj. Zelda Sitompul,Individual,Laki-laki,081257660139,pangestuilyas@example.com,Bandung,Jawa Barat,2025-10-24,1
824,CUST-00824,"Hj. Paris Nababan, S.I.Kom",Individual,Laki-laki,081296806089,jumadisaragih@example.org,Pekanbaru,Riau,2024-09-18,1
825,CUST-00825,"Aurora Marpaung, S.Psi",Korporat,Laki-laki,081227049872,ipuspasari@example.com,Padang,Sumatera Barat,2024-10-19,1
826,CUST-00826,Sabar Samosir,Individual,Laki-laki,081257454612,dwijaya@example.com,Tangerang,Banten,2024-09-12,1
827,CUST-00827,"T. Jefri Santoso, S.Psi",Individual,Laki-laki,081275240734,gambirautama@example.com,Denpasar,Bali,2024-08-27,1
828,CUST-00828,Vivi Pudjiastuti,Individual,Perempuan,081242590480,pertiwiluluh@example.org,Surabaya,Jawa Timur,2026-06-19,1
829,CUST-00829,"KH. Lutfan Natsir, S.E.I",Individual,Laki-laki,081265931079,nugrohomulya@example.org,Solo,Jawa Tengah,2024-10-31,1
830,CUST-00830,Ana Sitorus,Individual,Laki-laki,081235910135,raditya63@example.net,Banjarmasin,Kalimantan Selatan,2025-11-29,1
831,CUST-00831,Siska Sitorus,Individual,Perempuan,081274550305,wahyuniprakosa@example.org,Surabaya,Jawa Timur,2026-01-19,1
832,CUST-00832,"Prabu Mulyani, S.Farm",Bisnis,Perempuan,081245444823,lpertiwi@example.com,Solo,Jawa Tengah,2026-04-27,1
833,CUST-00833,Jaswadi Kuswandari,Individual,Laki-laki,081231034028,harja81@example.com,Solo,Jawa Tengah,2025-04-18,1
834,CUST-00834,"Nardi Pradipta, S.Gz",Individual,Perempuan,081280882846,,Padang,Sumatera Barat,2024-07-14,1
835,CUST-00835,"Jinawi Mulyani, M.M.",Individual,Perempuan,081276523479,ozy92@example.net,Jakarta Pusat,DKI Jakarta,2025-04-17,1
836,CUST-00836,"Puti Dinda Jailani, S.Kom",Individual,Laki-laki,081210608718,nprasetyo@example.com,Banjarmasin,Kalimantan Selatan,2025-02-10,1
837,CUST-00837,Ir. Warsita Puspita,Individual,Laki-laki,081267400069,pratiwihasim@example.org,Surabaya,Jawa Timur,2025-02-28,1
838,CUST-00838,"Drs. Harimurti Hastuti, S.Kom",Bisnis,Perempuan,081266271147,panggraini@example.net,Solo,Jawa Tengah,2026-06-07,1
839,CUST-00839,Uda Damanik,Individual,Laki-laki,081224956679,faridaedward@example.net,Semarang,Jawa Tengah,2025-11-08,1
840,CUST-00840,Dewi Lazuardi,Individual,Laki-laki,081241593225,lantar80@example.org,Manado,Sulawesi Utara,2025-09-22,0
841,CUST-00841,Malika Rajata,Individual,Perempuan,081239331148,suryonolega@example.org,Medan,Sumatera Utara,2025-10-31,1
842,CUST-00842,"Sutan Dono Wibisono, S.IP",Bisnis,Perempuan,081216027329,rangga44@example.org,Medan,Sumatera Utara,2024-07-04,1
843,CUST-00843,"Lamar Laksmiwati, S.IP",Individual,Perempuan,081295201923,gamantobudiyanto@example.net,Malang,Jawa Timur,2024-07-06,1
844,CUST-00844,Carub Adriansyah,Individual,Perempuan,081230520287,uyainahjaiman@example.org,Bekasi,Jawa Barat,2025-11-15,1
845,CUST-00845,"R.M. Karta Prastuti, S.Farm",Individual,Laki-laki,081291740343,cahyadi33@example.net,Bekasi,Jawa Barat,2026-04-29,1
846,CUST-00846,Rini Kusmawati,Individual,Laki-laki,081274443626,gatra77@example.net,Banjarmasin,Kalimantan Selatan,2025-07-11,1
847,CUST-00847,Drs. Icha Siregar,Individual,Perempuan,081277200094,malaardianto@example.org,Semarang,Jawa Tengah,2024-11-11,1
848,CUST-00848,"H. Agus Usamah, S.IP",Korporat,Laki-laki,081267760864,hafshahoktaviani@example.com,Manado,Sulawesi Utara,2025-12-28,1
849,CUST-00849,Drs. Elon Hutagalung,Bisnis,Perempuan,081289956315,najmudinadikara@example.org,Jakarta Pusat,DKI Jakarta,2025-02-06,1
850,CUST-00850,Hj. Tari Puspita,Individual,Perempuan,,rahayuerik@example.net,Jakarta Selatan,DKI Jakarta,2024-11-06,1
851,CUST-00851,Gasti Prasetyo,Individual,Laki-laki,081289795969,xnugroho@example.org,Banjarmasin,Kalimantan Selatan,2024-08-18,1
852,CUST-00852,drg. Eli Saragih,Individual,Laki-laki,081263858555,permataheryanto@example.net,Medan,Sumatera Utara,2026-02-22,1
853,CUST-00853,Vivi Usamah,Individual,Laki-laki,081294874117,irwan19@example.net,Malang,Jawa Timur,2026-01-29,1
854,CUST-00854,Taswir Puspasari,Individual,Perempuan,081295385298,wibisonorahmi@example.com,Surabaya,Jawa Timur,2025-09-28,1
855,CUST-00855,Queen Halimah,Korporat,Laki-laki,081290145478,sakurasiregar@example.org,Bandung,Jawa Barat,2024-08-28,1
856,CUST-00856,"Drs. Jessica Melani, M.Kom.",Individual,Perempuan,081251755995,chandra33@example.com,Tangerang,Banten,2024-11-17,1
857,CUST-00857,"Mumpuni Anggriawan, M.Farm",Individual,Perempuan,081297981510,laksmiwatipadmi@example.net,Semarang,Jawa Tengah,2025-01-13,1
858,CUST-00858,Sari Pratama,Individual,Perempuan,081269692743,wakiman63@example.com,Bekasi,Jawa Barat,2024-12-26,1
859,CUST-00859,dr. Hana Prasasta,Bisnis,Laki-laki,081259780869,ellispertiwi@example.org,Denpasar,Bali,2025-02-09,1
860,CUST-00860,"Tari Hutagalung, S.IP",Bisnis,Perempuan,081235229795,daliono14@example.com,Makassar,Sulawesi Selatan,2024-08-14,1
861,CUST-00861,"T. Jayadi Wibowo, S.Pt",Bisnis,Perempuan,081279823764,jokopradipta@example.com,Medan,Sumatera Utara,2025-04-01,1
862,CUST-00862,Anita Napitupulu,Individual,Perempuan,081295683924,malika95@example.com,Semarang,Jawa Tengah,2025-05-02,1
863,CUST-00863,Genta Yulianti,Bisnis,Perempuan,081211934860,,Denpasar,Bali,2026-05-25,0
864,CUST-00864,drg. Silvia Prabowo,Bisnis,Perempuan,081224030436,wulandariatma@example.net,Medan,Sumatera Utara,2025-10-16,0
865,CUST-00865,Eva Lazuardi,Individual,Laki-laki,081248095122,larasanggraini@example.org,Malang,Jawa Timur,2024-09-25,1
866,CUST-00866,Dina Prayoga,Individual,Perempuan,081233467177,panjimaheswara@example.net,Jakarta Pusat,DKI Jakarta,2026-04-15,1
867,CUST-00867,Drs. Indah Nasyidah,Individual,Perempuan,081256260532,prayogabakiman@example.net,Makassar,Sulawesi Selatan,2025-04-24,1
868,CUST-00868,Gambira Ardianto,Bisnis,Laki-laki,081279841312,,Palembang,Sumatera Selatan,2026-02-12,1
869,CUST-00869,R. Paulin Pradipta,Individual,Perempuan,081210233199,maulanamulyanto@example.com,Balikpapan,Kalimantan Timur,2025-08-06,0
870,CUST-00870,Halima Hassanah,Korporat,Laki-laki,081268516855,zmarbun@example.org,Semarang,Jawa Tengah,2026-04-23,1
871,CUST-00871,KH. Dacin Winarsih,Bisnis,Perempuan,081257650344,gamantotarihoran@example.org,Padang,Sumatera Barat,2025-06-15,1
872,CUST-00872,"Maida Widiastuti, S.IP",Individual,Perempuan,081286128745,candrakanta40@example.org,Palembang,Sumatera Selatan,2024-11-18,1
873,CUST-00873,"Ir. Keisha Megantara, S.Sos",Individual,Laki-laki,081253161791,,Malang,Jawa Timur,2025-12-10,1
874,CUST-00874,"Rachel Habibi, S.I.Kom",Individual,Perempuan,081292595779,tasnim94@example.org,Medan,Sumatera Utara,2026-03-25,1
875,CUST-00875,Prima Winarsih,Individual,Laki-laki,081210482828,cintasafitri@example.com,Banjarmasin,Kalimantan Selatan,2026-05-16,1
876,CUST-00876,Cut Rahmi Siregar,Individual,Laki-laki,081255226398,zizi40@example.org,Palembang,Sumatera Selatan,2025-06-29,1
877,CUST-00877,Nilam Hutapea,Bisnis,Laki-laki,081270798694,amalia52@example.net,Semarang,Jawa Tengah,2024-09-10,1
878,CUST-00878,"Paris Prastuti, S.I.Kom",Individual,Laki-laki,081243736970,gadangsitompul@example.net,Bekasi,Jawa Barat,2026-02-21,1
879,CUST-00879,"Kenzie Ramadan, M.Pd",Individual,Laki-laki,081288371316,eka07@example.com,Yogyakarta,DI Yogyakarta,2026-04-25,1
880,CUST-00880,Harto Wijayanti,Individual,Perempuan,081231379421,vanyaoktaviani@example.net,Makassar,Sulawesi Selatan,2026-01-12,1
881,CUST-00881,Puti Santoso,Individual,Laki-laki,081292002254,hardiansyahzulaikha@example.org,Medan,Sumatera Utara,2025-04-06,1
882,CUST-00882,Narji Laksita,Individual,Laki-laki,081241748337,hadi92@example.com,Surabaya,Jawa Timur,2024-11-16,1
883,CUST-00883,Rahmi Melani,Individual,Perempuan,,kadirmaryati@example.com,Manado,Sulawesi Utara,2024-09-11,1
884,CUST-00884,"dr. Langgeng Manullang, S.IP",Individual,Laki-laki,081212605423,,Balikpapan,Kalimantan Timur,2026-02-19,1
885,CUST-00885,"Talia Hidayat, M.M.",Individual,Perempuan,081236981515,vnamaga@example.com,Surabaya,Jawa Timur,2024-06-28,1
886,CUST-00886,R. Paramita Oktaviani,Individual,Laki-laki,081288078223,lutfansaptono@example.com,Medan,Sumatera Utara,2025-06-03,1
887,CUST-00887,Nardi Suartini,Individual,Perempuan,081291549797,wardayatarihoran@example.org,Jakarta Selatan,DKI Jakarta,2026-02-15,1
888,CUST-00888,Dt. Darsirah Sitompul,Individual,Laki-laki,081297841827,ulatupono@example.com,Yogyakarta,DI Yogyakarta,2025-05-07,1
889,CUST-00889,dr. Jasmin Maryadi,Korporat,Perempuan,081217233873,intan31@example.net,Tangerang,Banten,2025-05-23,1
890,CUST-00890,"Drs. Mulyono Wacana, S.I.Kom",Individual,Laki-laki,081234211309,gantar09@example.org,Pekanbaru,Riau,2026-03-21,1
891,CUST-00891,"Cut Mutia Laksmiwati, S.E.",Individual,Perempuan,081267025120,erik26@example.org,Medan,Sumatera Utara,2025-06-06,1
892,CUST-00892,"Cinthia Utami, S.T.",Individual,Perempuan,081275020608,hadiagustina@example.net,Padang,Sumatera Barat,2025-02-24,1
893,CUST-00893,"Salsabila Puspasari, S.Psi",Individual,Laki-laki,081244489837,damugunawan@example.com,Bandung,Jawa Barat,2025-09-23,1
894,CUST-00894,"dr. Laksana Hartati, S.Psi",Individual,Laki-laki,081210648701,,Yogyakarta,DI Yogyakarta,2025-06-30,1
895,CUST-00895,Jaka Yulianti,Bisnis,Laki-laki,081273163945,pardisaefullah@example.net,Medan,Sumatera Utara,2024-08-10,0
896,CUST-00896,"Purwa Sirait, S.Pd",Individual,Perempuan,,elaksita@example.org,Pekanbaru,Riau,2026-04-28,1
897,CUST-00897,"Drs. Ella Astuti, S.H.",Individual,Perempuan,081228146891,qsusanti@example.net,Balikpapan,Kalimantan Timur,2024-08-21,1
898,CUST-00898,"Hana Hariyah, S.Kom",Individual,Perempuan,081211142172,nugrohocengkir@example.org,Manado,Sulawesi Utara,2024-12-22,1
899,CUST-00899,Dr. Hairyanto Siregar,Individual,Perempuan,081248436937,pradiptabudi@example.com,Tangerang,Banten,2026-02-19,1
900,CUST-00900,Cornelia Sihombing,Bisnis,Laki-laki,081280871134,zgunarto@example.net,Manado,Sulawesi Utara,2024-12-12,1
901,CUST-00901,Kawaca Kuswoyo,Individual,Laki-laki,081243788734,uyainahprayitna@example.org,Bekasi,Jawa Barat,2025-03-20,1
902,CUST-00902,"R.A. Gawati Hastuti, M.Pd",Bisnis,Perempuan,081219340378,ihalim@example.com,Yogyakarta,DI Yogyakarta,2025-11-04,1
903,CUST-00903,Maida Prakasa,Individual,Perempuan,081234628460,megantarasiti@example.com,Pekanbaru,Riau,2025-04-22,1
904,CUST-00904,Tgk. Raina Susanti,Korporat,Perempuan,081281352010,baktiadi13@example.net,Batam,Kepulauan Riau,2025-06-11,1
905,CUST-00905,R.M. Harjo Ramadan,Bisnis,Laki-laki,081276836303,jayadi36@example.net,Yogyakarta,DI Yogyakarta,2026-04-12,1
906,CUST-00906,Lukman Widiastuti,Individual,Laki-laki,081230330474,indah00@example.org,Palembang,Sumatera Selatan,2025-09-29,1
907,CUST-00907,"Ir. Padmi Tamba, S.E.",Bisnis,Laki-laki,081274309342,kusumorina@example.org,Pekanbaru,Riau,2024-07-15,1
908,CUST-00908,"Sidiq Mahendra, M.M.",Individual,Perempuan,,wwibisono@example.net,Bandung,Jawa Barat,2025-12-13,1
909,CUST-00909,Suci Sihotang,Individual,Perempuan,081272886266,saefullahedward@example.com,Surabaya,Jawa Timur,2024-10-14,1
910,CUST-00910,Hj. Suci Prasasta,Individual,Perempuan,081225486592,laswi41@example.com,Denpasar,Bali,2025-07-13,1
911,CUST-00911,Halim Santoso,Bisnis,Laki-laki,081249557483,tri00@example.com,Batam,Kepulauan Riau,2026-05-08,1
912,CUST-00912,"Imam Jailani, M.Pd",Individual,Laki-laki,081297436848,lasmanto82@example.org,Banjarmasin,Kalimantan Selatan,2025-01-29,1
913,CUST-00913,Bagus Yuniar,Bisnis,Laki-laki,081278763119,septi46@example.org,Padang,Sumatera Barat,2024-06-25,1
914,CUST-00914,Cici Simanjuntak,Individual,Laki-laki,081233406177,siskarahayu@example.com,Solo,Jawa Tengah,2026-05-02,1
915,CUST-00915,Bahuwirya Rahayu,Bisnis,Laki-laki,081283134749,puspitaraden@example.org,Jakarta Pusat,DKI Jakarta,2025-09-26,1
916,CUST-00916,Bakiman Nasyiah,Bisnis,Laki-laki,081286860737,novi55@example.org,Padang,Sumatera Barat,2024-10-17,1
917,CUST-00917,dr. Bagus Aryani,Individual,Laki-laki,081253797895,hidayatsalman@example.org,Palembang,Sumatera Selatan,2025-03-01,1
918,CUST-00918,Harto Rajata,Individual,Perempuan,081223471016,mramadan@example.net,Surabaya,Jawa Timur,2025-10-16,1
919,CUST-00919,Chandra Maryadi,Korporat,Laki-laki,081239896924,unggul84@example.net,Jakarta Selatan,DKI Jakarta,2025-02-10,1
920,CUST-00920,Bakiono Palastri,Individual,Laki-laki,081211919374,rendyhabibi@example.org,Palembang,Sumatera Selatan,2024-10-21,1
921,CUST-00921,"Ayu Astuti, M.M.",Individual,Laki-laki,081229036945,,Tangerang,Banten,2026-06-04,1
922,CUST-00922,Salsabila Samosir,Individual,Perempuan,081225871447,drajat70@example.com,Batam,Kepulauan Riau,2025-04-22,1
923,CUST-00923,Michelle Aryani,Individual,Perempuan,081224577031,ajimatpranowo@example.org,Bekasi,Jawa Barat,2025-12-17,1
924,CUST-00924,Radika Iswahyudi,Individual,Perempuan,081252650761,jane19@example.net,Bekasi,Jawa Barat,2025-05-05,1
925,CUST-00925,Ulva Handayani,Korporat,Perempuan,081250669741,asmadi37@example.com,Palembang,Sumatera Selatan,2024-08-03,1
926,CUST-00926,Gina Latupono,Bisnis,Perempuan,081278646124,csuryatmi@example.com,Solo,Jawa Tengah,2024-12-13,1
927,CUST-00927,Nadia Wahyuni,Individual,Perempuan,081212682231,gardapuspasari@example.org,Malang,Jawa Timur,2025-11-18,1
928,CUST-00928,Ajimin Tamba,Individual,Perempuan,081253649435,,Makassar,Sulawesi Selatan,2024-12-17,1
929,CUST-00929,Heryanto Halimah,Bisnis,Perempuan,081266098133,salahudineman@example.org,Semarang,Jawa Tengah,2025-03-10,1
930,CUST-00930,Hani Maryati,Individual,Perempuan,081229762233,harimurtipratama@example.net,Bandung,Jawa Barat,2024-09-06,1
931,CUST-00931,Galuh Pradana,Individual,Perempuan,081213320752,budi44@example.org,Surabaya,Jawa Timur,2025-12-21,1
932,CUST-00932,"Latif Mahendra, S.Kom",Individual,Laki-laki,081293909373,paiman68@example.net,Jakarta Pusat,DKI Jakarta,2025-09-24,1
933,CUST-00933,"Sutan Gandi Widodo, S.Ked",Individual,Perempuan,081257649438,wulanjanuar@example.org,Manado,Sulawesi Utara,2024-06-25,0
934,CUST-00934,Banawa Marpaung,Bisnis,Perempuan,081237766504,legawa01@example.net,Semarang,Jawa Tengah,2024-12-11,1
935,CUST-00935,"drg. Umar Palastri, S.Farm",Individual,Laki-laki,081236117385,ghaliyatijailani@example.org,Manado,Sulawesi Utara,2024-08-18,1
936,CUST-00936,"Tgk. Ridwan Mardhiyah, S.Farm",Individual,Perempuan,081244211608,hidayattina@example.org,Solo,Jawa Tengah,2025-06-20,1
937,CUST-00937,"Drs. Yance Permadi, S.Kom",Individual,Laki-laki,081261392885,garan92@example.org,Medan,Sumatera Utara,2024-07-11,0
938,CUST-00938,Gading Winarno,Individual,Laki-laki,081279117039,maulanahasan@example.com,Semarang,Jawa Tengah,2025-04-19,1
939,CUST-00939,Cahya Kurniawan,Individual,Laki-laki,081235073213,abyasatarihoran@example.net,Jakarta Selatan,DKI Jakarta,2024-09-01,1
940,CUST-00940,Irwan Yuniar,Bisnis,Laki-laki,081214470930,nyomanmandasari@example.net,Jakarta Selatan,DKI Jakarta,2025-09-11,1
941,CUST-00941,"H. Jarwa Kusumo, S.E.",Bisnis,Perempuan,081260912431,yuni32@example.org,Palembang,Sumatera Selatan,2025-10-12,1
942,CUST-00942,Gada Laksita,Individual,Laki-laki,081264316243,wijayanticahyo@example.net,Balikpapan,Kalimantan Timur,2025-06-03,1
943,CUST-00943,"Radit Maulana, S.H.",Individual,Perempuan,,danujasuwarno@example.org,Tangerang,Banten,2025-06-22,1
944,CUST-00944,Ina Firmansyah,Bisnis,Perempuan,081241186568,wahyuniyance@example.com,Batam,Kepulauan Riau,2025-09-05,1
945,CUST-00945,"Arta Suartini, S.E.I",Individual,Perempuan,,dsaputra@example.com,Medan,Sumatera Utara,2025-01-01,1
946,CUST-00946,Vivi Siregar,Individual,Laki-laki,081225152558,eli18@example.net,Tangerang,Banten,2025-09-20,1
947,CUST-00947,Eka Prasasta,Individual,Laki-laki,081292977139,santosonasrullah@example.org,Pekanbaru,Riau,2025-12-20,1
948,CUST-00948,"Bakda Wibowo, S.Ked",Individual,Laki-laki,081235576876,opansaragih@example.org,Solo,Jawa Tengah,2024-12-24,1
949,CUST-00949,Umaya Sudiati,Individual,Perempuan,081274080626,vegawaluyo@example.net,Jakarta Pusat,DKI Jakarta,2025-04-16,1
950,CUST-00950,"Tgk. Murti Kuswoyo, S.Pt",Korporat,Laki-laki,081288586364,estionousada@example.com,Padang,Sumatera Barat,2025-01-08,1
951,CUST-00951,Dinda Ardianto,Individual,Perempuan,081254569226,,Malang,Jawa Timur,2024-09-06,1
952,CUST-00952,Prasetyo Mulyani,Individual,Perempuan,081246157346,ulvarajata@example.org,Banjarmasin,Kalimantan Selatan,2024-06-22,1
953,CUST-00953,Waluyo Pertiwi,Individual,Laki-laki,081217803909,putrahilda@example.net,Malang,Jawa Timur,2025-05-25,1
954,CUST-00954,"Ir. Sabrina Suwarno, S.Farm",Bisnis,Perempuan,081223815110,,Bekasi,Jawa Barat,2026-03-05,1
955,CUST-00955,Shania Suwarno,Individual,Perempuan,081245360115,wagebudiman@example.org,Manado,Sulawesi Utara,2024-08-31,1
956,CUST-00956,"Hj. Laras Gunawan, S.E.",Individual,Laki-laki,081245799464,,Palembang,Sumatera Selatan,2025-03-07,1
957,CUST-00957,"Patricia Ardianto, S.Gz",Individual,Laki-laki,081249329327,,Palembang,Sumatera Selatan,2026-06-09,1
958,CUST-00958,Salimah Mangunsong,Individual,Laki-laki,081273742653,epuspita@example.org,Jakarta Pusat,DKI Jakarta,2024-09-24,1
959,CUST-00959,Praba Sirait,Individual,Perempuan,081268391744,jinawisinaga@example.org,Medan,Sumatera Utara,2025-06-09,1
960,CUST-00960,"Umaya Anggraini, S.Farm",Individual,Perempuan,081287496600,nwastuti@example.com,Jakarta Pusat,DKI Jakarta,2025-09-21,1
961,CUST-00961,Dewi Usamah,Individual,Laki-laki,081210163565,,Jakarta Selatan,DKI Jakarta,2025-07-21,1
962,CUST-00962,"Sabrina Sihombing, M.Pd",Individual,Laki-laki,081257579579,bahuwarnawinarsih@example.com,Bandung,Jawa Barat,2026-06-13,1
963,CUST-00963,"R.A. Ira Manullang, M.Farm",Individual,Laki-laki,081213654630,dartono62@example.org,Palembang,Sumatera Selatan,2025-09-17,1
964,CUST-00964,Bagya Nashiruddin,Individual,Perempuan,081231493952,salahudinjefri@example.com,Denpasar,Bali,2025-01-14,1
965,CUST-00965,Emong Puspasari,Bisnis,Perempuan,081284542394,,Batam,Kepulauan Riau,2024-10-02,1
966,CUST-00966,Digdaya Mahendra,Korporat,Perempuan,081226965268,evawijaya@example.com,Bandung,Jawa Barat,2025-04-17,1
967,CUST-00967,drg. Kayla Riyanti,Individual,Laki-laki,081263487691,gangsa33@example.net,Jakarta Pusat,DKI Jakarta,2024-07-16,1
968,CUST-00968,Balapati Namaga,Korporat,Perempuan,081274086640,fitriaprakasa@example.org,Bandung,Jawa Barat,2025-11-15,1
969,CUST-00969,Dr. Shakila Santoso,Individual,Perempuan,081245740825,purnawatiendah@example.org,Makassar,Sulawesi Selatan,2026-01-20,1
970,CUST-00970,"drg. Eman Puspasari, M.Ak",Individual,Laki-laki,081240219738,balapatiaryani@example.com,Medan,Sumatera Utara,2025-07-03,1
971,CUST-00971,Hj. Almira Rahmawati,Individual,Perempuan,081284487589,edi37@example.com,Surabaya,Jawa Timur,2025-08-10,1
972,CUST-00972,Ihsan Manullang,Individual,Laki-laki,081222634813,wastutimichelle@example.org,Makassar,Sulawesi Selatan,2025-03-12,1
973,CUST-00973,KH. Banawi Wahyuni,Bisnis,Perempuan,081211330650,pdabukke@example.net,Balikpapan,Kalimantan Timur,2025-01-27,1
974,CUST-00974,Sutan Kadir Hassanah,Bisnis,Laki-laki,081293912485,prabowoputi@example.com,Pekanbaru,Riau,2025-12-10,1
975,CUST-00975,Kasiyah Puspita,Individual,Perempuan,081260539068,agusprayoga@example.com,Bekasi,Jawa Barat,2025-07-16,1
976,CUST-00976,Makuta Utami,Individual,Perempuan,081242154104,,Malang,Jawa Timur,2026-01-22,1
977,CUST-00977,Kasusra Sitorus,Individual,Perempuan,081252175458,ipurwanti@example.net,Yogyakarta,DI Yogyakarta,2025-11-27,1
978,CUST-00978,dr. Rika Permadi,Individual,Perempuan,,ade41@example.net,Solo,Jawa Tengah,2026-05-03,1
979,CUST-00979,Tgk. Kemal Lestari,Individual,Perempuan,081293370809,emong81@example.org,Tangerang,Banten,2025-04-29,1
980,CUST-00980,Arsipatra Simbolon,Individual,Perempuan,081269497607,bakiadi99@example.org,Yogyakarta,DI Yogyakarta,2024-08-16,1
981,CUST-00981,"Drs. Emin Wahyuni, S.Sos",Bisnis,Laki-laki,081233749913,waluyohamima@example.org,Tangerang,Banten,2025-01-18,1
982,CUST-00982,Tgk. Gamani Rajasa,Bisnis,Perempuan,081226815556,lazuardidanuja@example.org,Bandung,Jawa Barat,2025-06-30,1
983,CUST-00983,Dt. Mustofa Samosir,Individual,Laki-laki,081260908802,luwar11@example.net,Semarang,Jawa Tengah,2026-03-22,1
984,CUST-00984,Gaduh Putra,Individual,Laki-laki,081226260950,hidayatajiman@example.com,Manado,Sulawesi Utara,2025-01-29,1
985,CUST-00985,"Dr. Ilyas Santoso, S.Gz",Individual,Laki-laki,081298329058,lriyanti@example.org,Banjarmasin,Kalimantan Selatan,2024-11-20,1
986,CUST-00986,Dr. Olivia Kuswoyo,Individual,Laki-laki,081280368984,jarwazulaika@example.com,Denpasar,Bali,2026-03-24,1
987,CUST-00987,Galih Manullang,Individual,Perempuan,081251146979,anarpati@example.org,Padang,Sumatera Barat,2024-08-27,1
988,CUST-00988,Abyasa Pratama,Bisnis,Laki-laki,081294337681,,Tangerang,Banten,2025-06-11,1
989,CUST-00989,drg. Tami Mahendra,Bisnis,Perempuan,081231198949,mustika01@example.net,Yogyakarta,DI Yogyakarta,2026-03-11,0
990,CUST-00990,Yuliana Mandala,Individual,Laki-laki,081236266399,xhidayanto@example.net,Pekanbaru,Riau,2024-08-18,1
991,CUST-00991,Cut Maria Padmasari,Bisnis,Laki-laki,081287357123,nprayoga@example.org,Bandung,Jawa Barat,2025-11-16,1
992,CUST-00992,Amelia Siregar,Bisnis,Laki-laki,081284139653,qsaputra@example.org,Denpasar,Bali,2024-11-26,1
993,CUST-00993,Karimah Wibisono,Individual,Laki-laki,081242699734,yuniarviolet@example.net,Batam,Kepulauan Riau,2025-08-06,1
994,CUST-00994,"Cindy Maheswara, M.Farm",Individual,Perempuan,081273880713,pradiptalintang@example.net,Jakarta Selatan,DKI Jakarta,2025-05-15,1
995,CUST-00995,Tantri Hidayanto,Individual,Laki-laki,081269860151,zulfa71@example.net,Makassar,Sulawesi Selatan,2026-04-16,1
996,CUST-00996,Cakrawangsa Pratama,Bisnis,Laki-laki,081287135954,saefullahviktor@example.net,Manado,Sulawesi Utara,2024-09-02,1
997,CUST-00997,Titin Yuniar,Individual,Laki-laki,081242252005,alambanahastuti@example.com,Bandung,Jawa Barat,2026-05-30,1
998,CUST-00998,Reza Jailani,Individual,Perempuan,081284434350,,Solo,Jawa Tengah,2026-03-05,1
999,CUST-00999,Paulin Nababan,Individual,Laki-laki,081246728377,tamiadriansyah@example.net,Semarang,Jawa Tengah,2024-07-09,1
1000,CUST-01000,Sutan Jindra Manullang,Korporat,Laki-laki,081233217125,wadriansyah@example.com,Bekasi,Jawa Barat,2025-10-27,1
1001,CUST-01001,Jefri Firmansyah,Individual,Laki-laki,081294390389,bbudiyanto@example.net,Semarang,Jawa Tengah,2025-06-24,0
1002,CUST-01002,Uchita Lestari,Bisnis,Laki-laki,081298022765,galar35@example.net,Surabaya,Jawa Timur,2025-12-21,1
1003,CUST-01003,R.M. Cahyadi Kusmawati,Korporat,Laki-laki,,anita10@example.net,Pekanbaru,Riau,2024-12-16,1
1004,CUST-01004,KH. Bakiman Marbun,Bisnis,Laki-laki,081232987942,asmadi78@example.org,Balikpapan,Kalimantan Timur,2026-04-21,1
1005,CUST-01005,Dr. Lidya Prasasta,Individual,Laki-laki,081281418211,cinthia74@example.org,Jakarta Selatan,DKI Jakarta,2025-01-19,1
1006,CUST-01006,Kambali Uwais,Bisnis,Laki-laki,081280783785,nalarnajmudin@example.org,Palembang,Sumatera Selatan,2026-06-04,1
1007,CUST-01007,Nilam Prasetya,Korporat,Laki-laki,081247742942,yprakasa@example.org,Manado,Sulawesi Utara,2025-03-23,1
1008,CUST-01008,Kenari Wacana,Korporat,Perempuan,081223567784,sihotangdarmanto@example.net,Pekanbaru,Riau,2025-12-22,0
1009,CUST-01009,Bella Wulandari,Individual,Laki-laki,081269400439,xhabibi@example.net,Malang,Jawa Timur,2026-02-13,1
1010,CUST-01010,Shania Thamrin,Individual,Perempuan,081264865454,yuliartisilvia@example.com,Jakarta Selatan,DKI Jakarta,2025-05-30,1
1011,CUST-01011,Putri Saputra,Individual,Laki-laki,081274471154,flestari@example.org,Balikpapan,Kalimantan Timur,2025-08-09,1
1012,CUST-01012,"Pranawa Situmorang, S.IP",Individual,Perempuan,081218807435,harimansur@example.net,Tangerang,Banten,2025-12-05,1
1013,CUST-01013,"Cinthia Melani, S.Kom",Bisnis,Perempuan,081222264450,adinata69@example.net,Palembang,Sumatera Selatan,2025-06-04,1
1014,CUST-01014,Juli Tampubolon,Korporat,Laki-laki,081279039283,frahimah@example.org,Bandung,Jawa Barat,2025-11-22,1
1015,CUST-01015,Titi Megantara,Individual,Laki-laki,081261101423,permadibahuraksa@example.org,Medan,Sumatera Utara,2025-04-12,1
1016,CUST-01016,Amelia Januar,Individual,Perempuan,081297327176,oktavianimaryadi@example.org,Bandung,Jawa Barat,2025-06-13,1
1017,CUST-01017,Clara Hariyah,Individual,Perempuan,081255843626,verauyainah@example.org,Banjarmasin,Kalimantan Selatan,2025-07-04,1
1018,CUST-01018,"Mutia Hassanah, M.Ak",Individual,Laki-laki,081210200087,prastutilabuh@example.org,Pekanbaru,Riau,2025-01-01,1
1019,CUST-01019,Ir. Kani Suryono,Korporat,Perempuan,081234734174,rpratiwi@example.org,Pekanbaru,Riau,2025-04-08,1
1020,CUST-01020,"R. Maria Gunarto, M.Ak",Individual,Laki-laki,081280611760,,Padang,Sumatera Barat,2024-11-02,1
1021,CUST-01021,Padmi Rahayu,Bisnis,Laki-laki,081230845771,rahayubagas@example.com,Medan,Sumatera Utara,2025-10-13,1
1022,CUST-01022,Purwa Nurdiyanti,Bisnis,Laki-laki,081279597931,elvinsihombing@example.net,Jakarta Pusat,DKI Jakarta,2025-10-18,1
1023,CUST-01023,Rachel Setiawan,Bisnis,Perempuan,081240584730,cornelianasyidah@example.com,Makassar,Sulawesi Selatan,2025-08-05,1
1024,CUST-01024,Zahra Haryanto,Individual,Laki-laki,081218146709,pranowocawisadi@example.com,Makassar,Sulawesi Selatan,2025-01-01,1
1025,CUST-01025,Drs. Wisnu Andriani,Individual,Perempuan,081240283153,airawan@example.org,Bandung,Jawa Barat,2026-03-26,1
1026,CUST-01026,"Sutan Galih Marbun, S.Psi",Individual,Laki-laki,081271173650,warji99@example.com,Jakarta Pusat,DKI Jakarta,2025-05-01,1
1027,CUST-01027,Daliono Hidayat,Individual,Perempuan,081279736747,cakrajiyasaefullah@example.com,Tangerang,Banten,2024-11-10,1
1028,CUST-01028,Ilsa Nurdiyanti,Individual,Perempuan,081261639021,tasdik20@example.net,Malang,Jawa Timur,2025-10-25,1
1029,CUST-01029,"dr. Restu Pertiwi, S.E.I",Individual,Perempuan,081278940187,jayadipradana@example.com,Palembang,Sumatera Selatan,2024-07-08,1
1030,CUST-01030,Ir. Galang Tarihoran,Individual,Perempuan,081255363359,purwantosinaga@example.com,Makassar,Sulawesi Selatan,2026-03-13,1
1031,CUST-01031,Eman Gunawan,Individual,Perempuan,081218211351,cemplunkmaryati@example.org,Batam,Kepulauan Riau,2025-10-17,0
1032,CUST-01032,"Darman Yuniar, S.Farm",Bisnis,Laki-laki,081210813216,tlestari@example.net,Denpasar,Bali,2026-05-20,1
1033,CUST-01033,Luhung Laksita,Individual,Laki-laki,081295412581,bramadan@example.org,Palembang,Sumatera Selatan,2025-07-12,1
1034,CUST-01034,Lamar Zulaika,Individual,Perempuan,081297647738,wisnu26@example.net,Jakarta Selatan,DKI Jakarta,2026-03-08,1
1035,CUST-01035,Ratih Suwarno,Korporat,Perempuan,,fwastuti@example.org,Solo,Jawa Tengah,2025-08-24,1
1036,CUST-01036,"dr. Hani Utami, S.E.",Individual,Perempuan,081232178046,tomi65@example.org,Semarang,Jawa Tengah,2025-08-10,1
1037,CUST-01037,Daru Gunarto,Individual,Perempuan,081291574905,chelsea38@example.net,Surabaya,Jawa Timur,2026-01-18,1
1038,CUST-01038,"Tgk. Nugraha Prasetya, M.Pd",Individual,Perempuan,081244033643,hharyanti@example.net,Jakarta Selatan,DKI Jakarta,2024-09-29,1
1039,CUST-01039,Edi Wibowo,Individual,Laki-laki,081271166061,itampubolon@example.net,Jakarta Pusat,DKI Jakarta,2026-03-22,0
1040,CUST-01040,Wasis Rahmawati,Individual,Perempuan,081270150744,kuswandariputri@example.net,Makassar,Sulawesi Selatan,2026-01-22,1
1041,CUST-01041,Drs. Ilsa Yuliarti,Individual,Laki-laki,081227341398,anggabaya52@example.org,Balikpapan,Kalimantan Timur,2024-08-13,1
1042,CUST-01042,Cinthia Pertiwi,Individual,Laki-laki,081268554703,nababansalsabila@example.net,Palembang,Sumatera Selatan,2025-12-11,1
1043,CUST-01043,Puspa Wibowo,Individual,Laki-laki,081212555155,laila81@example.org,Malang,Jawa Timur,2025-06-15,1
1044,CUST-01044,Gatot Nuraini,Individual,Laki-laki,081270529264,balapatitarihoran@example.com,Pekanbaru,Riau,2025-03-09,1
1045,CUST-01045,Bahuwirya Winarno,Individual,Laki-laki,081250682892,prabowohendra@example.net,Bekasi,Jawa Barat,2026-04-17,1
1046,CUST-01046,Elon Pertiwi,Individual,Laki-laki,081244443048,galihsuryatmi@example.com,Jakarta Pusat,DKI Jakarta,2024-07-12,1
1047,CUST-01047,"Hj. Zahra Pertiwi, S.Kom",Individual,Perempuan,081257089556,zpuspita@example.com,Pekanbaru,Riau,2026-03-31,1
1048,CUST-01048,Ir. Eva Maulana,Bisnis,Laki-laki,081247137527,adinatajanuar@example.com,Manado,Sulawesi Utara,2024-12-03,1
1049,CUST-01049,Balangga Permadi,Individual,Laki-laki,081214202853,arta56@example.net,Padang,Sumatera Barat,2026-02-03,1
1050,CUST-01050,Cahyadi Purwanti,Bisnis,Laki-laki,081275480097,wibowojaiman@example.org,Jakarta Pusat,DKI Jakarta,2026-06-14,1
1051,CUST-01051,Dr. Okto Situmorang,Bisnis,Perempuan,081230404298,suartininatalia@example.net,Makassar,Sulawesi Selatan,2026-03-04,1
1052,CUST-01052,Cakrawangsa Pratama,Individual,Laki-laki,081269383895,haryanticawisono@example.com,Yogyakarta,DI Yogyakarta,2026-06-03,1
1053,CUST-01053,"Putri Purwanti, S.Pd",Individual,Perempuan,081284925882,palastrimustofa@example.org,Bekasi,Jawa Barat,2026-02-22,1
1054,CUST-01054,Ir. Ida Waluyo,Bisnis,Laki-laki,081276829580,riswahyudi@example.com,Yogyakarta,DI Yogyakarta,2026-02-04,1
1055,CUST-01055,Viktor Oktaviani,Individual,Perempuan,081251840683,kemalwijayanti@example.com,Padang,Sumatera Barat,2024-12-07,1
1056,CUST-01056,Karja Uyainah,Individual,Perempuan,081259790329,kambali67@example.org,Tangerang,Banten,2025-05-27,1
1057,CUST-01057,Bakidin Adriansyah,Bisnis,Perempuan,081260012646,zsihotang@example.org,Jakarta Pusat,DKI Jakarta,2024-07-26,1
1058,CUST-01058,Sabar Puspita,Individual,Perempuan,081289907678,alikathamrin@example.com,Balikpapan,Kalimantan Timur,2026-04-27,1
1059,CUST-01059,Ghaliyati Rajasa,Individual,Perempuan,081269274354,canggriawan@example.com,Pekanbaru,Riau,2026-04-24,1
1060,CUST-01060,Dr. Ifa Purwanti,Bisnis,Laki-laki,081215732773,budimangamblang@example.net,Semarang,Jawa Tengah,2024-09-18,1
1061,CUST-01061,"T. Jamil Agustina, S.T.",Individual,Laki-laki,081241970753,lzulaika@example.net,Solo,Jawa Tengah,2025-01-13,1
1062,CUST-01062,Slamet Nashiruddin,Bisnis,Perempuan,081221192831,cawisadisinaga@example.org,Denpasar,Bali,2025-02-22,1
1063,CUST-01063,Genta Damanik,Individual,Perempuan,081277676722,xoktaviani@example.net,Makassar,Sulawesi Selatan,2026-05-15,1
1064,CUST-01064,Rina Prasasta,Individual,Perempuan,081264627357,vanya14@example.com,Banjarmasin,Kalimantan Selatan,2026-01-13,1
1065,CUST-01065,Amelia Wibowo,Individual,Laki-laki,081252071449,zhariyah@example.com,Bandung,Jawa Barat,2024-08-30,1
1066,CUST-01066,Yunita Prakasa,Individual,Perempuan,081212771977,,Palembang,Sumatera Selatan,2025-07-06,1
1067,CUST-01067,"Dr. Karen Winarno, S.Ked",Individual,Perempuan,081286093914,gabriellaramadan@example.net,Banjarmasin,Kalimantan Selatan,2025-07-29,1
1068,CUST-01068,"Dewi Rahayu, S.Ked",Individual,Perempuan,081272313328,gandi16@example.net,Bekasi,Jawa Barat,2025-11-21,1
1069,CUST-01069,Asirwanda Prayoga,Individual,Perempuan,081236116621,tania75@example.com,Denpasar,Bali,2025-03-03,1
1070,CUST-01070,Ibrahim Wahyudin,Individual,Laki-laki,081215159695,hutagalungeka@example.com,Malang,Jawa Timur,2024-07-07,1
1071,CUST-01071,Eka Wacana,Korporat,Perempuan,081264532403,ezulaika@example.com,Solo,Jawa Tengah,2024-09-14,1
1072,CUST-01072,"Hj. Diah Astuti, M.Farm",Individual,Laki-laki,081286985478,satyahabibi@example.net,Yogyakarta,DI Yogyakarta,2025-05-02,1
1073,CUST-01073,"Kania Kusmawati, S.I.Kom",Individual,Perempuan,081292419866,hariyahmichelle@example.org,Denpasar,Bali,2026-04-25,1
1074,CUST-01074,Nyoman Rajasa,Individual,Perempuan,081275036629,nataliadongoran@example.net,Semarang,Jawa Tengah,2025-07-22,1
1075,CUST-01075,Dr. Timbul Purnawati,Bisnis,Laki-laki,081269885536,ekaharyanto@example.org,Balikpapan,Kalimantan Timur,2024-07-29,1
1076,CUST-01076,Rachel Pratiwi,Individual,Perempuan,081276032474,lrahimah@example.com,Yogyakarta,DI Yogyakarta,2024-12-01,1
1077,CUST-01077,"Mursinin Habibi, S.Sos",Bisnis,Perempuan,081293402569,khalim@example.com,Jakarta Pusat,DKI Jakarta,2025-05-07,1
1078,CUST-01078,Cici Maryati,Individual,Laki-laki,081239229731,usuryono@example.net,Palembang,Sumatera Selatan,2026-03-06,1
1079,CUST-01079,Wisnu Sihotang,Individual,Perempuan,081273968719,prabu56@example.org,Semarang,Jawa Tengah,2025-05-27,1
1080,CUST-01080,Cut Hani Hardiansyah,Bisnis,Perempuan,081244748318,hardihardiansyah@example.org,Jakarta Pusat,DKI Jakarta,2024-11-05,1
1081,CUST-01081,Reksa Sirait,Individual,Laki-laki,081268890313,puji98@example.org,Bekasi,Jawa Barat,2024-11-20,1
1082,CUST-01082,"Drs. Salimah Novitasari, S.Pd",Korporat,Perempuan,081253251976,yusufsihombing@example.net,Makassar,Sulawesi Selatan,2026-01-17,1
1083,CUST-01083,Bakidin Laksita,Individual,Perempuan,081250665185,wanggraini@example.net,Denpasar,Bali,2026-02-27,1
1084,CUST-01084,"Asmianto Sitompul, S.I.Kom",Individual,Laki-laki,081273571562,nmelani@example.org,Makassar,Sulawesi Selatan,2025-01-04,1
1085,CUST-01085,Eva Usamah,Individual,Perempuan,081230452118,ganjaranhidayat@example.net,Solo,Jawa Tengah,2024-07-31,1
1086,CUST-01086,Langgeng Safitri,Individual,Laki-laki,081254916923,warsitahutapea@example.org,Jakarta Selatan,DKI Jakarta,2025-07-03,1
1087,CUST-01087,"drg. Rudi Suryono, M.M.",Individual,Laki-laki,081281206573,ewijayanti@example.net,Bandung,Jawa Barat,2025-06-26,1
1088,CUST-01088,Wirda Saptono,Individual,Perempuan,081217663838,,Yogyakarta,DI Yogyakarta,2026-03-10,1
1089,CUST-01089,"Prima Hidayat, M.Pd",Individual,Laki-laki,081262238493,,Makassar,Sulawesi Selatan,2025-03-01,1
1090,CUST-01090,"Vero Pranowo, M.Kom.",Individual,Laki-laki,081268145193,gprasetyo@example.net,Semarang,Jawa Tengah,2026-04-14,1
1091,CUST-01091,Panji Yuniar,Individual,Laki-laki,081275327227,gantar34@example.org,Palembang,Sumatera Selatan,2025-04-25,1
1092,CUST-01092,"Drs. Kardi Hutagalung, S.T.",Bisnis,Laki-laki,,gangsa54@example.com,Surabaya,Jawa Timur,2024-06-30,1
1093,CUST-01093,"Cut Patricia Nasyiah, M.Ak",Individual,Perempuan,081225508048,mansurembuh@example.com,Yogyakarta,DI Yogyakarta,2024-08-08,1
1094,CUST-01094,R. Julia Prastuti,Individual,Laki-laki,081252174558,ikurniawan@example.org,Malang,Jawa Timur,2026-05-09,1
1095,CUST-01095,Latika Pertiwi,Individual,Perempuan,081285659328,galarmaryati@example.com,Tangerang,Banten,2025-10-02,1
1096,CUST-01096,Joko Lailasari,Individual,Laki-laki,081244365556,wacanaeva@example.org,Tangerang,Banten,2025-10-05,1
1097,CUST-01097,Zahra Puspita,Individual,Laki-laki,081210209510,,Medan,Sumatera Utara,2025-08-29,1
1098,CUST-01098,Tantri Permata,Individual,Laki-laki,081210564043,suci26@example.net,Balikpapan,Kalimantan Timur,2026-03-05,1
1099,CUST-01099,"Patricia Sirait, M.TI.",Individual,Laki-laki,081236407746,kenarinasyidah@example.com,Batam,Kepulauan Riau,2025-02-11,1
1100,CUST-01100,Cut Nabila Nurdiyanti,Individual,Laki-laki,081221088648,salahudinkemba@example.com,Solo,Jawa Tengah,2025-04-12,1
1101,CUST-01101,"R.M. Rosman Mardhiyah, S.Ked",Individual,Laki-laki,081280192356,gadaanggriawan@example.net,Makassar,Sulawesi Selatan,2024-12-04,1
1102,CUST-01102,Ina Napitupulu,Individual,Laki-laki,081224992738,dipanashiruddin@example.net,Medan,Sumatera Utara,2026-04-07,1
1103,CUST-01103,Ayu Mangunsong,Individual,Perempuan,081212983748,legawa04@example.com,Denpasar,Bali,2025-05-31,1
1104,CUST-01104,Bagya Nugroho,Bisnis,Perempuan,081261574302,lprasetya@example.com,Tangerang,Banten,2024-10-20,1
1105,CUST-01105,Karimah Ardianto,Individual,Laki-laki,081215243811,nashiruddinoni@example.net,Solo,Jawa Tengah,2026-05-19,1
1106,CUST-01106,Tgk. Hana Halim,Individual,Perempuan,081239049795,erik14@example.com,Denpasar,Bali,2024-07-18,1
1107,CUST-01107,dr. Restu Yuniar,Individual,Laki-laki,081286394176,mramadan@example.net,Bandung,Jawa Barat,2024-11-15,1
1108,CUST-01108,Ella Prabowo,Individual,Laki-laki,081294752216,,Medan,Sumatera Utara,2026-04-01,1
1109,CUST-01109,Sakura Prabowo,Individual,Perempuan,081275989677,nasyiahshakila@example.org,Solo,Jawa Tengah,2026-01-01,1
1110,CUST-01110,Cinta Pertiwi,Bisnis,Laki-laki,081291434974,marbunnatalia@example.org,Malang,Jawa Timur,2024-11-03,1
1111,CUST-01111,Asmianto Habibi,Korporat,Perempuan,081226138895,aryanichandra@example.org,Banjarmasin,Kalimantan Selatan,2025-04-25,1
1112,CUST-01112,"Jane Firmansyah, S.Psi",Individual,Perempuan,081254427034,,Semarang,Jawa Tengah,2026-01-22,1
1113,CUST-01113,Puti Suci Winarsih,Korporat,Laki-laki,081279411394,siregargaduh@example.net,Denpasar,Bali,2025-08-30,1
1114,CUST-01114,Shakila Pranowo,Individual,Laki-laki,081253553026,estiawanwijayanti@example.com,Medan,Sumatera Utara,2026-03-14,1
1115,CUST-01115,"Maimunah Putra, M.Farm",Korporat,Laki-laki,081237519811,sihombingjono@example.com,Bekasi,Jawa Barat,2025-04-22,1
1116,CUST-01116,"Tgk. Liman Lestari, S.Farm",Individual,Perempuan,081265363245,hastutigalak@example.org,Tangerang,Banten,2025-06-04,1
1117,CUST-01117,Padmi Maryati,Individual,Perempuan,081254460438,vhastuti@example.net,Batam,Kepulauan Riau,2024-09-21,1
1118,CUST-01118,Estiawan Rahayu,Individual,Laki-laki,,,Semarang,Jawa Tengah,2025-08-31,1
1119,CUST-01119,Daru Sihombing,Korporat,Laki-laki,081231587108,cagakmaulana@example.org,Surabaya,Jawa Timur,2025-12-12,0
1120,CUST-01120,drg. Damar Prastuti,Bisnis,Perempuan,081223104865,kamal56@example.org,Makassar,Sulawesi Selatan,2025-06-14,1
1121,CUST-01121,Sutan Jagaraga Prasasta,Bisnis,Laki-laki,081217434870,pratamadacin@example.net,Medan,Sumatera Utara,2025-03-05,1
1122,CUST-01122,"Tgk. Arsipatra Susanti, S.H.",Individual,Perempuan,081277805918,shakila86@example.org,Balikpapan,Kalimantan Timur,2024-11-14,1
1123,CUST-01123,Virman Pangestu,Individual,Laki-laki,081280082774,irma85@example.org,Palembang,Sumatera Selatan,2025-10-24,1
1124,CUST-01124,Sarah Yuniar,Bisnis,Laki-laki,081224419669,naradi12@example.com,Manado,Sulawesi Utara,2025-07-21,1
1125,CUST-01125,Ella Suwarno,Individual,Perempuan,081264006076,dmaulana@example.net,Tangerang,Banten,2025-01-03,1
1126,CUST-01126,"Zizi Zulkarnain, S.Ked",Individual,Laki-laki,081265724559,gandi92@example.com,Medan,Sumatera Utara,2025-05-01,1
1127,CUST-01127,Ratih Wibowo,Korporat,Laki-laki,081216468974,maulanaluluh@example.net,Manado,Sulawesi Utara,2026-01-02,1
1128,CUST-01128,Ida Napitupulu,Individual,Laki-laki,081287624492,firmansyahraisa@example.net,Surabaya,Jawa Timur,2026-03-20,1
1129,CUST-01129,Almira Agustina,Individual,Perempuan,081271739170,,Jakarta Pusat,DKI Jakarta,2025-08-04,1
1130,CUST-01130,Bagya Maryati,Individual,Perempuan,081246582410,asihombing@example.org,Palembang,Sumatera Selatan,2025-02-17,1
1131,CUST-01131,"Cut Zulaikha Suryatmi, S.Psi",Individual,Laki-laki,081223479879,,Jakarta Pusat,DKI Jakarta,2025-10-09,1
1132,CUST-01132,Asirwanda Hutasoit,Individual,Laki-laki,081268178833,dwahyuni@example.net,Yogyakarta,DI Yogyakarta,2026-03-18,1
1133,CUST-01133,"Virman Maheswara, S.IP",Bisnis,Laki-laki,081227875097,,Surabaya,Jawa Timur,2025-06-01,1
1134,CUST-01134,Jessica Pratiwi,Individual,Laki-laki,081234161175,estiawanpranowo@example.com,Balikpapan,Kalimantan Timur,2024-09-22,1
1135,CUST-01135,Hj. Shania Adriansyah,Bisnis,Perempuan,081281505281,phutasoit@example.net,Jakarta Pusat,DKI Jakarta,2024-11-03,1
1136,CUST-01136,Luis Kurniawan,Individual,Perempuan,081262832101,jumari27@example.net,Manado,Sulawesi Utara,2026-05-13,1
1137,CUST-01137,"R.M. Kadir Pratiwi, S.IP",Individual,Laki-laki,081264464609,,Balikpapan,Kalimantan Timur,2026-01-11,1
1138,CUST-01138,drg. Elvina Wulandari,Korporat,Laki-laki,081269223724,rizki77@example.net,Balikpapan,Kalimantan Timur,2024-08-18,1
1139,CUST-01139,"R. Unjani Maryadi, S.Pt",Individual,Perempuan,,himawanmaulana@example.com,Makassar,Sulawesi Selatan,2025-09-11,1
1140,CUST-01140,"Vanesa Pradipta, S.Ked",Korporat,Laki-laki,081253467083,,Tangerang,Banten,2025-02-24,1
1141,CUST-01141,"Kemal Putra, S.Ked",Bisnis,Perempuan,081214255730,danujasantoso@example.com,Denpasar,Bali,2025-10-04,1
1142,CUST-01142,Sutan Wawan Prasetya,Individual,Perempuan,081229282989,,Bandung,Jawa Barat,2025-05-28,1
1143,CUST-01143,Marsudi Rajasa,Individual,Laki-laki,081296993636,ellisrahmawati@example.com,Pekanbaru,Riau,2025-05-24,1
1144,CUST-01144,Faizah Mardhiyah,Individual,Perempuan,081270057559,prasetyakawaca@example.net,Padang,Sumatera Barat,2026-01-26,1
1145,CUST-01145,"Vanesa Mansur, M.Pd",Individual,Laki-laki,081282245094,putu52@example.com,Medan,Sumatera Utara,2026-04-03,1
1146,CUST-01146,"Timbul Pertiwi, S.I.Kom",Bisnis,Laki-laki,081283401814,mayasariusman@example.net,Yogyakarta,DI Yogyakarta,2025-12-02,1
1147,CUST-01147,Tgk. Umi Kusmawati,Individual,Perempuan,081241758968,vinsen10@example.net,Banjarmasin,Kalimantan Selatan,2026-02-09,1
1148,CUST-01148,Dinda Widodo,Individual,Perempuan,081259913811,iputra@example.net,Malang,Jawa Timur,2025-05-27,1
1149,CUST-01149,Lukita Purwanti,Individual,Perempuan,081230575301,xlailasari@example.com,Manado,Sulawesi Utara,2025-06-19,1
1150,CUST-01150,Septi Prasasta,Individual,Perempuan,081234206104,setiawanumaya@example.net,Padang,Sumatera Barat,2025-03-17,0
1151,CUST-01151,Adiarja Winarno,Individual,Laki-laki,081278100451,zaenabnurdiyanti@example.org,Balikpapan,Kalimantan Timur,2024-12-30,1
1152,CUST-01152,Shania Utama,Individual,Perempuan,081287151004,jessica64@example.com,Makassar,Sulawesi Selatan,2024-07-01,0
1153,CUST-01153,Mulyanto Najmudin,Individual,Laki-laki,081242432322,nabilabudiyanto@example.com,Manado,Sulawesi Utara,2024-06-28,1
1154,CUST-01154,Gina Nurdiyanti,Bisnis,Laki-laki,081236794750,mulyono97@example.net,Semarang,Jawa Tengah,2024-12-13,1
1155,CUST-01155,drg. Eli Mulyani,Bisnis,Laki-laki,081289379919,,Jakarta Selatan,DKI Jakarta,2026-04-25,1
1156,CUST-01156,"Drs. Cinta Tarihoran, S.Pd",Individual,Laki-laki,081286863130,halimahtari@example.net,Padang,Sumatera Barat,2025-01-23,1
1157,CUST-01157,Cayadi Uyainah,Individual,Laki-laki,081250578859,sitompulrendy@example.org,Bekasi,Jawa Barat,2025-01-30,1
1158,CUST-01158,Lurhur Iswahyudi,Individual,Laki-laki,081245652286,rmansur@example.net,Balikpapan,Kalimantan Timur,2025-11-28,1
1159,CUST-01159,Titi Laksita,Bisnis,Perempuan,081255051804,laksmiwatinilam@example.com,Jakarta Selatan,DKI Jakarta,2024-10-11,1
1160,CUST-01160,"Dr. Dasa Najmudin, M.Pd",Bisnis,Perempuan,081296499523,evagunawan@example.net,Malang,Jawa Timur,2025-09-21,0
1161,CUST-01161,Cici Astuti,Individual,Perempuan,081285885264,hfirmansyah@example.net,Palembang,Sumatera Selatan,2026-03-13,1
1162,CUST-01162,Talia Sirait,Individual,Laki-laki,081283609009,lpradipta@example.org,Denpasar,Bali,2026-03-30,1
1163,CUST-01163,Ajiman Pertiwi,Individual,Laki-laki,081230225578,gentaramadan@example.com,Bandung,Jawa Barat,2025-06-23,1
1164,CUST-01164,Artanto Yuniar,Individual,Perempuan,081292944139,esihombing@example.com,Palembang,Sumatera Selatan,2024-12-30,1
1165,CUST-01165,"Agnes Situmorang, S.Pd",Korporat,Perempuan,081229481562,lailathamrin@example.com,Makassar,Sulawesi Selatan,2025-07-19,1
1166,CUST-01166,"Cut Nadine Wacana, S.Pd",Individual,Laki-laki,081279693696,sihombingirsad@example.org,Malang,Jawa Timur,2026-05-28,1
1167,CUST-01167,Salsabila Hasanah,Bisnis,Laki-laki,081246700974,yolandaelisa@example.net,Malang,Jawa Timur,2025-07-20,1
1168,CUST-01168,Ade Sinaga,Individual,Perempuan,081235410007,xsusanti@example.net,Batam,Kepulauan Riau,2025-06-25,0
1169,CUST-01169,Ir. Martani Sihotang,Korporat,Perempuan,081232631042,ylaksmiwati@example.net,Tangerang,Banten,2025-11-24,1
1170,CUST-01170,"Hj. Janet Saragih, S.E.I",Individual,Laki-laki,081232510105,lalitahabibi@example.org,Yogyakarta,DI Yogyakarta,2026-02-25,1
1171,CUST-01171,Baktiono Puspita,Bisnis,Laki-laki,081259899954,erikfirgantoro@example.net,Banjarmasin,Kalimantan Selatan,2025-08-03,1
1172,CUST-01172,Dt. Martana Melani,Individual,Laki-laki,081268993630,jagaragawaluyo@example.com,Yogyakarta,DI Yogyakarta,2025-02-10,1
1173,CUST-01173,"Queen Suwarno, S.Sos",Bisnis,Perempuan,081219370137,awaluyo@example.net,Banjarmasin,Kalimantan Selatan,2026-03-16,1
1174,CUST-01174,"Putri Utami, S.Pd",Individual,Laki-laki,081264380389,umaysetiawan@example.com,Manado,Sulawesi Utara,2025-05-04,1
1175,CUST-01175,KH. Karsa Halim,Individual,Laki-laki,081272639889,jefri54@example.org,Bekasi,Jawa Barat,2026-04-11,1
1176,CUST-01176,Balidin Siregar,Individual,Laki-laki,081250456565,fitriani37@example.net,Batam,Kepulauan Riau,2025-09-03,1
1177,CUST-01177,H. Muhammad Utami,Individual,Perempuan,081231403739,elaksmiwati@example.org,Manado,Sulawesi Utara,2024-07-28,1
1178,CUST-01178,"Mumpuni Nuraini, S.IP",Bisnis,Perempuan,081213122419,pranawa49@example.com,Tangerang,Banten,2025-11-12,1
1179,CUST-01179,"Restu Saragih, S.E.I",Individual,Perempuan,081292001139,,Tangerang,Banten,2024-11-20,1
1180,CUST-01180,"R.A. Yunita Prakasa, M.M.",Individual,Perempuan,081276559786,tari98@example.com,Batam,Kepulauan Riau,2025-08-28,1
1181,CUST-01181,H. Emong Andriani,Individual,Laki-laki,081239681263,haryantoharto@example.net,Bandung,Jawa Barat,2024-10-26,1
1182,CUST-01182,Devi Mandasari,Individual,Perempuan,081274769412,novihabibi@example.com,Balikpapan,Kalimantan Timur,2025-08-18,1
1183,CUST-01183,"Dr. Padmi Pradipta, S.H.",Individual,Laki-laki,081289284180,cemeti41@example.net,Batam,Kepulauan Riau,2025-05-09,1
1184,CUST-01184,Nyoman Sihombing,Individual,Perempuan,081257127593,rezawastuti@example.com,Malang,Jawa Timur,2024-10-07,1
1185,CUST-01185,"Dr. Zamira Kuswoyo, M.Ak",Bisnis,Laki-laki,081245110009,kadir39@example.com,Bekasi,Jawa Barat,2025-01-06,1
1186,CUST-01186,R. Winda Utami,Bisnis,Laki-laki,,,Semarang,Jawa Tengah,2025-09-29,1
1187,CUST-01187,"Tasdik Natsir, S.I.Kom",Individual,Perempuan,081219361319,marbunbalijan@example.org,Solo,Jawa Tengah,2024-07-01,1
1188,CUST-01188,Ir. Melinda Melani,Individual,Laki-laki,081269225912,warsa60@example.org,Denpasar,Bali,2025-05-29,1
1189,CUST-01189,Sakura Aryani,Individual,Perempuan,081271830231,pranowokardi@example.org,Batam,Kepulauan Riau,2025-12-16,1
1190,CUST-01190,R. Paiman Maheswara,Individual,Laki-laki,081267826825,johan84@example.net,Manado,Sulawesi Utara,2025-09-11,1
1191,CUST-01191,Clara Andriani,Bisnis,Perempuan,081280448875,dongoranusman@example.net,Manado,Sulawesi Utara,2025-07-23,1
1192,CUST-01192,"Dr. Bagiya Kuswandari, M.M.",Individual,Laki-laki,081280732633,,Yogyakarta,DI Yogyakarta,2025-06-11,1
1193,CUST-01193,Tgk. Capa Samosir,Individual,Laki-laki,081298156132,garan96@example.net,Yogyakarta,DI Yogyakarta,2024-07-11,1
1194,CUST-01194,"Laksana Halimah, M.Pd",Individual,Perempuan,081210360812,cutama@example.org,Jakarta Pusat,DKI Jakarta,2026-03-08,1
1195,CUST-01195,"Ir. Dagel Kusumo, S.H.",Individual,Perempuan,081252290326,safitriclara@example.org,Solo,Jawa Tengah,2026-03-09,1
1196,CUST-01196,Mahdi Anggraini,Individual,Perempuan,081253726795,jail31@example.org,Batam,Kepulauan Riau,2026-01-31,1
1197,CUST-01197,drg. Winda Saputra,Bisnis,Perempuan,081255959619,mnasyidah@example.com,Semarang,Jawa Tengah,2026-03-23,1
1198,CUST-01198,Muhammad Permadi,Individual,Perempuan,081277815128,asman63@example.net,Pekanbaru,Riau,2025-06-11,1
1199,CUST-01199,Syahrini Hardiansyah,Individual,Perempuan,081232635087,unggulyuliarti@example.org,Padang,Sumatera Barat,2025-08-06,1
1200,CUST-01200,"Lili Permata, S.I.Kom",Individual,Perempuan,081293272742,puspasaripaiman@example.net,Denpasar,Bali,2024-09-03,0
1201,CUST-01201,Labuh Gunarto,Individual,Perempuan,,jailanilili@example.net,Semarang,Jawa Tengah,2025-05-12,1
1202,CUST-01202,Bagas Damanik,Korporat,Laki-laki,081236627390,dagustina@example.org,Semarang,Jawa Tengah,2024-07-02,1
1203,CUST-01203,Mahfud Damanik,Individual,Laki-laki,081294678557,khardiansyah@example.com,Pekanbaru,Riau,2026-04-16,1
1204,CUST-01204,"Dodo Riyanti, S.Pt",Individual,Laki-laki,081263633464,zulaikhamegantara@example.net,Yogyakarta,DI Yogyakarta,2024-07-03,1
1205,CUST-01205,Raditya Hassanah,Individual,Laki-laki,081292086519,wacanadarimin@example.org,Banjarmasin,Kalimantan Selatan,2026-02-15,0
1206,CUST-01206,Intan Wijaya,Individual,Laki-laki,081257049554,sastuti@example.net,Batam,Kepulauan Riau,2026-04-26,1
1207,CUST-01207,"Reksa Pangestu, M.Farm",Individual,Perempuan,081286729656,kaniamelani@example.org,Surabaya,Jawa Timur,2026-02-13,1
1208,CUST-01208,"Hamima Narpati, S.Pd",Individual,Perempuan,081223453420,laryani@example.net,Semarang,Jawa Tengah,2025-02-23,1
1209,CUST-01209,Cemplunk Uwais,Individual,Perempuan,081255346299,nashiruddinempluk@example.org,Jakarta Pusat,DKI Jakarta,2025-07-02,1
1210,CUST-01210,"drg. Karman Saefullah, S.IP",Bisnis,Perempuan,081227022228,,Padang,Sumatera Barat,2024-08-15,1
1211,CUST-01211,Shania Prasasta,Individual,Laki-laki,081213617022,ramadandaliono@example.org,Bekasi,Jawa Barat,2025-08-14,1
1212,CUST-01212,Kamidin Putra,Individual,Laki-laki,081266223189,rama09@example.net,Makassar,Sulawesi Selatan,2025-09-24,1
1213,CUST-01213,Azalea Yulianti,Individual,Perempuan,081225752122,damanikajimat@example.com,Medan,Sumatera Utara,2026-03-09,1
1214,CUST-01214,Karma Handayani,Korporat,Laki-laki,081229987893,whassanah@example.org,Surabaya,Jawa Timur,2024-10-08,1
1215,CUST-01215,Carla Purnawati,Individual,Laki-laki,081289710873,taniautama@example.net,Surabaya,Jawa Timur,2026-02-01,1
1216,CUST-01216,drg. Indah Hutagalung,Individual,Laki-laki,081295172426,zulfapranowo@example.org,Solo,Jawa Tengah,2025-04-01,1
1217,CUST-01217,drg. Johan Firmansyah,Individual,Laki-laki,081219213492,paris57@example.com,Malang,Jawa Timur,2025-12-03,1
1218,CUST-01218,Maya Hasanah,Individual,Laki-laki,081250082183,swacana@example.org,Balikpapan,Kalimantan Timur,2025-01-17,1
1219,CUST-01219,"Sakti Winarsih, S.Pt",Individual,Laki-laki,081227529813,bahuwirya15@example.com,Denpasar,Bali,2025-02-13,1
1220,CUST-01220,Carla Wibisono,Individual,Perempuan,081288579983,queen36@example.net,Makassar,Sulawesi Selatan,2025-10-27,1
1221,CUST-01221,Nadia Pratama,Individual,Laki-laki,081222188311,fathonah63@example.com,Bandung,Jawa Barat,2025-01-26,1
1222,CUST-01222,Kairav Tamba,Individual,Laki-laki,081225161202,marpaungdamu@example.com,Jakarta Pusat,DKI Jakarta,2025-05-06,1
1223,CUST-01223,"drg. Kariman Widiastuti, M.Kom.",Individual,Perempuan,081212366326,agunarto@example.org,Padang,Sumatera Barat,2025-07-24,1
1224,CUST-01224,Himawan Suryono,Individual,Laki-laki,081257857369,yessi75@example.com,Tangerang,Banten,2026-02-18,1
1225,CUST-01225,Ami Mardhiyah,Bisnis,Perempuan,081274466557,zprasasta@example.org,Makassar,Sulawesi Selatan,2024-09-30,1
1226,CUST-01226,Mutia Usada,Individual,Laki-laki,081234000308,gentaagustina@example.net,Medan,Sumatera Utara,2025-11-30,1
1227,CUST-01227,Harimurti Kuswandari,Individual,Perempuan,081288010941,agustinaemong@example.net,Padang,Sumatera Barat,2025-02-10,1
1228,CUST-01228,"Gatot Hastuti, S.E.",Individual,Laki-laki,,zsihombing@example.com,Padang,Sumatera Barat,2025-10-01,1
1229,CUST-01229,Natalia Kuswandari,Individual,Perempuan,081256949655,vanya85@example.org,Pekanbaru,Riau,2024-12-23,1
1230,CUST-01230,Genta Susanti,Korporat,Laki-laki,081274905384,hwidodo@example.net,Palembang,Sumatera Selatan,2025-07-11,1
1231,CUST-01231,Mulya Sudiati,Individual,Laki-laki,081249862476,maryantosusanti@example.net,Jakarta Pusat,DKI Jakarta,2026-02-26,1
1232,CUST-01232,Dr. Gaduh Damanik,Individual,Perempuan,081279262586,melanihalim@example.com,Palembang,Sumatera Selatan,2026-06-18,1
1233,CUST-01233,Balapati Novitasari,Individual,Laki-laki,081260349725,chandra29@example.org,Balikpapan,Kalimantan Timur,2025-07-30,1
1234,CUST-01234,Panca Suryono,Individual,Laki-laki,081250966157,osetiawan@example.com,Balikpapan,Kalimantan Timur,2024-11-26,1
1235,CUST-01235,Danang Sitorus,Bisnis,Laki-laki,081276543830,ysantoso@example.org,Malang,Jawa Timur,2025-03-23,1
1236,CUST-01236,Bahuwirya Santoso,Individual,Laki-laki,081217950974,mursita96@example.org,Surabaya,Jawa Timur,2026-02-09,1
1237,CUST-01237,Cengkal Sitorus,Individual,Laki-laki,081270290284,aprasetya@example.com,Banjarmasin,Kalimantan Selatan,2025-01-10,1
1238,CUST-01238,Puti Nova Megantara,Individual,Laki-laki,081218302188,gunawanwardi@example.com,Palembang,Sumatera Selatan,2026-02-12,0
1239,CUST-01239,Ivan Maryadi,Individual,Laki-laki,081278442356,,Surabaya,Jawa Timur,2025-06-14,1
1240,CUST-01240,Jaswadi Gunarto,Bisnis,Perempuan,081242596215,rmaryati@example.com,Solo,Jawa Tengah,2025-01-23,1
1241,CUST-01241,Reza Agustina,Individual,Laki-laki,081276379868,zeldapangestu@example.net,Jakarta Pusat,DKI Jakarta,2026-04-19,1
1242,CUST-01242,"Dr. Natalia Widodo, S.E.I",Individual,Perempuan,081271752266,okta87@example.org,Yogyakarta,DI Yogyakarta,2025-11-03,1
1243,CUST-01243,Endah Nababan,Individual,Perempuan,081237558730,upuspasari@example.org,Medan,Sumatera Utara,2025-08-02,1
1244,CUST-01244,"Wani Mahendra, S.Sos",Individual,Laki-laki,081225504690,yunita24@example.net,Jakarta Selatan,DKI Jakarta,2024-11-16,1
1245,CUST-01245,Mala Astuti,Individual,Perempuan,081282200143,salahudingamanto@example.net,Manado,Sulawesi Utara,2024-07-15,1
1246,CUST-01246,"Mahesa Nasyidah, M.TI.",Individual,Laki-laki,081245013760,xmegantara@example.net,Batam,Kepulauan Riau,2026-05-04,1
1247,CUST-01247,"Dt. Prayoga Halim, S.IP",Individual,Perempuan,081281103889,pangestutarihoran@example.org,Medan,Sumatera Utara,2025-02-27,1
1248,CUST-01248,"Manah Megantara, S.IP",Individual,Laki-laki,081222759943,cengkir01@example.net,Jakarta Selatan,DKI Jakarta,2025-01-02,0
1249,CUST-01249,"dr. Karma Maryadi, M.M.",Individual,Perempuan,081235270362,namagadiah@example.org,Surabaya,Jawa Timur,2025-09-26,1
1250,CUST-01250,Dartono Dongoran,Bisnis,Perempuan,,mayasaridinda@example.com,Palembang,Sumatera Selatan,2024-12-11,1
1251,CUST-01251,Slamet Marpaung,Individual,Perempuan,081258175427,pgunawan@example.net,Makassar,Sulawesi Selatan,2025-12-13,1
1252,CUST-01252,Ikin Kuswandari,Individual,Laki-laki,081294441711,simonmegantara@example.com,Tangerang,Banten,2025-09-02,1
1253,CUST-01253,"Jaka Hidayanto, S.I.Kom",Korporat,Perempuan,081246627351,rangga33@example.com,Medan,Sumatera Utara,2025-12-23,1
1254,CUST-01254,"Jaiman Pudjiastuti, S.E.I",Individual,Perempuan,081283192681,purnawatikala@example.org,Yogyakarta,DI Yogyakarta,2025-07-10,1
1255,CUST-01255,Ir. Gilang Maryati,Individual,Perempuan,081251455864,rajasakoko@example.org,Semarang,Jawa Tengah,2024-06-21,1
1256,CUST-01256,Drs. Hafshah Pangestu,Bisnis,Perempuan,081238709223,ivansihombing@example.com,Medan,Sumatera Utara,2025-05-08,1
1257,CUST-01257,Widya Prakasa,Individual,Perempuan,081278063110,lintangpurnawati@example.org,Medan,Sumatera Utara,2025-09-21,1
1258,CUST-01258,"Rika Nuraini, M.Farm",Korporat,Perempuan,081251590842,,Malang,Jawa Timur,2025-04-30,1
1259,CUST-01259,Unjani Suartini,Individual,Laki-laki,081233582627,cgunarto@example.net,Medan,Sumatera Utara,2026-04-01,1
1260,CUST-01260,Karsana Rahayu,Bisnis,Perempuan,081276678944,vhartati@example.com,Jakarta Pusat,DKI Jakarta,2026-02-08,1
1261,CUST-01261,Kezia Situmorang,Individual,Laki-laki,081274658080,kurniayuniar@example.org,Balikpapan,Kalimantan Timur,2026-04-26,1
1262,CUST-01262,Aditya Damanik,Individual,Perempuan,081262417124,balidintampubolon@example.net,Bekasi,Jawa Barat,2026-04-05,1
1263,CUST-01263,Ir. Asirwanda Ardianto,Individual,Perempuan,081243870774,winarsihraden@example.org,Jakarta Pusat,DKI Jakarta,2024-10-18,1
1264,CUST-01264,Puspa Dongoran,Individual,Laki-laki,081262265668,upikwaluyo@example.com,Solo,Jawa Tengah,2024-08-17,0
1265,CUST-01265,Laila Gunawan,Bisnis,Laki-laki,081224524096,csihombing@example.net,Jakarta Selatan,DKI Jakarta,2025-06-15,1
1266,CUST-01266,Almira Mandala,Individual,Laki-laki,081296140162,nilam63@example.net,Semarang,Jawa Tengah,2025-08-20,1
1267,CUST-01267,Melinda Saptono,Individual,Perempuan,081246316549,mandasaridiah@example.org,Banjarmasin,Kalimantan Selatan,2024-12-02,1
1268,CUST-01268,Drs. Umi Zulkarnain,Individual,Laki-laki,081297331789,,Makassar,Sulawesi Selatan,2024-12-09,1
1269,CUST-01269,"Dr. Restu Sudiati, S.Sos",Individual,Laki-laki,081261060822,purwantofujiati@example.com,Bandung,Jawa Barat,2026-02-19,1
1270,CUST-01270,Genta Waskita,Individual,Perempuan,081252559645,,Batam,Kepulauan Riau,2024-07-02,1
1271,CUST-01271,Edi Manullang,Bisnis,Perempuan,081254423306,luthfi42@example.com,Batam,Kepulauan Riau,2025-03-20,1
1272,CUST-01272,H. Daliman Adriansyah,Individual,Laki-laki,081291237924,danuoktaviani@example.com,Padang,Sumatera Barat,2024-09-29,1
1273,CUST-01273,"Hj. Kiandra Kusmawati, M.Ak",Bisnis,Perempuan,081273054524,purwanto44@example.org,Bekasi,Jawa Barat,2026-04-07,1
1274,CUST-01274,Ade Kuswandari,Bisnis,Laki-laki,081297483471,palastrimakara@example.org,Bandung,Jawa Barat,2025-12-22,1
1275,CUST-01275,"Tgk. Yuni Thamrin, S.Psi",Individual,Perempuan,081267954347,bkusumo@example.org,Banjarmasin,Kalimantan Selatan,2025-10-26,1
1276,CUST-01276,Kamaria Prakasa,Bisnis,Laki-laki,081223310635,maheswarakarna@example.org,Batam,Kepulauan Riau,2026-02-26,1
1277,CUST-01277,Simon Zulkarnain,Individual,Perempuan,081282057907,muhammadmarbun@example.org,Pekanbaru,Riau,2026-05-26,1
1278,CUST-01278,"Icha Pranowo, M.Pd",Individual,Perempuan,081256151341,mayanashiruddin@example.com,Makassar,Sulawesi Selatan,2025-05-10,1
1279,CUST-01279,Karman Yolanda,Individual,Laki-laki,081230961074,widododarmanto@example.com,Yogyakarta,DI Yogyakarta,2025-03-16,1
1280,CUST-01280,Calista Maryadi,Individual,Perempuan,081268729112,irsad54@example.net,Padang,Sumatera Barat,2025-07-28,1
1281,CUST-01281,"R. Sabrina Pratiwi, S.Sos",Individual,Perempuan,081289301899,,Yogyakarta,DI Yogyakarta,2025-07-21,1
1282,CUST-01282,"Tgk. Ira Maryadi, S.E.",Individual,Laki-laki,,zulaikaqueen@example.net,Batam,Kepulauan Riau,2026-04-30,1
1283,CUST-01283,"Dimaz Haryanti, M.Ak",Bisnis,Perempuan,081244320352,ihsan15@example.org,Pekanbaru,Riau,2025-06-25,1
1284,CUST-01284,"Latika Fujiati, S.Kom",Bisnis,Perempuan,081280271082,darsirah37@example.com,Solo,Jawa Tengah,2025-10-27,1
1285,CUST-01285,Karen Anggriawan,Individual,Laki-laki,081280440954,,Medan,Sumatera Utara,2024-11-12,1
1286,CUST-01286,"Himawan Saragih, M.Ak",Bisnis,Laki-laki,081272219811,ahidayanto@example.org,Batam,Kepulauan Riau,2025-01-07,1
1287,CUST-01287,Ganda Sitorus,Korporat,Laki-laki,081271671569,labuh01@example.com,Yogyakarta,DI Yogyakarta,2026-06-06,1
1288,CUST-01288,"Jaeman Winarsih, S.Farm",Bisnis,Laki-laki,081247835200,zkurniawan@example.org,Batam,Kepulauan Riau,2024-07-09,1
1289,CUST-01289,Dimaz Rajata,Individual,Perempuan,081292925635,warta58@example.org,Solo,Jawa Tengah,2025-04-12,1
1290,CUST-01290,Siska Maulana,Bisnis,Laki-laki,081251718553,julia37@example.org,Manado,Sulawesi Utara,2025-06-27,1
1291,CUST-01291,"Empluk Setiawan, M.Ak",Korporat,Perempuan,081272837932,pranowoakarsana@example.org,Jakarta Pusat,DKI Jakarta,2025-11-11,1
1292,CUST-01292,Ani Nuraini,Korporat,Laki-laki,081217525600,rmandala@example.net,Jakarta Pusat,DKI Jakarta,2024-12-24,1
1293,CUST-01293,Emil Setiawan,Korporat,Laki-laki,081290526826,harimurti89@example.com,Solo,Jawa Tengah,2024-11-03,1
1294,CUST-01294,Bakda Siregar,Individual,Laki-laki,081296168467,,Malang,Jawa Timur,2025-03-14,1
1295,CUST-01295,Tgk. Kayla Haryanti,Bisnis,Perempuan,,cahyopuspasari@example.net,Padang,Sumatera Barat,2025-10-29,1
1296,CUST-01296,R. Titin Waluyo,Individual,Perempuan,081287156554,hasimhasanah@example.com,Padang,Sumatera Barat,2024-09-27,1
1297,CUST-01297,"Ratih Wasita, S.E.I",Individual,Perempuan,081275474056,padmasaritugiman@example.org,Bandung,Jawa Barat,2025-06-22,0
1298,CUST-01298,Gamani Sihombing,Individual,Perempuan,081263320009,dono34@example.net,Banjarmasin,Kalimantan Selatan,2024-11-26,1
1299,CUST-01299,Ulya Sitompul,Individual,Laki-laki,081240686804,shastuti@example.com,Pekanbaru,Riau,2025-02-14,1
1300,CUST-01300,"H. Vinsen Utami, S.E.I",Individual,Perempuan,081216550448,pardi81@example.com,Makassar,Sulawesi Selatan,2024-10-12,1
1301,CUST-01301,"Olga Mahendra, M.TI.",Bisnis,Laki-laki,081274111848,kasusra97@example.net,Yogyakarta,DI Yogyakarta,2024-06-22,1
1302,CUST-01302,Radit Mangunsong,Bisnis,Perempuan,081250113201,iramadan@example.net,Jakarta Pusat,DKI Jakarta,2024-11-26,1
1303,CUST-01303,"Kemba Wasita, S.T.",Individual,Laki-laki,,makarapalastri@example.org,Tangerang,Banten,2025-08-14,0
1304,CUST-01304,Rusman Sitompul,Individual,Laki-laki,081254898677,radriansyah@example.com,Yogyakarta,DI Yogyakarta,2025-07-23,1
1305,CUST-01305,Nrima Aryani,Individual,Perempuan,081219308622,hanizulaika@example.com,Padang,Sumatera Barat,2026-03-06,1
1306,CUST-01306,"Dr. Kacung Zulkarnain, S.Psi",Individual,Laki-laki,081216641120,karta05@example.net,Surabaya,Jawa Timur,2024-11-04,1
1307,CUST-01307,R. Kartika Latupono,Individual,Laki-laki,,,Pekanbaru,Riau,2025-04-25,1
1308,CUST-01308,Zamira Wahyudin,Individual,Perempuan,081285567269,danusuartini@example.com,Malang,Jawa Timur,2025-08-05,1
1309,CUST-01309,"Cinthia Mansur, M.Kom.",Individual,Perempuan,081286582040,nasyidahtiara@example.org,Palembang,Sumatera Selatan,2024-10-05,1
1310,CUST-01310,Aditya Mandasari,Individual,Laki-laki,081213023072,nsiregar@example.net,Makassar,Sulawesi Selatan,2026-02-19,1
1311,CUST-01311,"Ganda Haryanti, S.E.",Individual,Perempuan,081266349223,pudjiastutijayadi@example.net,Medan,Sumatera Utara,2026-02-14,1
1312,CUST-01312,Maimunah Irawan,Individual,Perempuan,081242539173,,Manado,Sulawesi Utara,2025-02-09,1
1313,CUST-01313,"R.M. Kuncara Namaga, S.E.",Individual,Laki-laki,081290453609,pariskusmawati@example.net,Jakarta Pusat,DKI Jakarta,2026-04-06,1
1314,CUST-01314,dr. Kamaria Adriansyah,Individual,Laki-laki,081263212313,faridavanya@example.com,Bandung,Jawa Barat,2024-07-15,1
1315,CUST-01315,Mala Nugroho,Individual,Laki-laki,081241873398,suryatmiasmadi@example.com,Semarang,Jawa Tengah,2024-08-02,1
1316,CUST-01316,"Dr. Salsabila Mahendra, M.Pd",Korporat,Perempuan,081256335914,nusada@example.org,Medan,Sumatera Utara,2025-09-28,1
1317,CUST-01317,"T. Heryanto Narpati, S.Ked",Individual,Perempuan,081228337333,cahyonoprabowo@example.com,Yogyakarta,DI Yogyakarta,2024-11-08,1
1318,CUST-01318,"Halima Winarno, S.Gz",Bisnis,Perempuan,081218677388,uyainahcatur@example.net,Banjarmasin,Kalimantan Selatan,2026-03-04,1
1319,CUST-01319,"Tgk. Vega Prakasa, S.I.Kom",Individual,Perempuan,081223888430,kasimyolanda@example.com,Balikpapan,Kalimantan Timur,2025-09-10,1
1320,CUST-01320,Kayla Saputra,Individual,Laki-laki,081277499279,lailasarikartika@example.net,Denpasar,Bali,2025-07-23,1
1321,CUST-01321,Lantar Iswahyudi,Individual,Laki-laki,081259024094,cahyonosuryono@example.com,Palembang,Sumatera Selatan,2024-08-27,1
1322,CUST-01322,Puti Sudiati,Individual,Perempuan,081276586181,anita47@example.com,Semarang,Jawa Tengah,2026-01-13,1
1323,CUST-01323,Zulaikha Uwais,Individual,Perempuan,081243672343,rahayuega@example.org,Batam,Kepulauan Riau,2026-01-07,1
1324,CUST-01324,Sabrina Kurniawan,Bisnis,Perempuan,081221060954,,Manado,Sulawesi Utara,2025-01-03,1
1325,CUST-01325,Hana Sitompul,Individual,Perempuan,081258001793,cemetiputra@example.com,Semarang,Jawa Tengah,2026-01-29,1
1326,CUST-01326,Puti Kayla Sudiati,Individual,Perempuan,081287667838,,Batam,Kepulauan Riau,2026-05-11,1
1327,CUST-01327,Keisha Najmudin,Individual,Perempuan,081264131903,zahra05@example.net,Semarang,Jawa Tengah,2025-05-08,1
1328,CUST-01328,"Hj. Sakura Maulana, S.E.",Individual,Laki-laki,081238820865,izulaika@example.net,Padang,Sumatera Barat,2025-05-23,1
1329,CUST-01329,"Eka Irawan, S.Pd",Bisnis,Perempuan,081261404233,,Batam,Kepulauan Riau,2025-12-31,1
1330,CUST-01330,Wage Pudjiastuti,Individual,Laki-laki,081237915650,widiastutiraihan@example.org,Padang,Sumatera Barat,2026-04-21,1
1331,CUST-01331,Ilsa Wibisono,Individual,Perempuan,081218585753,malika67@example.net,Manado,Sulawesi Utara,2024-12-29,1
1332,CUST-01332,Nasab Pratiwi,Bisnis,Perempuan,081264084256,vsusanti@example.com,Surabaya,Jawa Timur,2026-05-11,1
1333,CUST-01333,"Drs. Elisa Putra, S.Sos",Bisnis,Perempuan,081298872790,akarsana20@example.net,Palembang,Sumatera Selatan,2026-03-18,1
1334,CUST-01334,"Tgk. Septi Kusumo, S.Gz",Korporat,Laki-laki,081275828824,kasusra31@example.net,Medan,Sumatera Utara,2025-05-28,1
1335,CUST-01335,Julia Kuswoyo,Individual,Laki-laki,081298019950,kandriani@example.com,Tangerang,Banten,2026-02-24,1
1336,CUST-01336,"Drs. Karman Jailani, S.I.Kom",Individual,Perempuan,081234533147,kala53@example.org,Bekasi,Jawa Barat,2024-10-04,1
1337,CUST-01337,"Sutan Asmuni Kusmawati, S.H.",Individual,Perempuan,081283359031,dsihombing@example.com,Banjarmasin,Kalimantan Selatan,2025-02-09,1
1338,CUST-01338,Raisa Najmudin,Individual,Laki-laki,081241643298,adhiarjapradipta@example.net,Yogyakarta,DI Yogyakarta,2026-02-06,1
1339,CUST-01339,Putri Budiyanto,Individual,Laki-laki,,,Padang,Sumatera Barat,2025-05-31,1
1340,CUST-01340,Mustika Yuniar,Individual,Perempuan,081210033889,kawacasimbolon@example.net,Manado,Sulawesi Utara,2026-06-04,1
1341,CUST-01341,"Ir. Kartika Prayoga, S.H.",Bisnis,Laki-laki,081248055550,edwardsuwarno@example.org,Solo,Jawa Tengah,2025-02-22,1
1342,CUST-01342,Uchita Prasetya,Individual,Laki-laki,081216219586,hariyahcakrabuana@example.net,Solo,Jawa Tengah,2024-09-05,1
1343,CUST-01343,Asmadi Purwanti,Korporat,Perempuan,081253369498,baktiadinugroho@example.net,Jakarta Pusat,DKI Jakarta,2024-07-27,1
1344,CUST-01344,Kamila Kuswandari,Individual,Laki-laki,,usadasafina@example.net,Pekanbaru,Riau,2026-04-15,1
1345,CUST-01345,Elma Zulaika,Individual,Laki-laki,081225778813,wirda30@example.com,Batam,Kepulauan Riau,2025-06-25,1
1346,CUST-01346,Dinda Pangestu,Individual,Laki-laki,081240013658,muhammadadriansyah@example.com,Makassar,Sulawesi Selatan,2025-07-21,1
1347,CUST-01347,Darsirah Safitri,Korporat,Laki-laki,081212611873,hamzah84@example.org,Yogyakarta,DI Yogyakarta,2025-08-20,1
1348,CUST-01348,Radika Prasetya,Individual,Laki-laki,081256432182,solehyolanda@example.org,Jakarta Pusat,DKI Jakarta,2025-08-12,1
1349,CUST-01349,Gaman Mandasari,Bisnis,Perempuan,,daniswara69@example.org,Denpasar,Bali,2025-08-03,1
1350,CUST-01350,R.A. Rina Mangunsong,Bisnis,Laki-laki,081221567997,umaypangestu@example.org,Batam,Kepulauan Riau,2025-04-14,1
1351,CUST-01351,Cut Zelaya Prastuti,Individual,Laki-laki,081211686492,elvin69@example.org,Jakarta Selatan,DKI Jakarta,2025-07-07,1
1352,CUST-01352,Maria Samosir,Individual,Laki-laki,081224848122,suartinidadap@example.net,Semarang,Jawa Tengah,2024-11-14,1
1353,CUST-01353,"Wawan Dongoran, S.Kom",Individual,Laki-laki,081213754601,garanpranowo@example.org,Malang,Jawa Timur,2025-07-02,1
1354,CUST-01354,"dr. Banawi Mandala, S.Farm",Individual,Laki-laki,081224540984,wagerajata@example.net,Malang,Jawa Timur,2024-10-18,1
1355,CUST-01355,Umaya Lazuardi,Bisnis,Perempuan,081227004909,uda68@example.net,Balikpapan,Kalimantan Timur,2024-11-09,1
1356,CUST-01356,"Siti Purwanti, S.H.",Bisnis,Laki-laki,,narji58@example.org,Surabaya,Jawa Timur,2025-01-31,1
1357,CUST-01357,"drg. Aris Simbolon, S.Pt",Individual,Laki-laki,081260328594,paimanprasetyo@example.com,Yogyakarta,DI Yogyakarta,2026-03-30,1
1358,CUST-01358,Harsana Pangestu,Korporat,Laki-laki,081284722561,epalastri@example.com,Malang,Jawa Timur,2026-06-18,1
1359,CUST-01359,Balijan Siregar,Individual,Laki-laki,081222817126,ega60@example.org,Makassar,Sulawesi Selatan,2026-05-14,0
1360,CUST-01360,drg. Banawi Uwais,Individual,Laki-laki,081271906091,mardhiyahdartono@example.com,Malang,Jawa Timur,2025-10-11,1
1361,CUST-01361,Banawa Nasyiah,Bisnis,Laki-laki,081258261703,makara13@example.com,Semarang,Jawa Tengah,2025-04-07,1
1362,CUST-01362,Banara Hakim,Individual,Laki-laki,081257439468,natsircakrawangsa@example.com,Bandung,Jawa Barat,2024-12-31,1
1363,CUST-01363,Rina Usamah,Individual,Perempuan,081291111683,xwahyuni@example.org,Padang,Sumatera Barat,2026-05-18,1
1364,CUST-01364,"Tomi Prastuti, S.IP",Individual,Perempuan,081241782040,,Balikpapan,Kalimantan Timur,2024-07-07,1
1365,CUST-01365,"Cut Ghaliyati Mansur, S.Gz",Bisnis,Laki-laki,081228817958,gandaardianto@example.net,Semarang,Jawa Tengah,2024-08-28,1
1366,CUST-01366,H. Tasdik Safitri,Individual,Laki-laki,081272090150,mangunsongedi@example.org,Bandung,Jawa Barat,2025-11-09,1
1367,CUST-01367,Vera Pertiwi,Individual,Perempuan,081276973309,saputraprabu@example.com,Medan,Sumatera Utara,2024-10-18,0
1368,CUST-01368,"Cut Wulan Thamrin, S.Kom",Individual,Perempuan,081250322360,hendrasusanti@example.net,Palembang,Sumatera Selatan,2024-06-23,0
1369,CUST-01369,Kamaria Suartini,Individual,Perempuan,081228811866,umaya71@example.com,Jakarta Pusat,DKI Jakarta,2026-03-13,1
1370,CUST-01370,Unjani Samosir,Individual,Laki-laki,081291579079,,Semarang,Jawa Tengah,2026-05-22,1
1371,CUST-01371,"Paris Handayani, S.Pt",Individual,Laki-laki,,thakim@example.org,Manado,Sulawesi Utara,2026-03-08,1
1372,CUST-01372,Maimunah Saragih,Individual,Perempuan,081283973328,,Manado,Sulawesi Utara,2026-04-20,1
1373,CUST-01373,Luthfi Puspita,Bisnis,Laki-laki,081282392129,prabowowinarsih@example.net,Palembang,Sumatera Selatan,2025-11-04,1
1374,CUST-01374,Ellis Putra,Individual,Laki-laki,081268791901,,Pekanbaru,Riau,2024-07-11,1
1375,CUST-01375,Hj. Sadina Mandasari,Korporat,Perempuan,081223754781,gantarfarida@example.com,Palembang,Sumatera Selatan,2024-10-08,1
1376,CUST-01376,"R. Gaman Narpati, M.Farm",Bisnis,Perempuan,081228226791,yuliartiintan@example.com,Palembang,Sumatera Selatan,2024-07-13,1
1377,CUST-01377,Najam Mardhiyah,Korporat,Perempuan,081256296421,oktavianidadi@example.com,Tangerang,Banten,2024-09-15,1
1378,CUST-01378,Ir. Zamira Prasasta,Individual,Perempuan,081232490748,jindra58@example.org,Makassar,Sulawesi Selatan,2024-08-30,1
1379,CUST-01379,"Bakijan Anggraini, S.Pd",Bisnis,Laki-laki,081281861157,,Semarang,Jawa Tengah,2026-05-26,1
1380,CUST-01380,"Restu Mustofa, M.Ak",Bisnis,Laki-laki,081299705524,amalia42@example.net,Jakarta Selatan,DKI Jakarta,2026-04-27,1
1381,CUST-01381,"Asirwada Pratama, M.Ak",Korporat,Perempuan,,ajimat94@example.com,Bandung,Jawa Barat,2024-10-14,1
1382,CUST-01382,Balamantri Simanjuntak,Bisnis,Laki-laki,081251481316,megantaratina@example.net,Jakarta Pusat,DKI Jakarta,2025-02-23,1
1383,CUST-01383,Wirda Rahayu,Individual,Laki-laki,,lukmansaputra@example.org,Denpasar,Bali,2026-01-14,1
1384,CUST-01384,"Sutan Balamantri Hidayanto, S.Psi",Individual,Laki-laki,081281155956,karenfirgantoro@example.org,Bekasi,Jawa Barat,2025-05-29,1
1385,CUST-01385,Dr. Dina Puspita,Individual,Laki-laki,,dadappratama@example.com,Banjarmasin,Kalimantan Selatan,2026-05-18,1
1386,CUST-01386,Puti Sirait,Korporat,Laki-laki,081281659861,ksimanjuntak@example.net,Bandung,Jawa Barat,2025-09-28,1
1387,CUST-01387,"Victoria Yulianti, M.Farm",Individual,Laki-laki,081256387637,cahyadi39@example.org,Malang,Jawa Timur,2026-03-12,1
1388,CUST-01388,R.M. Banawi Sitorus,Bisnis,Laki-laki,081213549564,jasmanihariyah@example.org,Makassar,Sulawesi Selatan,2024-07-25,1
1389,CUST-01389,Cut Aisyah Anggraini,Individual,Laki-laki,081241237085,endra52@example.org,Pekanbaru,Riau,2024-11-27,1
1390,CUST-01390,Caket Prayoga,Bisnis,Perempuan,081299184905,oktagunawan@example.net,Balikpapan,Kalimantan Timur,2026-02-24,1
1391,CUST-01391,Hesti Prayoga,Bisnis,Perempuan,081272259791,harjopudjiastuti@example.net,Padang,Sumatera Barat,2024-11-25,1
1392,CUST-01392,Kunthara Mahendra,Individual,Perempuan,081271326659,sabrinamaryadi@example.org,Jakarta Pusat,DKI Jakarta,2024-09-30,1
1393,CUST-01393,Tgk. Lalita Uyainah,Individual,Perempuan,,dirja36@example.org,Padang,Sumatera Barat,2025-09-26,1
1394,CUST-01394,Gina Melani,Bisnis,Laki-laki,081288024183,kusumorama@example.net,Yogyakarta,DI Yogyakarta,2025-08-02,1
1395,CUST-01395,"Baktiono Nuraini, S.Sos",Korporat,Perempuan,081280631754,kjanuar@example.net,Balikpapan,Kalimantan Timur,2024-11-23,1
1396,CUST-01396,"dr. Jayadi Halimah, S.IP",Individual,Perempuan,081255639901,novafirgantoro@example.net,Yogyakarta,DI Yogyakarta,2025-05-24,1
1397,CUST-01397,Zelda Maryati,Korporat,Perempuan,081262366654,,Bandung,Jawa Barat,2025-03-23,1
1398,CUST-01398,"Ir. Jelita Nababan, S.E.I",Bisnis,Laki-laki,081241902847,irfan66@example.com,Padang,Sumatera Barat,2025-06-27,1
1399,CUST-01399,"Cahyo Winarsih, S.E.",Individual,Laki-laki,081243387501,ryuniar@example.net,Bekasi,Jawa Barat,2025-08-12,1
1400,CUST-01400,Dr. Natalia Puspita,Bisnis,Perempuan,081270412049,dwi57@example.org,Solo,Jawa Tengah,2026-01-19,1
1401,CUST-01401,Ilsa Agustina,Individual,Perempuan,081220855882,blazuardi@example.com,Balikpapan,Kalimantan Timur,2025-04-26,1
1402,CUST-01402,Cut Silvia Waluyo,Individual,Perempuan,081254974359,,Padang,Sumatera Barat,2025-04-25,1
1403,CUST-01403,Zamira Mansur,Individual,Laki-laki,081293381387,,Solo,Jawa Tengah,2025-09-10,1
1404,CUST-01404,Harimurti Prasetya,Individual,Perempuan,081261163886,winarnoayu@example.com,Medan,Sumatera Utara,2026-03-23,1
1405,CUST-01405,Wawan Hastuti,Individual,Perempuan,081227638865,sitithamrin@example.net,Manado,Sulawesi Utara,2024-11-05,0
1406,CUST-01406,Capa Kuswandari,Korporat,Perempuan,081273634321,dkuswandari@example.org,Jakarta Selatan,DKI Jakarta,2025-10-22,1
1407,CUST-01407,"Tgk. Sakura Nababan, M.Farm",Korporat,Perempuan,,narjihakim@example.com,Solo,Jawa Tengah,2025-05-30,1
1408,CUST-01408,Dian Suwarno,Bisnis,Laki-laki,081242975445,suartiniirfan@example.org,Tangerang,Banten,2025-03-15,1
1409,CUST-01409,Natalia Nababan,Individual,Perempuan,081217441914,hairyanto33@example.org,Padang,Sumatera Barat,2025-10-13,1
1410,CUST-01410,"Drs. Putri Mangunsong, M.Ak",Korporat,Laki-laki,081257599850,puspapalastri@example.org,Denpasar,Bali,2024-11-15,1
1411,CUST-01411,Lili Rajasa,Individual,Laki-laki,081278293160,najwa04@example.net,Makassar,Sulawesi Selatan,2026-03-28,1
1412,CUST-01412,"Kasusra Rahmawati, M.TI.",Individual,Perempuan,081225427178,qagustina@example.com,Pekanbaru,Riau,2026-02-03,0
1413,CUST-01413,Tomi Wahyuni,Individual,Perempuan,081210471921,rpuspasari@example.net,Palembang,Sumatera Selatan,2026-04-13,1
1414,CUST-01414,Aditya Jailani,Korporat,Perempuan,081282511580,winarsihhani@example.net,Surabaya,Jawa Timur,2025-08-17,1
1415,CUST-01415,Jaga Rahimah,Bisnis,Laki-laki,081279519326,nilam63@example.net,Tangerang,Banten,2025-02-13,1
1416,CUST-01416,"Humaira Najmudin, S.Sos",Individual,Laki-laki,081225050187,safitrivino@example.com,Makassar,Sulawesi Selatan,2025-11-20,1
1417,CUST-01417,T. Dirja Maryati,Individual,Perempuan,081261811395,utamijulia@example.net,Jakarta Selatan,DKI Jakarta,2026-03-09,1
1418,CUST-01418,"Yunita Pradana, M.M.",Individual,Perempuan,081298153013,sgunawan@example.net,Bandung,Jawa Barat,2026-02-22,1
1419,CUST-01419,Tiara Kuswandari,Korporat,Perempuan,081218839359,kalimnasyidah@example.org,Surabaya,Jawa Timur,2024-09-05,1
1420,CUST-01420,"KH. Cahyanto Hutapea, M.Ak",Korporat,Perempuan,081232483759,anita75@example.org,Padang,Sumatera Barat,2024-09-25,1
1421,CUST-01421,Hamima Sirait,Korporat,Laki-laki,081252378275,yprasetya@example.com,Semarang,Jawa Tengah,2025-05-14,1
1422,CUST-01422,Hj. Laras Puspita,Individual,Perempuan,081239215554,tgunarto@example.com,Bekasi,Jawa Barat,2024-07-22,1
1423,CUST-01423,"Gilda Sitompul, M.Kom.",Korporat,Perempuan,081282789133,ipadmasari@example.org,Palembang,Sumatera Selatan,2024-11-18,1
1424,CUST-01424,"Saiful Pertiwi, M.TI.",Individual,Perempuan,081211861602,gjailani@example.org,Denpasar,Bali,2025-01-29,1
1425,CUST-01425,Tgk. Jaeman Mardhiyah,Individual,Laki-laki,081251280806,,Medan,Sumatera Utara,2026-01-21,1
1426,CUST-01426,Prasetya Najmudin,Korporat,Perempuan,081251962712,tpuspasari@example.com,Tangerang,Banten,2025-07-07,0
1427,CUST-01427,Hardi Yolanda,Individual,Laki-laki,081217755216,lrahayu@example.com,Balikpapan,Kalimantan Timur,2025-07-22,1
1428,CUST-01428,Aslijan Nababan,Individual,Laki-laki,081269304392,budiyantomumpuni@example.org,Manado,Sulawesi Utara,2025-07-17,1
1429,CUST-01429,Mursita Pradana,Individual,Perempuan,081277162893,cakrawangsa15@example.net,Pekanbaru,Riau,2025-11-05,1
1430,CUST-01430,drg. Tiara Hakim,Individual,Perempuan,081262074611,mnugroho@example.org,Palembang,Sumatera Selatan,2025-02-21,1
1431,CUST-01431,"Lili Prayoga, S.Sos",Individual,Laki-laki,081214111375,xdamanik@example.com,Banjarmasin,Kalimantan Selatan,2026-03-05,1
1432,CUST-01432,Capa Napitupulu,Bisnis,Laki-laki,081285655098,wibowocatur@example.com,Padang,Sumatera Barat,2024-07-08,1
1433,CUST-01433,Gandi Pranowo,Individual,Laki-laki,081274421517,ekanatsir@example.net,Makassar,Sulawesi Selatan,2024-12-06,1
1434,CUST-01434,"Kartika Siregar, S.I.Kom",Bisnis,Laki-laki,081298048594,salsabilawaskita@example.org,Bekasi,Jawa Barat,2024-08-29,1
1435,CUST-01435,Nurul Halim,Individual,Perempuan,081272673977,mangunsongirsad@example.com,Manado,Sulawesi Utara,2026-04-22,1
1436,CUST-01436,Keisha Pudjiastuti,Individual,Perempuan,081289998765,hutapeapia@example.com,Malang,Jawa Timur,2026-03-13,1
1437,CUST-01437,Rusman Budiyanto,Individual,Laki-laki,081234524243,lasmanto70@example.com,Pekanbaru,Riau,2024-11-19,1
1438,CUST-01438,Nadia Yuliarti,Individual,Laki-laki,081231192148,gnurdiyanti@example.com,Surabaya,Jawa Timur,2025-05-20,1
1439,CUST-01439,Yunita Manullang,Individual,Laki-laki,081293612840,handayanikani@example.com,Medan,Sumatera Utara,2025-12-02,1
1440,CUST-01440,"Sutan Emil Dabukke, S.Gz",Bisnis,Perempuan,081267377925,vtarihoran@example.net,Tangerang,Banten,2025-04-30,1
1441,CUST-01441,Drs. Febi Kusmawati,Individual,Laki-laki,081224526740,,Jakarta Selatan,DKI Jakarta,2026-01-03,0
1442,CUST-01442,"Tiara Pradipta, M.Ak",Individual,Laki-laki,081278448988,januarhasan@example.com,Solo,Jawa Tengah,2025-06-17,1
1443,CUST-01443,Tira Mustofa,Individual,Laki-laki,081231078146,winarnoartanto@example.org,Pekanbaru,Riau,2024-12-02,1
1444,CUST-01444,Keisha Susanti,Individual,Laki-laki,081219328222,salahudinwadi@example.com,Bandung,Jawa Barat,2026-05-04,1
1445,CUST-01445,Cici Wahyuni,Individual,Laki-laki,081232437079,,Bandung,Jawa Barat,2025-11-27,0
1446,CUST-01446,"Dr. Raden Rahmawati, S.Pt",Individual,Perempuan,081260210471,irwan38@example.org,Manado,Sulawesi Utara,2025-07-08,1
1447,CUST-01447,Kayla Manullang,Individual,Perempuan,081287971698,tirasuryono@example.org,Medan,Sumatera Utara,2025-10-27,1
1448,CUST-01448,Mustika Safitri,Individual,Perempuan,081263430344,caket77@example.com,Banjarmasin,Kalimantan Selatan,2026-05-08,1
1449,CUST-01449,Drs. Darmanto Zulaika,Individual,Perempuan,081234987212,mahendragaliono@example.com,Jakarta Selatan,DKI Jakarta,2025-01-09,1
1450,CUST-01450,"Indra Najmudin, S.Ked",Individual,Perempuan,081268802711,maman23@example.com,Malang,Jawa Timur,2024-09-28,1
1451,CUST-01451,Dr. Kartika Ramadan,Individual,Perempuan,081241630356,jinawi80@example.com,Denpasar,Bali,2025-11-11,1
1452,CUST-01452,Nilam Sihombing,Bisnis,Laki-laki,081243956421,iwaskita@example.com,Malang,Jawa Timur,2025-11-30,1
1453,CUST-01453,Titi Wulandari,Individual,Perempuan,081269321340,kajenwahyudin@example.com,Palembang,Sumatera Selatan,2025-10-23,1
1454,CUST-01454,Ghani Damanik,Individual,Laki-laki,081218667743,,Bandung,Jawa Barat,2025-02-04,1
1455,CUST-01455,Bahuwarna Nababan,Individual,Laki-laki,081263573400,hamzahoktaviani@example.com,Palembang,Sumatera Selatan,2026-01-22,1
1456,CUST-01456,drg. Cawisadi Uyainah,Individual,Laki-laki,081242771872,ajiman58@example.com,Bandung,Jawa Barat,2024-07-18,1
1457,CUST-01457,Prabu Saragih,Individual,Laki-laki,081271339848,puspitaheryanto@example.com,Palembang,Sumatera Selatan,2025-03-24,1
1458,CUST-01458,Jarwi Mustofa,Individual,Perempuan,081282574655,bsitompul@example.com,Denpasar,Bali,2025-05-25,1
1459,CUST-01459,Maman Pangestu,Individual,Perempuan,081278675745,rkurniawan@example.net,Malang,Jawa Timur,2025-08-09,1
1460,CUST-01460,Hj. Safina Sihombing,Bisnis,Perempuan,081246604599,ajengwidodo@example.net,Balikpapan,Kalimantan Timur,2025-07-06,1
1461,CUST-01461,Galak Rahayu,Individual,Perempuan,081282884901,santosomulyanto@example.org,Bandung,Jawa Barat,2025-12-12,1
1462,CUST-01462,"Emil Sirait, S.Kom",Individual,Perempuan,081219022322,canggraini@example.com,Denpasar,Bali,2024-11-26,1
1463,CUST-01463,"Mujur Yolanda, M.Farm",Individual,Perempuan,081218432220,napitupulusamsul@example.org,Bandung,Jawa Barat,2025-06-21,1
1464,CUST-01464,Putri Firgantoro,Individual,Laki-laki,081278107934,wakiman95@example.net,Palembang,Sumatera Selatan,2024-11-25,1
1465,CUST-01465,Rika Hartati,Korporat,Perempuan,081212623446,mangunsongeli@example.com,Jakarta Pusat,DKI Jakarta,2024-12-09,1
1466,CUST-01466,Yunita Zulkarnain,Individual,Perempuan,081277956011,dwiputra@example.net,Tangerang,Banten,2026-03-01,1
1467,CUST-01467,Kayla Nababan,Individual,Laki-laki,081251620009,cecep13@example.com,Balikpapan,Kalimantan Timur,2025-09-01,1
1468,CUST-01468,Vicky Pradana,Bisnis,Laki-laki,081299414527,wirda90@example.org,Solo,Jawa Tengah,2025-09-20,1
1469,CUST-01469,Prakosa Purnawati,Individual,Laki-laki,081269647324,jonoharyanti@example.org,Padang,Sumatera Barat,2025-03-25,1
1470,CUST-01470,Endah Laksmiwati,Individual,Perempuan,081258144779,mandasarivera@example.com,Surabaya,Jawa Timur,2026-06-11,1
1471,CUST-01471,Drs. Diah Irawan,Korporat,Perempuan,081277670494,taufikwijayanti@example.net,Banjarmasin,Kalimantan Selatan,2025-06-10,1
1472,CUST-01472,Daliman Novitasari,Individual,Perempuan,081286137852,hrahayu@example.net,Medan,Sumatera Utara,2026-03-23,1
1473,CUST-01473,"Ellis Namaga, S.Ked",Individual,Laki-laki,081296402313,rsusanti@example.org,Malang,Jawa Timur,2026-06-08,0
1474,CUST-01474,"Hesti Melani, M.Kom.",Individual,Perempuan,081214918488,santosoclara@example.org,Solo,Jawa Tengah,2025-03-07,1
1475,CUST-01475,"Hj. Ana Adriansyah, M.M.",Korporat,Laki-laki,081228488030,ahakim@example.org,Makassar,Sulawesi Selatan,2024-10-06,1
1476,CUST-01476,"Ir. Embuh Rajata, S.T.",Korporat,Laki-laki,081240505594,hasanahzelaya@example.com,Batam,Kepulauan Riau,2025-08-22,1
1477,CUST-01477,Icha Agustina,Bisnis,Perempuan,081265814888,almirasinaga@example.com,Makassar,Sulawesi Selatan,2024-08-26,1
1478,CUST-01478,Rina Anggraini,Individual,Laki-laki,,mprasasta@example.org,Tangerang,Banten,2025-09-22,1
1479,CUST-01479,Dewi Pratiwi,Individual,Laki-laki,,dimas40@example.org,Yogyakarta,DI Yogyakarta,2024-12-25,1
1480,CUST-01480,"Tgk. Waluyo Maheswara, S.Gz",Individual,Laki-laki,081277521243,jsetiawan@example.com,Bekasi,Jawa Barat,2025-04-13,1
1481,CUST-01481,T. Kadir Wasita,Korporat,Perempuan,081284569202,mursita45@example.net,Medan,Sumatera Utara,2024-10-03,1
1482,CUST-01482,Lanjar Hakim,Individual,Laki-laki,081220537054,,Padang,Sumatera Barat,2025-02-25,1
1483,CUST-01483,"Carla Sitompul, M.Kom.",Bisnis,Perempuan,081297592329,dwi02@example.com,Makassar,Sulawesi Selatan,2025-09-19,1
1484,CUST-01484,Kania Manullang,Individual,Laki-laki,081253547998,safina23@example.com,Banjarmasin,Kalimantan Selatan,2025-09-26,1
1485,CUST-01485,Puti Sudiati,Bisnis,Laki-laki,081214368464,kawaca99@example.org,Balikpapan,Kalimantan Timur,2024-10-02,1
1486,CUST-01486,"dr. Alambana Gunawan, M.Farm",Korporat,Perempuan,081284455406,farah39@example.org,Pekanbaru,Riau,2025-01-19,1
1487,CUST-01487,Virman Rajasa,Individual,Laki-laki,081231802359,diana35@example.org,Makassar,Sulawesi Selatan,2025-03-30,1
1488,CUST-01488,Intan Siregar,Bisnis,Laki-laki,081270418888,mariadiwidodo@example.net,Banjarmasin,Kalimantan Selatan,2024-09-16,1
1489,CUST-01489,"Hafshah Napitupulu, S.Gz",Individual,Perempuan,081244963335,kajen30@example.com,Pekanbaru,Riau,2025-09-08,1
1490,CUST-01490,Ghaliyati Sitompul,Individual,Laki-laki,081298502208,,Pekanbaru,Riau,2025-08-16,1
1491,CUST-01491,"Ade Nashiruddin, S.I.Kom",Individual,Perempuan,081216556581,daruna64@example.org,Medan,Sumatera Utara,2025-08-15,1
1492,CUST-01492,"Wirda Santoso, S.Sos",Individual,Perempuan,081291858155,siskaiswahyudi@example.net,Balikpapan,Kalimantan Timur,2025-06-02,1
1493,CUST-01493,"Wulan Pradana, M.TI.",Individual,Perempuan,081221638843,atmajahandayani@example.net,Medan,Sumatera Utara,2025-07-05,1
1494,CUST-01494,"Cut Ida Farida, S.Psi",Individual,Perempuan,081262573594,vanyaandriani@example.com,Jakarta Selatan,DKI Jakarta,2025-12-07,1
1495,CUST-01495,"Samiah Usamah, M.Pd",Korporat,Laki-laki,081290839716,usetiawan@example.com,Palembang,Sumatera Selatan,2026-01-26,1
1496,CUST-01496,Tedi Maryadi,Individual,Perempuan,081255174343,nasrullah90@example.net,Bandung,Jawa Barat,2025-07-19,1
1497,CUST-01497,dr. Betania Irawan,Bisnis,Perempuan,081293303876,betania36@example.net,Bandung,Jawa Barat,2025-02-14,1
1498,CUST-01498,Titin Gunarto,Individual,Laki-laki,081276869274,cakrajiyakusmawati@example.org,Tangerang,Banten,2024-10-24,1
1499,CUST-01499,Ihsan Thamrin,Individual,Perempuan,081259940362,martaka21@example.org,Surabaya,Jawa Timur,2025-04-06,1
1500,CUST-01500,"R.M. Budi Anggraini, S.Gz",Individual,Laki-laki,081213852995,thamrinraden@example.org,Denpasar,Bali,2025-06-01,1
1501,CUST-01501,Asirwada Hutapea,Individual,Perempuan,081210397299,rahimahprima@example.com,Makassar,Sulawesi Selatan,2024-12-12,0
1502,CUST-01502,Chelsea Mulyani,Bisnis,Perempuan,081218748512,gnarpati@example.net,Banjarmasin,Kalimantan Selatan,2024-12-22,1
1503,CUST-01503,Lamar Wahyuni,Individual,Laki-laki,081229304215,mardhiyahsamiah@example.net,Malang,Jawa Timur,2025-06-18,1
1504,CUST-01504,"Wirda Uyainah, S.Psi",Individual,Perempuan,081275816664,gilang24@example.net,Bekasi,Jawa Barat,2026-01-21,1
1505,CUST-01505,H. Gambira Kusmawati,Individual,Perempuan,081271828415,fujiaticengkal@example.net,Palembang,Sumatera Selatan,2024-07-01,1
1506,CUST-01506,Nabila Sirait,Bisnis,Perempuan,081220058821,vanyahutagalung@example.net,Bekasi,Jawa Barat,2026-01-20,1
1507,CUST-01507,"R. Elvina Nasyiah, S.Pt",Individual,Perempuan,081219385935,nrima46@example.net,Banjarmasin,Kalimantan Selatan,2026-03-30,1
1508,CUST-01508,Aswani Sinaga,Bisnis,Perempuan,081281869028,aisyah13@example.net,Bandung,Jawa Barat,2024-10-10,1
1509,CUST-01509,R. Harjaya Halimah,Individual,Perempuan,081210893346,hassanahmanah@example.com,Balikpapan,Kalimantan Timur,2025-06-12,1
1510,CUST-01510,Perkasa Fujiati,Individual,Laki-laki,081243738345,windatampubolon@example.com,Yogyakarta,DI Yogyakarta,2025-12-19,1
1511,CUST-01511,Kartika Winarsih,Individual,Perempuan,081275945198,ulyabudiyanto@example.org,Medan,Sumatera Utara,2026-02-27,1
1512,CUST-01512,"Kayun Mandasari, S.Gz",Bisnis,Perempuan,081233179338,hadi00@example.org,Medan,Sumatera Utara,2025-10-20,1
1513,CUST-01513,Zaenab Hassanah,Individual,Perempuan,081257095826,,Surabaya,Jawa Timur,2025-06-14,1
1514,CUST-01514,R.M. Najib Hutagalung,Individual,Perempuan,081242798275,kasiranpermata@example.org,Jakarta Selatan,DKI Jakarta,2025-08-12,1
1515,CUST-01515,Mahesa Rahayu,Individual,Laki-laki,081210843729,prayogo90@example.org,Banjarmasin,Kalimantan Selatan,2026-03-12,1
1516,CUST-01516,Eli Tarihoran,Bisnis,Laki-laki,081290789832,yolandajulia@example.net,Tangerang,Banten,2025-04-16,1
1517,CUST-01517,Eman Mardhiyah,Korporat,Laki-laki,081232400850,galih04@example.org,Yogyakarta,DI Yogyakarta,2025-09-03,1
1518,CUST-01518,Tgk. Lukman Wasita,Individual,Laki-laki,081222429499,kamilafirmansyah@example.org,Surabaya,Jawa Timur,2026-05-01,1
1519,CUST-01519,KH. Cakrabuana Wibisono,Individual,Laki-laki,081280063761,purwantimulyono@example.net,Yogyakarta,DI Yogyakarta,2025-10-23,1
1520,CUST-01520,Ajiono Purwanti,Bisnis,Laki-laki,081276445314,respatinovitasari@example.org,Manado,Sulawesi Utara,2025-07-12,1
1521,CUST-01521,dr. Damar Suartini,Individual,Laki-laki,081286139689,purwanticitra@example.com,Balikpapan,Kalimantan Timur,2025-08-06,1
1522,CUST-01522,"Muhammad Farida, S.Pt",Individual,Laki-laki,081228587425,prasetya19@example.org,Malang,Jawa Timur,2024-09-27,1
1523,CUST-01523,Kamidin Wibisono,Individual,Laki-laki,081241071786,ejahidayanto@example.org,Manado,Sulawesi Utara,2025-04-22,1
1524,CUST-01524,Nugraha Hardiansyah,Bisnis,Perempuan,081225402952,inanasyidah@example.org,Banjarmasin,Kalimantan Selatan,2026-01-02,1
1525,CUST-01525,Mala Marpaung,Individual,Perempuan,081222624978,enababan@example.net,Palembang,Sumatera Selatan,2026-01-15,1
1526,CUST-01526,"Dr. Queen Nasyiah, M.Kom.",Individual,Laki-laki,081222577777,zprastuti@example.com,Balikpapan,Kalimantan Timur,2026-06-07,0
1527,CUST-01527,Dono Laksmiwati,Individual,Perempuan,081236192644,ghani52@example.org,Tangerang,Banten,2024-11-23,1
1528,CUST-01528,dr. Hasna Ramadan,Individual,Laki-laki,081219560112,gwahyuni@example.org,Solo,Jawa Tengah,2024-10-16,1
1529,CUST-01529,Vivi Mahendra,Individual,Laki-laki,081223871201,irfan02@example.org,Batam,Kepulauan Riau,2025-03-09,1
1530,CUST-01530,Oliva Saptono,Bisnis,Laki-laki,081269198865,viktor79@example.com,Balikpapan,Kalimantan Timur,2025-04-21,1
1531,CUST-01531,Halim Marbun,Individual,Perempuan,081295582408,ivan52@example.net,Pekanbaru,Riau,2026-05-13,1
1532,CUST-01532,Kasusra Putra,Individual,Laki-laki,081232934739,drajat71@example.com,Makassar,Sulawesi Selatan,2025-11-23,1
1533,CUST-01533,"drg. Cindy Januar, S.Gz",Individual,Perempuan,081247281520,oktopuspita@example.org,Bekasi,Jawa Barat,2025-01-31,1
1534,CUST-01534,Darmaji Waskita,Individual,Laki-laki,081230229930,setiawandewi@example.net,Pekanbaru,Riau,2026-05-22,1
1535,CUST-01535,Jaiman Natsir,Individual,Laki-laki,081218064821,jakawibowo@example.com,Palembang,Sumatera Selatan,2024-09-16,1
1536,CUST-01536,Dipa Sitorus,Bisnis,Laki-laki,081239735845,galar37@example.org,Bekasi,Jawa Barat,2025-06-29,1
1537,CUST-01537,"KH. Opung Marbun, S.Pt",Individual,Perempuan,081253917102,yance77@example.com,Makassar,Sulawesi Selatan,2025-12-01,1
1538,CUST-01538,Manah Nurdiyanti,Individual,Perempuan,081261087547,baktionosantoso@example.org,Tangerang,Banten,2025-03-22,1
1539,CUST-01539,"Makuta Tamba, S.Pd",Bisnis,Perempuan,081278209670,nashiruddinbahuraksa@example.org,Jakarta Pusat,DKI Jakarta,2025-04-15,1
1540,CUST-01540,Karsana Prabowo,Bisnis,Laki-laki,081264098608,oskargunarto@example.org,Yogyakarta,DI Yogyakarta,2024-10-30,1
1541,CUST-01541,"Drs. Baktianto Ramadan, S.T.",Individual,Perempuan,081292243152,hanaprastuti@example.com,Palembang,Sumatera Selatan,2026-05-30,1
1542,CUST-01542,Jail Dabukke,Individual,Perempuan,081254454863,wacanavivi@example.org,Padang,Sumatera Barat,2024-08-01,1
1543,CUST-01543,"Vivi Gunawan, M.Farm",Individual,Laki-laki,081298361267,adika70@example.org,Malang,Jawa Timur,2025-10-11,1
1544,CUST-01544,Hamima Hartati,Individual,Laki-laki,081274428620,purwantitaufan@example.net,Palembang,Sumatera Selatan,2025-10-29,0
1545,CUST-01545,"Atma Wastuti, S.Kom",Korporat,Laki-laki,081246541649,balanggapermadi@example.org,Medan,Sumatera Utara,2024-08-04,1
1546,CUST-01546,Agus Yuniar,Individual,Perempuan,081261021394,,Batam,Kepulauan Riau,2025-02-15,1
1547,CUST-01547,"Dipa Setiawan, M.Ak",Individual,Laki-laki,081262148843,eiswahyudi@example.net,Solo,Jawa Tengah,2025-06-16,1
1548,CUST-01548,Cemeti Napitupulu,Individual,Laki-laki,,caturanggadongoran@example.com,Palembang,Sumatera Selatan,2025-08-29,1
1549,CUST-01549,Tasdik Firgantoro,Individual,Laki-laki,081242397561,widya94@example.net,Banjarmasin,Kalimantan Selatan,2024-07-20,1
1550,CUST-01550,"Putri Permadi, S.Pd",Individual,Laki-laki,081271193805,tiarapadmasari@example.com,Medan,Sumatera Utara,2025-10-23,1
1551,CUST-01551,H. Nasrullah Lazuardi,Individual,Perempuan,081246081887,kuswoyohimawan@example.net,Malang,Jawa Timur,2025-11-15,0
1552,CUST-01552,"drg. Rini Habibi, S.Psi",Bisnis,Laki-laki,081263207286,dongoranwarta@example.net,Banjarmasin,Kalimantan Selatan,2024-08-11,1
1553,CUST-01553,Mumpuni Oktaviani,Korporat,Perempuan,081284964855,malikasihombing@example.net,Yogyakarta,DI Yogyakarta,2025-01-20,1
1554,CUST-01554,Shania Nugroho,Individual,Laki-laki,081231601336,gaimanharyanto@example.org,Bandung,Jawa Barat,2024-11-28,1
1555,CUST-01555,Wira Palastri,Individual,Perempuan,081221728745,lutfanhutapea@example.net,Solo,Jawa Tengah,2025-10-06,1
1556,CUST-01556,KH. Cahya Sudiati,Individual,Perempuan,081271170534,citrasimanjuntak@example.com,Balikpapan,Kalimantan Timur,2025-03-05,1
1557,CUST-01557,"Viman Dabukke, M.M.",Bisnis,Laki-laki,081237401446,,Balikpapan,Kalimantan Timur,2026-04-11,1
1558,CUST-01558,"Eva Januar, S.Sos",Individual,Perempuan,081237231113,ozy96@example.com,Semarang,Jawa Tengah,2026-04-14,1
1559,CUST-01559,"Zalindra Marbun, M.Pd",Korporat,Laki-laki,081280256935,kemaldamanik@example.com,Malang,Jawa Timur,2024-08-18,1
1560,CUST-01560,"Waluyo Ramadan, S.H.",Individual,Perempuan,081227604890,melaniparman@example.net,Bekasi,Jawa Barat,2024-09-02,1
1561,CUST-01561,R. Olivia Manullang,Individual,Perempuan,081224238013,purwantiokta@example.com,Pekanbaru,Riau,2024-07-14,1
1562,CUST-01562,"Dr. Citra Setiawan, M.Kom.",Bisnis,Laki-laki,,sihotangkasim@example.org,Jakarta Pusat,DKI Jakarta,2026-06-16,1
1563,CUST-01563,Cawisono Widiastuti,Individual,Laki-laki,081210420750,frahimah@example.com,Malang,Jawa Timur,2024-08-19,1
1564,CUST-01564,"Najwa Puspasari, M.M.",Individual,Perempuan,081230240259,,Bandung,Jawa Barat,2026-04-10,1
1565,CUST-01565,Rahman Hutapea,Individual,Laki-laki,081270588911,ynababan@example.org,Malang,Jawa Timur,2025-05-13,1
1566,CUST-01566,"Nasim Riyanti, S.IP",Individual,Perempuan,081230054378,sitompulvanesa@example.org,Pekanbaru,Riau,2025-10-09,1
1567,CUST-01567,Tari Mahendra,Individual,Perempuan,081290620830,harimurtihastuti@example.com,Makassar,Sulawesi Selatan,2025-07-29,1
1568,CUST-01568,Dt. Kemal Iswahyudi,Individual,Laki-laki,081221116956,ulyalaksmiwati@example.com,Padang,Sumatera Barat,2024-08-01,1
1569,CUST-01569,Vero Narpati,Bisnis,Laki-laki,081271835649,laksitaibrahim@example.com,Batam,Kepulauan Riau,2025-06-24,1
1570,CUST-01570,Hj. Vicky Safitri,Individual,Laki-laki,081282732168,sihombingjumari@example.org,Jakarta Pusat,DKI Jakarta,2025-05-07,1
1571,CUST-01571,Rahmat Mayasari,Individual,Perempuan,081211073506,emandasari@example.net,Padang,Sumatera Barat,2025-01-30,1
1572,CUST-01572,Ir. Prayoga Narpati,Individual,Perempuan,081276933272,npertiwi@example.org,Tangerang,Banten,2026-06-07,1
1573,CUST-01573,KH. Pandu Permadi,Individual,Laki-laki,081237336494,simonkuswoyo@example.net,Solo,Jawa Tengah,2025-04-18,1
1574,CUST-01574,Malika Suartini,Individual,Perempuan,081246721169,raharjaandriani@example.com,Banjarmasin,Kalimantan Selatan,2025-06-11,1
1575,CUST-01575,"Artanto Pranowo, S.E.",Individual,Laki-laki,081222085974,damarpuspita@example.com,Jakarta Selatan,DKI Jakarta,2025-10-27,1
1576,CUST-01576,Kanda Palastri,Individual,Perempuan,081281312549,megantarachandra@example.net,Pekanbaru,Riau,2024-10-12,1
1577,CUST-01577,Harimurti Mahendra,Korporat,Perempuan,081269003144,pwacana@example.com,Balikpapan,Kalimantan Timur,2026-05-07,1
1578,CUST-01578,"Tgk. Darijan Kuswoyo, M.Farm",Individual,Laki-laki,081215852044,,Banjarmasin,Kalimantan Selatan,2025-04-25,1
1579,CUST-01579,Eluh Sitorus,Bisnis,Perempuan,081269870305,queenriyanti@example.org,Malang,Jawa Timur,2025-01-22,1
1580,CUST-01580,"Hj. Gawati Tampubolon, S.I.Kom",Individual,Laki-laki,081250069931,haryantodarimin@example.com,Palembang,Sumatera Selatan,2025-10-09,1
1581,CUST-01581,Pia Adriansyah,Individual,Perempuan,081233869004,widiastutimartana@example.net,Padang,Sumatera Barat,2025-08-04,1
1582,CUST-01582,Kania Pangestu,Korporat,Perempuan,081292404232,kramadan@example.org,Banjarmasin,Kalimantan Selatan,2024-12-09,1
1583,CUST-01583,Reza Nasyidah,Bisnis,Laki-laki,081248999282,wprasetya@example.net,Yogyakarta,DI Yogyakarta,2025-11-22,1
1584,CUST-01584,R. Rini Wasita,Individual,Perempuan,081249677150,embuhharyanto@example.org,Medan,Sumatera Utara,2025-05-26,1
1585,CUST-01585,"Cut Padmi Mangunsong, S.Farm",Bisnis,Perempuan,081211470117,asirwandawibowo@example.org,Palembang,Sumatera Selatan,2024-11-02,1
1586,CUST-01586,Cornelia Gunarto,Bisnis,Perempuan,081257763670,nurdiyantiasirwada@example.net,Banjarmasin,Kalimantan Selatan,2025-09-29,1
1587,CUST-01587,Asman Hastuti,Individual,Laki-laki,081270297412,emustofa@example.com,Jakarta Pusat,DKI Jakarta,2024-08-09,1
1588,CUST-01588,Ade Irawan,Individual,Perempuan,081245820868,najmudinganjaran@example.org,Bekasi,Jawa Barat,2026-04-02,0
1589,CUST-01589,"Sutan Jaya Pradipta, S.Sos",Bisnis,Perempuan,081236639639,esafitri@example.com,Pekanbaru,Riau,2024-12-07,1
1590,CUST-01590,"Cut Patricia Agustina, S.Kom",Bisnis,Laki-laki,081242815165,marbunjayadi@example.com,Solo,Jawa Tengah,2024-10-01,1
1591,CUST-01591,Kacung Uwais,Individual,Laki-laki,081266947842,esimanjuntak@example.net,Solo,Jawa Tengah,2026-04-17,1
1592,CUST-01592,Eka Nurdiyanti,Individual,Perempuan,081298890109,,Balikpapan,Kalimantan Timur,2026-01-31,1
1593,CUST-01593,Candrakanta Uyainah,Bisnis,Laki-laki,081267540711,,Tangerang,Banten,2025-11-29,0
1594,CUST-01594,Jagaraga Wibisono,Bisnis,Laki-laki,081296494529,hafshah69@example.net,Palembang,Sumatera Selatan,2025-10-17,1
1595,CUST-01595,Yunita Riyanti,Bisnis,Laki-laki,081235777877,lyolanda@example.com,Malang,Jawa Timur,2026-03-10,1
1596,CUST-01596,"Zalindra Rahimah, M.Ak",Individual,Laki-laki,081241204609,erik78@example.com,Manado,Sulawesi Utara,2025-08-10,1
1597,CUST-01597,"drg. Paiman Susanti, S.Pt",Bisnis,Perempuan,,sudiatibakiono@example.org,Jakarta Selatan,DKI Jakarta,2025-06-30,1
1598,CUST-01598,Dr. Bakianto Usamah,Individual,Perempuan,081216349192,ajiono93@example.org,Denpasar,Bali,2026-01-13,1
1599,CUST-01599,T. Daliono Mandasari,Individual,Laki-laki,081211087289,balidinirawan@example.org,Bandung,Jawa Barat,2026-03-23,1
1600,CUST-01600,"Sutan Sabar Kusumo, S.T.",Individual,Laki-laki,081291493622,uwacana@example.org,Semarang,Jawa Tengah,2025-02-04,1
1601,CUST-01601,Kariman Anggriawan,Individual,Perempuan,,wgunawan@example.com,Pekanbaru,Riau,2024-11-10,1
1602,CUST-01602,Adikara Ramadan,Individual,Laki-laki,081247968236,dasanarpati@example.net,Makassar,Sulawesi Selatan,2025-10-11,1
1603,CUST-01603,Sutan Prayoga Hasanah,Individual,Perempuan,081267082213,adriansyahsaadat@example.net,Bandung,Jawa Barat,2025-03-02,1
1604,CUST-01604,"Indah Firgantoro, M.TI.",Individual,Perempuan,081225097602,rpranowo@example.com,Batam,Kepulauan Riau,2025-11-22,1
1605,CUST-01605,Latika Mulyani,Individual,Perempuan,081272910500,drajathassanah@example.net,Bekasi,Jawa Barat,2026-02-16,1
1606,CUST-01606,Cengkir Oktaviani,Korporat,Laki-laki,081231921100,purnawatirina@example.org,Bandung,Jawa Barat,2026-02-12,1
1607,CUST-01607,"Eli Sihombing, M.Pd",Individual,Perempuan,081279248701,nurdiyanticahyono@example.org,Palembang,Sumatera Selatan,2025-07-06,0
1608,CUST-01608,Slamet Usamah,Individual,Laki-laki,081295765293,,Padang,Sumatera Barat,2024-09-23,1
1609,CUST-01609,"Cawisadi Winarsih, S.Sos",Individual,Laki-laki,081230916030,ginayulianti@example.net,Manado,Sulawesi Utara,2026-01-12,1
1610,CUST-01610,Zaenab Wijaya,Individual,Laki-laki,081220508845,taryani@example.org,Padang,Sumatera Barat,2025-11-18,1
1611,CUST-01611,"Puti Jasmin Thamrin, M.Pd",Individual,Laki-laki,081274042863,hastutikamila@example.com,Manado,Sulawesi Utara,2025-10-16,1
1612,CUST-01612,"Puti Maria Pangestu, M.TI.",Individual,Laki-laki,081248822940,gprastuti@example.com,Medan,Sumatera Utara,2024-08-25,1
1613,CUST-01613,Mujur Lailasari,Individual,Perempuan,081272853016,putriandriani@example.org,Manado,Sulawesi Utara,2025-07-22,1
1614,CUST-01614,Praba Yulianti,Individual,Perempuan,,pradiptaakarsana@example.com,Semarang,Jawa Tengah,2025-06-02,1
1615,CUST-01615,Dt. Lantar Rahayu,Individual,Laki-laki,081257647832,mpadmasari@example.net,Jakarta Selatan,DKI Jakarta,2026-05-05,1
1616,CUST-01616,"T. Luis Novitasari, S.Sos",Individual,Perempuan,081245001922,sabri23@example.org,Palembang,Sumatera Selatan,2025-07-31,1
1617,CUST-01617,"Edison Anggraini, M.Ak",Individual,Laki-laki,081211821531,hastutidanuja@example.net,Manado,Sulawesi Utara,2026-03-15,0
1618,CUST-01618,Ir. Rahman Hardiansyah,Individual,Laki-laki,081215610109,qhutasoit@example.org,Jakarta Pusat,DKI Jakarta,2026-02-07,1
1619,CUST-01619,Nadia Anggraini,Individual,Perempuan,081211487725,kuswandarifebi@example.net,Banjarmasin,Kalimantan Selatan,2026-03-18,1
1620,CUST-01620,Eka Hutagalung,Individual,Perempuan,081253610896,prakosa11@example.net,Bekasi,Jawa Barat,2024-09-05,1
1621,CUST-01621,Kenzie Wijaya,Individual,Perempuan,081266224981,gamanidamanik@example.com,Denpasar,Bali,2024-11-01,1
1622,CUST-01622,Ani Handayani,Bisnis,Laki-laki,081252978168,oprasetya@example.net,Batam,Kepulauan Riau,2026-05-31,1
1623,CUST-01623,Wasis Purnawati,Bisnis,Laki-laki,081248557784,hasanahteddy@example.org,Semarang,Jawa Tengah,2024-12-15,1
1624,CUST-01624,Edison Hasanah,Bisnis,Laki-laki,081262153852,adhiarja93@example.net,Solo,Jawa Tengah,2024-08-02,1
1625,CUST-01625,Ir. Bakti Prakasa,Bisnis,Perempuan,081247626751,asmuni85@example.com,Medan,Sumatera Utara,2024-08-15,1
1626,CUST-01626,Cahya Sihombing,Individual,Laki-laki,081276814931,irarahayu@example.com,Denpasar,Bali,2024-12-24,0
1627,CUST-01627,Jamil Susanti,Individual,Laki-laki,081210211979,kamilalestari@example.org,Solo,Jawa Tengah,2025-12-30,1
1628,CUST-01628,Putri Damanik,Individual,Perempuan,081229856017,prasastacatur@example.com,Tangerang,Banten,2026-05-26,1
1629,CUST-01629,"Violet Usada, S.Pt",Individual,Laki-laki,081298675603,sitompulophelia@example.net,Manado,Sulawesi Utara,2024-12-01,1
1630,CUST-01630,Vanya Andriani,Individual,Perempuan,081251578425,apranowo@example.org,Padang,Sumatera Barat,2025-02-13,1
1631,CUST-01631,"dr. Gilda Siregar, S.H.",Individual,Perempuan,081285177670,estiono76@example.com,Tangerang,Banten,2025-12-12,1
1632,CUST-01632,Cut Fitria Manullang,Individual,Laki-laki,081233450478,lmayasari@example.com,Banjarmasin,Kalimantan Selatan,2025-02-25,1
1633,CUST-01633,Hj. Olivia Siregar,Korporat,Perempuan,,pranowosakti@example.net,Manado,Sulawesi Utara,2025-07-06,1
1634,CUST-01634,"Teddy Saputra, M.TI.",Individual,Laki-laki,081264303321,halimahelvina@example.com,Semarang,Jawa Tengah,2026-05-02,0
1635,CUST-01635,Zizi Firmansyah,Korporat,Perempuan,081251981962,csitumorang@example.org,Malang,Jawa Timur,2026-05-29,1
1636,CUST-01636,"drg. Luthfi Kuswoyo, S.Psi",Individual,Laki-laki,081226654836,tmaryadi@example.net,Bandung,Jawa Barat,2025-12-09,1
1637,CUST-01637,Nasim Kuswoyo,Korporat,Perempuan,081214289521,,Batam,Kepulauan Riau,2024-11-19,1
1638,CUST-01638,Hamima Winarno,Individual,Perempuan,081296694732,wahyudinophelia@example.org,Bandung,Jawa Barat,2025-01-04,1
1639,CUST-01639,Raisa Mahendra,Individual,Laki-laki,081276678950,rfujiati@example.com,Solo,Jawa Tengah,2025-05-02,1
1640,CUST-01640,Betania Saefullah,Individual,Laki-laki,081252505296,darimin42@example.net,Padang,Sumatera Barat,2025-02-09,1
1641,CUST-01641,R.M. Jagaraga Sudiati,Individual,Perempuan,081216831127,estionojailani@example.com,Medan,Sumatera Utara,2026-02-24,1
1642,CUST-01642,Devi Waskita,Individual,Perempuan,081263499182,emasnatsir@example.org,Batam,Kepulauan Riau,2024-07-24,1
1643,CUST-01643,Gilda Irawan,Individual,Perempuan,081272253381,bakionotarihoran@example.com,Jakarta Selatan,DKI Jakarta,2025-04-20,1
1644,CUST-01644,Olga Nababan,Individual,Laki-laki,081220846696,,Batam,Kepulauan Riau,2025-10-02,1
1645,CUST-01645,Wasis Wijaya,Individual,Perempuan,081221841622,rsalahudin@example.net,Malang,Jawa Timur,2024-06-23,1
1646,CUST-01646,Tgk. Nardi Dabukke,Individual,Laki-laki,,pkuswoyo@example.org,Manado,Sulawesi Utara,2024-11-27,1
1647,CUST-01647,Vivi Wijayanti,Individual,Laki-laki,081267603547,najmudinnugraha@example.com,Solo,Jawa Tengah,2026-02-11,1
1648,CUST-01648,KH. Estiawan Rajata,Bisnis,Laki-laki,081226406080,umay57@example.org,Palembang,Sumatera Selatan,2024-06-21,1
1649,CUST-01649,Clara Pertiwi,Individual,Laki-laki,081276111105,ekowaluyo@example.net,Batam,Kepulauan Riau,2025-12-09,1
1650,CUST-01650,"R. Cakrabuana Pradipta, S.I.Kom",Bisnis,Perempuan,081210408320,twahyudin@example.org,Yogyakarta,DI Yogyakarta,2025-12-15,1
1651,CUST-01651,Rika Prabowo,Individual,Laki-laki,081213854318,elailasari@example.org,Malang,Jawa Timur,2025-07-15,1
1652,CUST-01652,Rusman Handayani,Individual,Perempuan,081290353017,mursininiswahyudi@example.net,Balikpapan,Kalimantan Timur,2024-10-02,1
1653,CUST-01653,Estiono Riyanti,Individual,Laki-laki,081226267630,egasitorus@example.com,Batam,Kepulauan Riau,2025-09-05,0
1654,CUST-01654,Panca Riyanti,Korporat,Laki-laki,081231605058,adhiarja50@example.org,Pekanbaru,Riau,2024-08-20,1
1655,CUST-01655,"Dt. Ibrani Kuswandari, S.Ked",Individual,Perempuan,081276932170,waluyoanita@example.net,Padang,Sumatera Barat,2024-10-04,0
1656,CUST-01656,Kairav Yolanda,Korporat,Perempuan,081247852381,cintamarbun@example.org,Jakarta Selatan,DKI Jakarta,2024-07-16,1
1657,CUST-01657,Dacin Sudiati,Individual,Perempuan,081250077335,ridwan46@example.com,Yogyakarta,DI Yogyakarta,2025-10-17,1
1658,CUST-01658,Candrakanta Oktaviani,Individual,Perempuan,081246415969,umarsuartini@example.com,Manado,Sulawesi Utara,2024-12-03,1
1659,CUST-01659,"Hani Pratama, M.Ak",Individual,Laki-laki,081251556927,nasim12@example.com,Padang,Sumatera Barat,2026-02-17,1
1660,CUST-01660,H. Karman Mulyani,Individual,Laki-laki,081245189033,humaira28@example.com,Palembang,Sumatera Selatan,2026-04-23,1
1661,CUST-01661,drg. Widya Simbolon,Individual,Perempuan,081251826248,emplukmangunsong@example.org,Pekanbaru,Riau,2025-08-09,1
1662,CUST-01662,Karya Winarno,Individual,Laki-laki,081226821806,cahyonoputra@example.org,Banjarmasin,Kalimantan Selatan,2026-06-01,1
1663,CUST-01663,Damar Puspita,Individual,Perempuan,081248609792,eka42@example.org,Malang,Jawa Timur,2025-06-07,1
1664,CUST-01664,"Tgk. Wadi Samosir, S.Psi",Individual,Laki-laki,081240565872,wijayantilanggeng@example.com,Banjarmasin,Kalimantan Selatan,2025-05-14,1
1665,CUST-01665,drg. Ade Zulkarnain,Bisnis,Perempuan,,ianmarbun@example.net,Medan,Sumatera Utara,2024-07-18,1
1666,CUST-01666,Harimurti Ardianto,Individual,Laki-laki,081249401002,shakila64@example.com,Surabaya,Jawa Timur,2024-11-08,1
1667,CUST-01667,Limar Irawan,Individual,Laki-laki,081272016237,,Balikpapan,Kalimantan Timur,2024-09-28,1
1668,CUST-01668,"drg. Ifa Siregar, S.T.",Individual,Laki-laki,,saragihartanto@example.com,Batam,Kepulauan Riau,2025-07-26,1
1669,CUST-01669,"Tgk. Suci Saefullah, S.Gz",Bisnis,Perempuan,081253022885,lulutpermata@example.org,Padang,Sumatera Barat,2025-06-26,1
1670,CUST-01670,"Cakrabirawa Rajata, S.Ked",Individual,Laki-laki,081258586103,,Yogyakarta,DI Yogyakarta,2025-12-17,1
1671,CUST-01671,"Lukman Fujiati, S.Psi",Individual,Perempuan,081254963378,zulaikanyoman@example.org,Tangerang,Banten,2024-11-28,1
1672,CUST-01672,Gasti Saputra,Korporat,Laki-laki,081251807976,rwijayanti@example.org,Solo,Jawa Tengah,2026-03-31,1
1673,CUST-01673,Widya Rajata,Individual,Laki-laki,081276785260,,Yogyakarta,DI Yogyakarta,2025-03-27,1
1674,CUST-01674,Rahmi Padmasari,Bisnis,Laki-laki,081237406054,garan23@example.com,Semarang,Jawa Tengah,2025-06-05,1
1675,CUST-01675,Yono Nashiruddin,Korporat,Perempuan,081218103992,maryatirahmi@example.net,Manado,Sulawesi Utara,2026-01-16,1
1676,CUST-01676,Kawaca Kusmawati,Bisnis,Perempuan,081252622301,raryani@example.com,Malang,Jawa Timur,2025-05-30,1
1677,CUST-01677,Jinawi Aryani,Individual,Perempuan,081228887390,mansurulva@example.com,Solo,Jawa Tengah,2024-10-23,1
1678,CUST-01678,Edward Pratama,Korporat,Laki-laki,081271531544,uirawan@example.org,Malang,Jawa Timur,2024-07-24,1
1679,CUST-01679,"Jinawi Damanik, S.E.",Bisnis,Laki-laki,081246964496,gandewa58@example.com,Solo,Jawa Tengah,2026-02-23,1
1680,CUST-01680,Yunita Tarihoran,Individual,Laki-laki,081249409279,carakasihombing@example.org,Medan,Sumatera Utara,2025-11-18,1
1681,CUST-01681,Raden Wijaya,Individual,Perempuan,,wasitajarwi@example.net,Solo,Jawa Tengah,2025-06-08,1
1682,CUST-01682,"Natalia Simbolon, M.M.",Individual,Laki-laki,081216843946,jaya86@example.org,Bandung,Jawa Barat,2024-08-25,1
1683,CUST-01683,"dr. Iriana Maulana, M.Pd",Individual,Laki-laki,081244960259,kalaoktaviani@example.net,Yogyakarta,DI Yogyakarta,2026-03-31,1
1684,CUST-01684,Janet Tamba,Bisnis,Laki-laki,,daryani78@example.net,Palembang,Sumatera Selatan,2024-08-10,1
1685,CUST-01685,R.A. Kasiyah Hidayat,Korporat,Laki-laki,081280400270,ella02@example.com,Tangerang,Banten,2025-07-30,1
1686,CUST-01686,Taufik Saptono,Individual,Laki-laki,081243461761,nababanrahmi@example.net,Padang,Sumatera Barat,2026-02-21,1
1687,CUST-01687,"T. Timbul Sitompul, S.Pd",Individual,Perempuan,081215670152,bpradipta@example.net,Surabaya,Jawa Timur,2026-03-16,1
1688,CUST-01688,"dr. Melinda Prasetyo, M.M.",Bisnis,Perempuan,,cmangunsong@example.org,Pekanbaru,Riau,2025-09-30,1
1689,CUST-01689,Nadia Prastuti,Individual,Perempuan,081217866201,zsuartini@example.net,Batam,Kepulauan Riau,2024-11-06,1
1690,CUST-01690,Alambana Pertiwi,Bisnis,Laki-laki,081237319110,kuncara74@example.org,Bekasi,Jawa Barat,2025-09-14,1
1691,CUST-01691,"Ir. Jatmiko Rahmawati, M.Pd",Individual,Perempuan,081236064010,prabowoalambana@example.com,Balikpapan,Kalimantan Timur,2025-07-09,1
1692,CUST-01692,Hardana Narpati,Individual,Laki-laki,081244418592,farah73@example.org,Yogyakarta,DI Yogyakarta,2025-02-04,1
1693,CUST-01693,Bakiadi Najmudin,Individual,Laki-laki,081273078606,dasanajmudin@example.net,Medan,Sumatera Utara,2025-01-26,1
1694,CUST-01694,T. Teddy Fujiati,Individual,Laki-laki,,murti75@example.net,Banjarmasin,Kalimantan Selatan,2025-01-16,1
1695,CUST-01695,Hj. Zahra Manullang,Individual,Perempuan,081266186456,labuh73@example.org,Yogyakarta,DI Yogyakarta,2024-11-08,1
1696,CUST-01696,H. Harjo Sudiati,Korporat,Perempuan,081220450748,virmannababan@example.com,Medan,Sumatera Utara,2026-05-08,1
1697,CUST-01697,"Nadia Siregar, S.T.",Bisnis,Perempuan,081255041079,uyainahkartika@example.net,Yogyakarta,DI Yogyakarta,2024-09-13,1
1698,CUST-01698,"Daru Hastuti, M.TI.",Individual,Perempuan,,darimin89@example.com,Bekasi,Jawa Barat,2024-07-19,1
1699,CUST-01699,Gatra Saefullah,Korporat,Laki-laki,081245666016,rafidwibowo@example.org,Solo,Jawa Tengah,2025-06-23,1
1700,CUST-01700,Safina Mangunsong,Korporat,Laki-laki,081243395262,rini24@example.org,Bandung,Jawa Barat,2026-02-18,1
1701,CUST-01701,Mila Suryatmi,Individual,Perempuan,081237275532,samosirviktor@example.net,Pekanbaru,Riau,2026-05-12,1
1702,CUST-01702,Kusuma Prabowo,Bisnis,Perempuan,081259878345,pranoworatih@example.org,Solo,Jawa Tengah,2025-08-23,1
1703,CUST-01703,"Tami Handayani, M.M.",Individual,Laki-laki,081276325458,hsitompul@example.net,Denpasar,Bali,2025-11-01,1
1704,CUST-01704,R.A. Patricia Laksita,Individual,Laki-laki,081214819999,nababankiandra@example.com,Yogyakarta,DI Yogyakarta,2026-03-04,1
1705,CUST-01705,"Malik Laksita, S.Farm",Individual,Perempuan,081252277506,,Tangerang,Banten,2026-01-06,1
1706,CUST-01706,Limar Pudjiastuti,Individual,Perempuan,081242312994,pkusumo@example.org,Balikpapan,Kalimantan Timur,2025-01-02,1
1707,CUST-01707,dr. Cahyono Gunawan,Individual,Laki-laki,081267029195,zulfamulyani@example.net,Padang,Sumatera Barat,2024-11-02,1
1708,CUST-01708,Ratna Simanjuntak,Individual,Laki-laki,081283132536,nyoman30@example.net,Palembang,Sumatera Selatan,2025-06-09,1
1709,CUST-01709,R. Cahya Hasanah,Bisnis,Perempuan,081258395033,,Jakarta Pusat,DKI Jakarta,2025-03-11,1
1710,CUST-01710,Genta Sitorus,Korporat,Perempuan,081219980717,zulaikayusuf@example.net,Malang,Jawa Timur,2025-03-26,1
1711,CUST-01711,Diana Hakim,Individual,Perempuan,081215127613,yhassanah@example.net,Pekanbaru,Riau,2024-09-20,1
1712,CUST-01712,"R. Salimah Narpati, M.TI.",Individual,Laki-laki,081211752673,ismail10@example.net,Solo,Jawa Tengah,2025-01-26,1
1713,CUST-01713,"Patricia Pradipta, S.Ked",Individual,Perempuan,081212966422,odongoran@example.net,Malang,Jawa Timur,2026-03-17,1
1714,CUST-01714,Sabri Wibisono,Individual,Perempuan,081257782479,kusmawatiratna@example.com,Pekanbaru,Riau,2026-05-11,1
1715,CUST-01715,"R.M. Ihsan Lestari, S.E.",Individual,Laki-laki,081227891580,waluyoajiono@example.net,Bandung,Jawa Barat,2025-06-21,1
1716,CUST-01716,Jaga Anggriawan,Individual,Laki-laki,081290554408,rahmat89@example.com,Palembang,Sumatera Selatan,2024-09-29,1
1717,CUST-01717,Winda Simbolon,Individual,Perempuan,081268602419,clarawaluyo@example.net,Padang,Sumatera Barat,2024-12-22,1
1718,CUST-01718,Nabila Prasasta,Individual,Perempuan,081288476891,prayogopalastri@example.net,Surabaya,Jawa Timur,2026-01-18,1
1719,CUST-01719,Safina Kusmawati,Korporat,Laki-laki,081232098329,,Banjarmasin,Kalimantan Selatan,2026-06-11,1
1720,CUST-01720,"dr. Umi Winarsih, M.Kom.",Individual,Laki-laki,081243195909,prasetyacakrabuana@example.net,Palembang,Sumatera Selatan,2025-04-06,0
1721,CUST-01721,Umi Megantara,Individual,Perempuan,081268496392,uprastuti@example.net,Medan,Sumatera Utara,2026-04-15,1
1722,CUST-01722,Cakrawala Haryanto,Korporat,Perempuan,081266764146,usadadono@example.org,Batam,Kepulauan Riau,2025-10-27,1
1723,CUST-01723,Nurul Nugroho,Bisnis,Perempuan,081293954504,aryaniindah@example.com,Balikpapan,Kalimantan Timur,2026-01-24,1
1724,CUST-01724,Paris Setiawan,Individual,Laki-laki,081272787865,ranggaharyanti@example.net,Surabaya,Jawa Timur,2024-10-04,1
1725,CUST-01725,Agus Prayoga,Korporat,Laki-laki,081243857347,janggriawan@example.org,Manado,Sulawesi Utara,2025-07-05,1
1726,CUST-01726,Kusuma Wijaya,Individual,Laki-laki,081245685828,yuliarticinta@example.net,Medan,Sumatera Utara,2025-05-05,1
1727,CUST-01727,Dian Sudiati,Individual,Perempuan,081251631722,ulestari@example.net,Batam,Kepulauan Riau,2025-08-04,1
1728,CUST-01728,"Ridwan Yuniar, S.Farm",Individual,Perempuan,081258622608,sitompulnadia@example.com,Malang,Jawa Timur,2025-07-21,1
1729,CUST-01729,"Drs. Kasim Mandala, S.Ked",Individual,Perempuan,081238074266,mardhiyahgangsa@example.org,Manado,Sulawesi Utara,2026-04-07,1
1730,CUST-01730,Humaira Pratiwi,Bisnis,Laki-laki,081221205936,gnarpati@example.com,Jakarta Selatan,DKI Jakarta,2025-07-22,1
1731,CUST-01731,Dacin Rajasa,Korporat,Laki-laki,081243599440,hutapeajohan@example.org,Pekanbaru,Riau,2025-08-02,1
1732,CUST-01732,Laswi Tamba,Individual,Perempuan,081250593918,wacanadarijan@example.net,Semarang,Jawa Tengah,2024-09-05,1
1733,CUST-01733,Sutan Darmaji Suryatmi,Korporat,Laki-laki,,baktiono12@example.com,Makassar,Sulawesi Selatan,2025-11-19,1
1734,CUST-01734,Melinda Susanti,Individual,Perempuan,081242811956,rhutapea@example.com,Makassar,Sulawesi Selatan,2026-02-23,1
1735,CUST-01735,"Cut Vanesa Nababan, S.Ked",Individual,Perempuan,081273107406,fwahyudin@example.net,Banjarmasin,Kalimantan Selatan,2024-08-31,1
1736,CUST-01736,Virman Pudjiastuti,Bisnis,Laki-laki,081217056480,gantarprayoga@example.org,Yogyakarta,DI Yogyakarta,2024-12-28,1
1737,CUST-01737,"R.M. Panji Hutasoit, S.Pd",Bisnis,Laki-laki,081215309664,tamisinaga@example.org,Banjarmasin,Kalimantan Selatan,2025-09-24,1
1738,CUST-01738,"Drs. Cici Suartini, S.H.",Korporat,Perempuan,081255612782,violet56@example.net,Pekanbaru,Riau,2025-01-01,1
1739,CUST-01739,Salwa Wibisono,Individual,Laki-laki,081279983024,urahayu@example.com,Balikpapan,Kalimantan Timur,2025-03-19,1
1740,CUST-01740,Ajiono Pangestu,Bisnis,Laki-laki,081246308350,saragihdaliono@example.org,Denpasar,Bali,2026-04-26,1
1741,CUST-01741,Hadi Wahyudin,Individual,Perempuan,081272791031,hadi01@example.org,Makassar,Sulawesi Selatan,2024-10-09,1
1742,CUST-01742,"Betania Mustofa, S.H.",Individual,Perempuan,081219100496,simbolonkarta@example.net,Batam,Kepulauan Riau,2024-08-17,1
1743,CUST-01743,"Cahyo Suartini, S.Pt",Individual,Perempuan,081247044522,prayogagalang@example.org,Bekasi,Jawa Barat,2025-11-15,1
1744,CUST-01744,Tgk. Rika Waskita,Individual,Laki-laki,081246133061,wadi45@example.org,Jakarta Pusat,DKI Jakarta,2025-12-24,1
1745,CUST-01745,Garang Rajasa,Individual,Laki-laki,081231511822,gandi66@example.net,Jakarta Pusat,DKI Jakarta,2024-10-19,1
1746,CUST-01746,"dr. Umay Santoso, S.IP",Korporat,Laki-laki,081254591538,kaylapranowo@example.com,Medan,Sumatera Utara,2024-12-21,1
1747,CUST-01747,"Hj. Ina Hartati, S.Kom",Individual,Laki-laki,081295326424,emaheswara@example.net,Padang,Sumatera Barat,2025-11-04,1
1748,CUST-01748,dr. Soleh Maryadi,Bisnis,Laki-laki,081278964761,pnuraini@example.org,Makassar,Sulawesi Selatan,2025-06-29,1
1749,CUST-01749,Tami Mandala,Bisnis,Perempuan,081295378200,,Solo,Jawa Tengah,2024-12-11,1
1750,CUST-01750,Oliva Saputra,Individual,Perempuan,081259640043,lasmonoardianto@example.com,Surabaya,Jawa Timur,2024-11-25,1
1751,CUST-01751,Estiawan Pudjiastuti,Individual,Perempuan,081240714004,adika50@example.com,Balikpapan,Kalimantan Timur,2025-12-12,1
1752,CUST-01752,Ami Mandasari,Korporat,Laki-laki,081234638535,simbolonjaya@example.org,Pekanbaru,Riau,2024-10-14,1
1753,CUST-01753,"Hj. Fathonah Pratiwi, S.Kom",Individual,Laki-laki,081289765310,mnashiruddin@example.com,Bandung,Jawa Barat,2025-12-22,1
1754,CUST-01754,Vera Namaga,Individual,Perempuan,081276536877,lega44@example.com,Makassar,Sulawesi Selatan,2025-08-21,1
1755,CUST-01755,Drs. Okta Mustofa,Bisnis,Perempuan,081270813398,,Semarang,Jawa Tengah,2024-07-31,1
1756,CUST-01756,Raden Padmasari,Individual,Laki-laki,081239899772,,Yogyakarta,DI Yogyakarta,2024-09-07,1
1757,CUST-01757,Limar Samosir,Individual,Perempuan,081238049998,palastriyosef@example.net,Pekanbaru,Riau,2025-07-10,1
1758,CUST-01758,Zelaya Mardhiyah,Individual,Perempuan,081247762340,asamosir@example.org,Balikpapan,Kalimantan Timur,2025-06-14,1
1759,CUST-01759,Putu Januar,Korporat,Perempuan,081274110482,tsaragih@example.com,Manado,Sulawesi Utara,2025-07-02,1
1760,CUST-01760,Maryadi Nababan,Individual,Perempuan,081295387021,kadir26@example.com,Batam,Kepulauan Riau,2025-01-27,1
1761,CUST-01761,Dr. Amalia Santoso,Korporat,Perempuan,081296168554,mujur60@example.net,Bandung,Jawa Barat,2024-12-26,1
1762,CUST-01762,Hartana Rahayu,Individual,Perempuan,081291111553,udapalastri@example.com,Pekanbaru,Riau,2026-01-16,1
1763,CUST-01763,R.A. Titi Mahendra,Individual,Perempuan,081214778573,paramita84@example.org,Batam,Kepulauan Riau,2025-10-07,1
1764,CUST-01764,Laksana Pranowo,Korporat,Perempuan,081287734142,ousamah@example.net,Denpasar,Bali,2024-07-08,1
1765,CUST-01765,Puti Vanesa Kuswoyo,Bisnis,Laki-laki,081230834492,vanesa95@example.com,Jakarta Selatan,DKI Jakarta,2024-11-23,1
1766,CUST-01766,Chelsea Saefullah,Bisnis,Laki-laki,081289927800,tasnim54@example.com,Makassar,Sulawesi Selatan,2025-09-26,1
1767,CUST-01767,"Oni Prasasta, M.TI.",Individual,Laki-laki,081217927950,aurorakurniawan@example.com,Malang,Jawa Timur,2025-09-25,1
1768,CUST-01768,Hartana Anggraini,Individual,Perempuan,081285891676,irnanto03@example.net,Semarang,Jawa Tengah,2024-07-13,1
1769,CUST-01769,"Tgk. Harjo Maulana, S.IP",Individual,Laki-laki,081268571411,cahyantofujiati@example.org,Surabaya,Jawa Timur,2026-04-07,1
1770,CUST-01770,R. Latika Uwais,Individual,Laki-laki,081226698848,dmarbun@example.net,Jakarta Selatan,DKI Jakarta,2025-09-10,1
1771,CUST-01771,Baktianto Ardianto,Bisnis,Perempuan,,tiara78@example.com,Bekasi,Jawa Barat,2025-01-03,1
1772,CUST-01772,Wadi Fujiati,Individual,Laki-laki,081257888136,,Makassar,Sulawesi Selatan,2026-04-15,1
1773,CUST-01773,Ir. Dalimin Hutagalung,Individual,Laki-laki,081293929927,jailaniwage@example.net,Bekasi,Jawa Barat,2026-03-25,1
1774,CUST-01774,Yance Handayani,Individual,Laki-laki,081246835524,kokoanggriawan@example.net,Pekanbaru,Riau,2024-09-03,1
1775,CUST-01775,"Eka Riyanti, S.I.Kom",Individual,Perempuan,081242943938,rnugroho@example.org,Medan,Sumatera Utara,2024-11-16,1
1776,CUST-01776,Mustofa Megantara,Individual,Laki-laki,081279133988,agustinaprabawa@example.net,Batam,Kepulauan Riau,2024-09-07,1
1777,CUST-01777,Edi Maheswara,Korporat,Perempuan,081244156462,oprastuti@example.com,Balikpapan,Kalimantan Timur,2026-01-05,1
1778,CUST-01778,Danang Maulana,Individual,Laki-laki,081222230159,luluhmaryati@example.org,Surabaya,Jawa Timur,2024-07-30,1
1779,CUST-01779,"Halim Sitorus, S.Farm",Bisnis,Perempuan,081253398986,andrianikemba@example.org,Denpasar,Bali,2024-08-28,1
1780,CUST-01780,Gabriella Gunarto,Individual,Perempuan,081270864969,,Banjarmasin,Kalimantan Selatan,2026-01-01,1
1781,CUST-01781,drg. Nilam Nugroho,Individual,Perempuan,081245778589,harjasahariyah@example.org,Surabaya,Jawa Timur,2025-07-29,1
1782,CUST-01782,Dr. Caket Nuraini,Individual,Perempuan,081266967111,,Balikpapan,Kalimantan Timur,2024-07-15,1
1783,CUST-01783,Febi Anggriawan,Individual,Perempuan,081243807668,kasiyahsitorus@example.net,Semarang,Jawa Tengah,2024-12-29,1
1784,CUST-01784,Cut Yuni Susanti,Individual,Perempuan,081299624794,sitoruscarla@example.org,Banjarmasin,Kalimantan Selatan,2025-06-29,1
1785,CUST-01785,Rahmi Siregar,Korporat,Laki-laki,081270585645,vprayoga@example.org,Denpasar,Bali,2024-10-06,1
1786,CUST-01786,Pranata Puspita,Bisnis,Laki-laki,081276757907,candrapangestu@example.org,Semarang,Jawa Tengah,2025-03-25,1
1787,CUST-01787,"Shania Zulaika, S.I.Kom",Individual,Perempuan,081269471679,febisamosir@example.org,Tangerang,Banten,2025-10-15,1
1788,CUST-01788,Dt. Jinawi Simanjuntak,Individual,Perempuan,081281975028,tasnim61@example.org,Makassar,Sulawesi Selatan,2025-09-16,1
1789,CUST-01789,Viktor Simanjuntak,Bisnis,Laki-laki,081245669739,hutapeatiti@example.org,Tangerang,Banten,2025-12-06,1
1790,CUST-01790,Saiful Nashiruddin,Individual,Perempuan,081290026899,najmudinintan@example.net,Solo,Jawa Tengah,2025-11-15,1
1791,CUST-01791,Waluyo Novitasari,Individual,Perempuan,081292730174,,Pekanbaru,Riau,2025-11-07,1
1792,CUST-01792,"Tgk. Warta Pangestu, S.Sos",Individual,Perempuan,081267418395,karenhassanah@example.com,Semarang,Jawa Tengah,2026-01-12,1
1793,CUST-01793,Aswani Hariyah,Bisnis,Laki-laki,081223708415,hendrasuartini@example.net,Batam,Kepulauan Riau,2024-12-03,0
1794,CUST-01794,Tirta Hutapea,Individual,Laki-laki,081280361731,zizi50@example.com,Palembang,Sumatera Selatan,2026-05-28,1
1795,CUST-01795,Xanana Pradipta,Individual,Perempuan,081238385180,dacin23@example.com,Jakarta Pusat,DKI Jakarta,2026-04-05,0
1796,CUST-01796,"Tri Agustina, S.H.",Individual,Perempuan,081226216283,elvinnashiruddin@example.net,Jakarta Selatan,DKI Jakarta,2024-07-07,1
1797,CUST-01797,Darmana Rajata,Individual,Perempuan,081250508484,ikhsanpangestu@example.org,Semarang,Jawa Tengah,2025-01-08,1
1798,CUST-01798,Farhunnisa Permata,Bisnis,Laki-laki,081291462241,nova61@example.org,Medan,Sumatera Utara,2025-06-24,1
1799,CUST-01799,Puti Gilda Namaga,Individual,Perempuan,081234300874,taryani@example.com,Bandung,Jawa Barat,2025-08-06,1
1800,CUST-01800,Sabrina Pranowo,Individual,Laki-laki,081298739278,danu81@example.org,Jakarta Pusat,DKI Jakarta,2025-09-26,1
1801,CUST-01801,Gaduh Siregar,Bisnis,Perempuan,081252609100,anggriawanbagas@example.net,Solo,Jawa Tengah,2026-06-07,1
1802,CUST-01802,"R. Kala Nugroho, M.M.",Korporat,Laki-laki,081211732806,mustofapratiwi@example.org,Batam,Kepulauan Riau,2026-05-01,1
1803,CUST-01803,"Restu Maryadi, S.I.Kom",Individual,Laki-laki,081237660010,yance45@example.org,Jakarta Pusat,DKI Jakarta,2026-06-16,1
1804,CUST-01804,dr. Dariati Sirait,Korporat,Perempuan,081261978036,yuliartijayadi@example.org,Manado,Sulawesi Utara,2026-05-06,1
1805,CUST-01805,Lalita Santoso,Individual,Laki-laki,081287167628,yusufmansur@example.org,Manado,Sulawesi Utara,2025-07-24,1
1806,CUST-01806,"drg. Lurhur Sitompul, S.Gz",Bisnis,Perempuan,081257149816,bmaulana@example.com,Batam,Kepulauan Riau,2025-02-27,1
1807,CUST-01807,R. Jaka Habibi,Individual,Laki-laki,081274916533,mansurbakti@example.com,Palembang,Sumatera Selatan,2025-09-26,1
1808,CUST-01808,Vera Yulianti,Individual,Laki-laki,081241106286,ktampubolon@example.org,Bandung,Jawa Barat,2024-09-23,1
1809,CUST-01809,"H. Soleh Winarno, S.Gz",Bisnis,Laki-laki,081259973229,sakura25@example.com,Tangerang,Banten,2025-08-31,1
1810,CUST-01810,"Bambang Habibi, S.E.I",Individual,Laki-laki,081259875635,bagaspuspasari@example.net,Semarang,Jawa Tengah,2025-02-22,1
1811,CUST-01811,"Jasmin Hidayanto, S.E.",Korporat,Perempuan,081210747965,wijayantihari@example.net,Jakarta Pusat,DKI Jakarta,2025-11-20,1
1812,CUST-01812,Tedi Yolanda,Bisnis,Laki-laki,081284176346,gandewapertiwi@example.org,Banjarmasin,Kalimantan Selatan,2026-04-13,1
1813,CUST-01813,"Harsanto Novitasari, M.Pd",Individual,Laki-laki,081289026046,dwastuti@example.org,Padang,Sumatera Barat,2026-03-30,1
1814,CUST-01814,"Siska Novitasari, S.Pd",Individual,Laki-laki,081227919117,dabukkeedison@example.org,Semarang,Jawa Tengah,2025-08-13,1
1815,CUST-01815,Mala Mayasari,Individual,Laki-laki,081228536070,,Semarang,Jawa Tengah,2026-01-26,1
1816,CUST-01816,Tgk. Saadat Rahimah,Bisnis,Laki-laki,081227154699,kayunsaefullah@example.com,Pekanbaru,Riau,2025-07-28,1
1817,CUST-01817,"Lili Usamah, M.Farm",Individual,Perempuan,081276501066,kusmawatidigdaya@example.net,Pekanbaru,Riau,2026-03-17,1
1818,CUST-01818,Zulaikha Sitompul,Individual,Perempuan,081219642022,enteng77@example.net,Denpasar,Bali,2025-05-07,1
1819,CUST-01819,"Manah Jailani, S.H.",Korporat,Laki-laki,081250075648,santosolanang@example.net,Palembang,Sumatera Selatan,2026-01-07,1
1820,CUST-01820,drg. Vanesa Budiyanto,Individual,Perempuan,081272259619,gnamaga@example.net,Padang,Sumatera Barat,2026-03-11,1
1821,CUST-01821,"Wira Suryatmi, M.Ak",Bisnis,Perempuan,081254269256,talia85@example.com,Bandung,Jawa Barat,2025-03-14,1
1822,CUST-01822,"Dr. Praba Suryono, S.Ked",Individual,Perempuan,081268488424,susantijaya@example.org,Bekasi,Jawa Barat,2025-11-02,1
1823,CUST-01823,Hj. Salsabila Firmansyah,Individual,Perempuan,081275419359,zulkarnaindevi@example.net,Palembang,Sumatera Selatan,2026-06-10,1
1824,CUST-01824,"Dt. Anggabaya Nuraini, M.TI.",Individual,Perempuan,081220172384,handayanititin@example.net,Denpasar,Bali,2026-01-01,1
1825,CUST-01825,Kani Suartini,Individual,Perempuan,081245640127,prakasasatya@example.net,Balikpapan,Kalimantan Timur,2024-09-07,1
1826,CUST-01826,"Aurora Prastuti, M.Farm",Bisnis,Laki-laki,081288161935,marbunumar@example.net,Malang,Jawa Timur,2026-01-17,0
1827,CUST-01827,Ir. Omar Wahyuni,Korporat,Laki-laki,081270172767,prakasanaradi@example.org,Balikpapan,Kalimantan Timur,2025-01-31,1
1828,CUST-01828,Malik Natsir,Korporat,Perempuan,081293381578,qrahimah@example.net,Manado,Sulawesi Utara,2026-04-25,1
1829,CUST-01829,Michelle Prakasa,Bisnis,Laki-laki,081272174655,kuswoyonovi@example.com,Balikpapan,Kalimantan Timur,2026-01-19,1
1830,CUST-01830,Drs. Titi Simanjuntak,Korporat,Perempuan,081210625496,hakimolga@example.org,Yogyakarta,DI Yogyakarta,2025-12-09,1
1831,CUST-01831,"Padmi Yulianti, S.Gz",Individual,Perempuan,081275465738,salahudincandra@example.net,Jakarta Pusat,DKI Jakarta,2025-04-17,1
1832,CUST-01832,Salsabila Tamba,Individual,Perempuan,081215551293,karsana56@example.org,Bandung,Jawa Barat,2025-08-20,1
1833,CUST-01833,Elvin Tarihoran,Individual,Perempuan,081250171844,dimazmansur@example.com,Banjarmasin,Kalimantan Selatan,2024-10-27,1
1834,CUST-01834,"H. Asmianto Santoso, S.Kom",Individual,Perempuan,081293276249,epradana@example.net,Manado,Sulawesi Utara,2026-01-27,1
1835,CUST-01835,Abyasa Lazuardi,Individual,Perempuan,,cornelia75@example.com,Makassar,Sulawesi Selatan,2026-03-15,1
1836,CUST-01836,Pia Lazuardi,Individual,Perempuan,081210511291,ulya24@example.com,Bandung,Jawa Barat,2024-10-19,1
1837,CUST-01837,Yunita Hakim,Individual,Laki-laki,081270356612,ziziuyainah@example.net,Batam,Kepulauan Riau,2024-11-07,1
1838,CUST-01838,"Rachel Safitri, M.Ak",Individual,Perempuan,081264847477,fujiatiharsanto@example.net,Bekasi,Jawa Barat,2025-01-29,1
1839,CUST-01839,Elvin Pertiwi,Individual,Laki-laki,081270520816,karya70@example.net,Yogyakarta,DI Yogyakarta,2024-12-05,1
1840,CUST-01840,Jais Rajasa,Individual,Perempuan,081292499525,rosmanmayasari@example.com,Jakarta Selatan,DKI Jakarta,2025-09-08,1
1841,CUST-01841,Nadine Damanik,Bisnis,Perempuan,081282828082,jelita75@example.com,Solo,Jawa Tengah,2025-06-28,1
1842,CUST-01842,Daryani Saragih,Bisnis,Laki-laki,081229695099,martana98@example.net,Palembang,Sumatera Selatan,2025-04-09,0
1843,CUST-01843,Anastasia Riyanti,Bisnis,Laki-laki,081277955775,xutami@example.com,Bekasi,Jawa Barat,2024-10-28,1
1844,CUST-01844,Cawisadi Sihombing,Individual,Perempuan,081234531813,farhunnisamaryati@example.net,Semarang,Jawa Tengah,2024-12-28,1
1845,CUST-01845,Rangga Halim,Individual,Laki-laki,081259797832,lembahhakim@example.net,Yogyakarta,DI Yogyakarta,2024-12-04,1
1846,CUST-01846,Tgk. Harjasa Wahyuni,Individual,Perempuan,081282467672,eli89@example.org,Solo,Jawa Tengah,2024-09-14,1
1847,CUST-01847,"Clara Winarno, M.TI.",Individual,Laki-laki,081247898853,rsusanti@example.com,Batam,Kepulauan Riau,2026-05-04,1
1848,CUST-01848,Bahuwarna Widiastuti,Bisnis,Laki-laki,081289551539,budiyantolasmanto@example.net,Yogyakarta,DI Yogyakarta,2026-06-01,1
1849,CUST-01849,Ida Latupono,Bisnis,Perempuan,081224651122,chandra20@example.net,Padang,Sumatera Barat,2025-03-22,1
1850,CUST-01850,Tina Maheswara,Bisnis,Perempuan,081277961281,najibsaefullah@example.com,Balikpapan,Kalimantan Timur,2025-09-03,1
1851,CUST-01851,"Sutan Halim Yulianti, M.Farm",Individual,Laki-laki,081248403221,dfirgantoro@example.org,Bekasi,Jawa Barat,2025-10-18,1
1852,CUST-01852,Hj. Hani Prastuti,Individual,Laki-laki,081294768585,rahayujefri@example.org,Jakarta Selatan,DKI Jakarta,2024-09-22,0
1853,CUST-01853,"Yani Laksmiwati, S.Ked",Korporat,Laki-laki,081219006632,,Surabaya,Jawa Timur,2024-12-14,1
1854,CUST-01854,Gasti Napitupulu,Individual,Perempuan,081264610832,vrahimah@example.com,Padang,Sumatera Barat,2025-04-05,1
1855,CUST-01855,Julia Novitasari,Bisnis,Laki-laki,081227439929,mumpuni78@example.com,Balikpapan,Kalimantan Timur,2025-12-14,1
1856,CUST-01856,Dt. Estiawan Sudiati,Individual,Perempuan,081212484463,sihotanggalih@example.com,Tangerang,Banten,2026-03-10,1
1857,CUST-01857,"Empluk Setiawan, S.I.Kom",Bisnis,Perempuan,081241569372,cahyono58@example.net,Surabaya,Jawa Timur,2025-04-21,1
1858,CUST-01858,"Ir. Lamar Halim, S.Ked",Individual,Perempuan,081251306149,januarraden@example.com,Manado,Sulawesi Utara,2026-04-03,1
1859,CUST-01859,Mustika Wibisono,Korporat,Perempuan,081287032122,skusumo@example.net,Solo,Jawa Tengah,2026-06-18,1
1860,CUST-01860,Chelsea Hastuti,Bisnis,Perempuan,081250800645,bagiyatamba@example.net,Makassar,Sulawesi Selatan,2025-10-10,1
1861,CUST-01861,"Tgk. Caket Sihombing, S.Gz",Korporat,Perempuan,081253986839,chalim@example.com,Pekanbaru,Riau,2026-05-30,1
1862,CUST-01862,Mila Prasetya,Individual,Perempuan,081286616413,raditya66@example.com,Balikpapan,Kalimantan Timur,2025-08-02,1
1863,CUST-01863,"Gasti Usamah, S.H.",Bisnis,Perempuan,081285009964,samsul32@example.com,Medan,Sumatera Utara,2026-02-16,1
1864,CUST-01864,Diah Gunarto,Individual,Perempuan,081283909875,uyainahgaiman@example.com,Banjarmasin,Kalimantan Selatan,2025-04-29,1
1865,CUST-01865,Nyana Uyainah,Individual,Laki-laki,,hafshah58@example.net,Solo,Jawa Tengah,2024-10-30,1
1866,CUST-01866,"R. Ilsa Hastuti, S.H.",Individual,Perempuan,081280195331,winda19@example.org,Jakarta Pusat,DKI Jakarta,2024-10-27,0
1867,CUST-01867,"R.A. Sabrina Natsir, M.Farm",Individual,Laki-laki,081257925710,ibudiyanto@example.com,Jakarta Selatan,DKI Jakarta,2025-08-23,1
1868,CUST-01868,Genta Usada,Individual,Perempuan,081235540054,hutagalungbalamantri@example.org,Padang,Sumatera Barat,2025-08-18,1
1869,CUST-01869,Irma Mandala,Individual,Perempuan,081252143840,siregarirnanto@example.net,Surabaya,Jawa Timur,2025-10-07,1
1870,CUST-01870,"Adhiarja Halim, S.I.Kom",Individual,Perempuan,081232288597,ifahassanah@example.com,Solo,Jawa Tengah,2024-08-22,1
1871,CUST-01871,"Sutan Nyoman Palastri, S.Gz",Individual,Laki-laki,081226814208,byuliarti@example.net,Balikpapan,Kalimantan Timur,2025-06-10,1
1872,CUST-01872,"dr. Patricia Farida, M.Ak",Individual,Perempuan,081222461512,permadirafi@example.org,Padang,Sumatera Barat,2024-12-14,1
1873,CUST-01873,"Salsabila Sihotang, S.Gz",Individual,Perempuan,081215186815,windaagustina@example.net,Malang,Jawa Timur,2025-03-10,1
1874,CUST-01874,Dimas Samosir,Bisnis,Perempuan,,xjailani@example.org,Balikpapan,Kalimantan Timur,2024-07-29,1
1875,CUST-01875,Leo Tarihoran,Individual,Laki-laki,081278253276,sanggraini@example.org,Makassar,Sulawesi Selatan,2026-02-18,1
1876,CUST-01876,"Puti Paulin Mangunsong, S.Pd",Individual,Perempuan,081230321274,malika16@example.org,Balikpapan,Kalimantan Timur,2024-09-30,1
1877,CUST-01877,"Jamalia Padmasari, S.Gz",Individual,Laki-laki,081253027048,aiswahyudi@example.org,Tangerang,Banten,2024-06-23,1
1878,CUST-01878,Ir. Bella Riyanti,Individual,Laki-laki,081213703755,legahariyah@example.net,Bekasi,Jawa Barat,2025-10-30,1
1879,CUST-01879,"Hana Winarsih, S.E.I",Korporat,Perempuan,081220213930,,Padang,Sumatera Barat,2025-02-06,1
1880,CUST-01880,Zaenab Prastuti,Korporat,Perempuan,081263497941,mardhiyahwarji@example.org,Malang,Jawa Timur,2025-10-11,1
1881,CUST-01881,"Karimah Rajasa, S.Kom",Bisnis,Perempuan,081297869733,qmulyani@example.org,Padang,Sumatera Barat,2024-09-08,1
1882,CUST-01882,"Drs. Febi Narpati, S.Farm",Bisnis,Perempuan,081257915530,rizki68@example.net,Manado,Sulawesi Utara,2025-06-15,1
1883,CUST-01883,Ikhsan Sihotang,Individual,Perempuan,081244532719,tdamanik@example.org,Manado,Sulawesi Utara,2026-03-15,1
1884,CUST-01884,Mariadi Damanik,Individual,Perempuan,081285069914,,Palembang,Sumatera Selatan,2024-12-07,1
1885,CUST-01885,Dt. Warji Rahmawati,Individual,Perempuan,081251119467,baktiono64@example.com,Surabaya,Jawa Timur,2025-04-30,1
1886,CUST-01886,"KH. Jumadi Gunawan, S.Ked",Individual,Perempuan,081231950585,candrakantahutasoit@example.com,Jakarta Pusat,DKI Jakarta,2025-04-11,1
1887,CUST-01887,Julia Gunarto,Bisnis,Perempuan,081279346112,iswahyudiajeng@example.org,Solo,Jawa Tengah,2025-03-17,1
1888,CUST-01888,Damu Laksmiwati,Individual,Laki-laki,081237652391,dsuartini@example.com,Banjarmasin,Kalimantan Selatan,2025-08-09,1
1889,CUST-01889,Alika Wijayanti,Individual,Perempuan,081256238421,kusumoharjaya@example.net,Medan,Sumatera Utara,2025-03-03,1
1890,CUST-01890,Kajen Hutagalung,Individual,Perempuan,081255872180,rafi41@example.net,Yogyakarta,DI Yogyakarta,2024-08-22,1
1891,CUST-01891,Padmi Wastuti,Individual,Perempuan,081266652916,gunartorudi@example.net,Makassar,Sulawesi Selatan,2025-02-17,1
1892,CUST-01892,Jane Pradana,Individual,Perempuan,081262957046,ira11@example.net,Banjarmasin,Kalimantan Selatan,2024-10-06,1
1893,CUST-01893,Indah Rahmawati,Individual,Perempuan,081299006711,rahmisafitri@example.org,Padang,Sumatera Barat,2024-07-12,1
1894,CUST-01894,Hj. Tiara Yulianti,Bisnis,Perempuan,081232858129,asirwada85@example.org,Manado,Sulawesi Utara,2025-05-09,1
1895,CUST-01895,"R. Yahya Wacana, S.T.",Individual,Laki-laki,081266995867,hana30@example.com,Manado,Sulawesi Utara,2025-04-18,1
1896,CUST-01896,Icha Rahayu,Bisnis,Laki-laki,081292394812,argono14@example.net,Makassar,Sulawesi Selatan,2025-11-13,1
1897,CUST-01897,Pardi Santoso,Bisnis,Perempuan,081287936791,gjailani@example.net,Pekanbaru,Riau,2024-11-03,1
1898,CUST-01898,"Latika Oktaviani, S.Gz",Individual,Perempuan,081293106088,qhidayanto@example.net,Malang,Jawa Timur,2024-08-02,1
1899,CUST-01899,Oliva Sinaga,Individual,Perempuan,081274819086,waluyoirawan@example.org,Batam,Kepulauan Riau,2025-04-01,1
1900,CUST-01900,"Jasmin Utami, S.Farm",Individual,Laki-laki,081264586126,wastutipraba@example.com,Malang,Jawa Timur,2025-08-09,1
1901,CUST-01901,Bella Budiyanto,Bisnis,Perempuan,081237821199,kamilawulandari@example.com,Semarang,Jawa Tengah,2026-02-20,1
1902,CUST-01902,Zalindra Mansur,Individual,Perempuan,081230450664,jmaryati@example.com,Yogyakarta,DI Yogyakarta,2024-12-23,1
1903,CUST-01903,Dalimin Maryati,Individual,Laki-laki,081215374879,karsanarajata@example.net,Surabaya,Jawa Timur,2026-05-29,1
1904,CUST-01904,Kadir Astuti,Individual,Laki-laki,081266844832,adhiarjahutapea@example.com,Bekasi,Jawa Barat,2024-07-28,1
1905,CUST-01905,"Sutan Pangestu Wahyudin, S.E.I",Individual,Perempuan,081279038972,rlazuardi@example.com,Malang,Jawa Timur,2025-06-09,1
1906,CUST-01906,Elma Maryadi,Individual,Perempuan,081249313824,hardiansyahmustika@example.net,Padang,Sumatera Barat,2025-04-01,1
1907,CUST-01907,Ridwan Sihombing,Individual,Laki-laki,,sinagadian@example.org,Malang,Jawa Timur,2025-04-26,1
1908,CUST-01908,Febi Mustofa,Individual,Perempuan,081231154134,llazuardi@example.net,Padang,Sumatera Barat,2026-01-27,1
1909,CUST-01909,"dr. Mila Wacana, S.IP",Individual,Perempuan,081223004373,gpuspita@example.com,Yogyakarta,DI Yogyakarta,2024-12-08,1
1910,CUST-01910,Wulan Yolanda,Individual,Laki-laki,081219816557,,Semarang,Jawa Tengah,2025-05-27,1
1911,CUST-01911,"Elma Riyanti, S.E.I",Individual,Perempuan,081269846602,adikarasuartini@example.org,Surabaya,Jawa Timur,2026-04-01,1
1912,CUST-01912,"T. Reksa Oktaviani, M.TI.",Individual,Perempuan,081254158179,ajimin75@example.net,Padang,Sumatera Barat,2025-12-25,1
1913,CUST-01913,Cakrawangsa Nasyidah,Individual,Perempuan,081210926497,zizikuswoyo@example.org,Jakarta Pusat,DKI Jakarta,2025-03-15,1
1914,CUST-01914,Cindy Sihombing,Individual,Perempuan,081252875833,chabibi@example.net,Surabaya,Jawa Timur,2024-11-03,1
1915,CUST-01915,Rahman Suwarno,Individual,Perempuan,081264396138,vnovitasari@example.org,Surabaya,Jawa Timur,2026-05-15,1
1916,CUST-01916,Lukita Hutapea,Bisnis,Laki-laki,081271453742,narpatilaras@example.org,Yogyakarta,DI Yogyakarta,2025-07-30,1
1917,CUST-01917,Xanana Lazuardi,Bisnis,Perempuan,081272003596,yuliartihardana@example.org,Medan,Sumatera Utara,2025-06-14,1
1918,CUST-01918,R. Asman Hardiansyah,Individual,Laki-laki,081269575107,permatamaryadi@example.com,Solo,Jawa Tengah,2024-10-10,1
1919,CUST-01919,Belinda Halim,Korporat,Perempuan,081220948328,pudjiastutiajiman@example.com,Semarang,Jawa Tengah,2026-04-25,1
1920,CUST-01920,Lukman Puspita,Individual,Laki-laki,081210459199,hartanasitumorang@example.net,Denpasar,Bali,2025-12-06,1
1921,CUST-01921,"drg. Kasiyah Rajasa, M.Ak",Individual,Laki-laki,081273023316,jasmin83@example.com,Semarang,Jawa Tengah,2024-08-31,1
1922,CUST-01922,Tantri Hutapea,Individual,Perempuan,081273373141,irawanbalijan@example.org,Surabaya,Jawa Timur,2026-01-27,1
1923,CUST-01923,"Cut Jane Mandala, S.Farm",Individual,Perempuan,081225674138,rosman97@example.org,Padang,Sumatera Barat,2024-12-01,1
1924,CUST-01924,"dr. Syahrini Ardianto, M.TI.",Bisnis,Laki-laki,081286154110,jane54@example.org,Banjarmasin,Kalimantan Selatan,2026-05-12,1
1925,CUST-01925,Atmaja Najmudin,Individual,Perempuan,081249903845,nhartati@example.org,Medan,Sumatera Utara,2025-06-01,1
1926,CUST-01926,"Zaenab Yuniar, S.Sos",Individual,Laki-laki,081265329162,maryadizulaikha@example.com,Tangerang,Banten,2025-10-01,1
1927,CUST-01927,Ian Uyainah,Individual,Laki-laki,081261833586,tugimanmayasari@example.net,Semarang,Jawa Tengah,2025-11-29,1
1928,CUST-01928,Dt. Daliman Riyanti,Individual,Laki-laki,081227783320,wpuspita@example.net,Manado,Sulawesi Utara,2026-01-11,1
1929,CUST-01929,Timbul Lazuardi,Individual,Perempuan,081290793932,jailanibancar@example.net,Balikpapan,Kalimantan Timur,2026-04-01,1
1930,CUST-01930,"Zalindra Setiawan, S.Gz",Individual,Perempuan,081281053476,maheswaramahesa@example.com,Solo,Jawa Tengah,2025-11-25,1
1931,CUST-01931,Ina Kusumo,Individual,Laki-laki,081241128472,ifamaryati@example.net,Padang,Sumatera Barat,2025-10-14,1
1932,CUST-01932,Bala Nuraini,Individual,Perempuan,081262246050,omaheswara@example.net,Pekanbaru,Riau,2025-05-04,1
1933,CUST-01933,Dr. Galak Laksita,Individual,Perempuan,081290885807,hakimjaswadi@example.org,Bekasi,Jawa Barat,2025-07-17,1
1934,CUST-01934,"Ibrani Rahayu, S.Gz",Individual,Perempuan,081253184861,harjasaprastuti@example.org,Bandung,Jawa Barat,2025-09-07,0
1935,CUST-01935,Ira Saptono,Individual,Perempuan,081211350476,karya66@example.org,Manado,Sulawesi Utara,2025-07-13,1
1936,CUST-01936,Paris Handayani,Individual,Perempuan,081235397185,garda36@example.com,Jakarta Pusat,DKI Jakarta,2025-08-01,1
1937,CUST-01937,"Sidiq Pratiwi, S.Pt",Individual,Laki-laki,081213002682,swacana@example.net,Jakarta Pusat,DKI Jakarta,2025-10-05,1
1938,CUST-01938,R.A. Shakila Yuniar,Bisnis,Perempuan,081237579431,dagelmangunsong@example.org,Batam,Kepulauan Riau,2025-03-02,1
1939,CUST-01939,"Cahyadi Irawan, S.Farm",Bisnis,Laki-laki,081260262428,zhidayat@example.com,Pekanbaru,Riau,2026-05-24,0
1940,CUST-01940,"KH. Lembah Yolanda, M.Ak",Individual,Laki-laki,081293619275,harjausada@example.net,Balikpapan,Kalimantan Timur,2024-08-07,1
1941,CUST-01941,"R. Sabri Waskita, S.Sos",Individual,Perempuan,081222114155,gunawanumaya@example.com,Tangerang,Banten,2025-05-14,0
1942,CUST-01942,Restu Padmasari,Individual,Perempuan,081286782199,oyuniar@example.com,Batam,Kepulauan Riau,2025-04-15,0
1943,CUST-01943,"Dr. Ade Puspasari, S.T.",Individual,Laki-laki,081236744506,kaniamanullang@example.net,Semarang,Jawa Tengah,2025-11-27,1
1944,CUST-01944,Dt. Elvin Putra,Individual,Perempuan,081227680058,widyapangestu@example.org,Makassar,Sulawesi Selatan,2026-04-24,1
1945,CUST-01945,Teguh Iswahyudi,Individual,Laki-laki,081225830248,saefullahgina@example.com,Padang,Sumatera Barat,2026-04-14,1
1946,CUST-01946,"Drs. Diah Mardhiyah, M.Ak",Bisnis,Laki-laki,081263467798,kadirhasanah@example.com,Malang,Jawa Timur,2026-04-09,1
1947,CUST-01947,Heru Dongoran,Individual,Laki-laki,081284055730,jaswadimandala@example.net,Palembang,Sumatera Selatan,2025-02-10,1
1948,CUST-01948,Jatmiko Palastri,Individual,Perempuan,081264399597,dasa80@example.org,Malang,Jawa Timur,2025-03-02,1
1949,CUST-01949,Aurora Suwarno,Individual,Perempuan,081299297213,nnasyidah@example.com,Bandung,Jawa Barat,2026-02-17,1
1950,CUST-01950,"Tgk. Lala Salahudin, S.Gz",Individual,Laki-laki,081244961835,wnatsir@example.org,Banjarmasin,Kalimantan Selatan,2026-05-11,1
1951,CUST-01951,"Aswani Maheswara, M.Farm",Individual,Perempuan,081272294095,jprabowo@example.net,Makassar,Sulawesi Selatan,2025-01-16,1
1952,CUST-01952,Hj. Zulaikha Wibowo,Individual,Perempuan,081253836783,ismail91@example.net,Semarang,Jawa Tengah,2025-12-09,1
1953,CUST-01953,"R. Laswi Uyainah, S.Ked",Individual,Laki-laki,081230794126,salsabila84@example.net,Jakarta Selatan,DKI Jakarta,2025-03-15,1
1954,CUST-01954,Vinsen Hastuti,Individual,Laki-laki,081232542200,dongorannalar@example.net,Manado,Sulawesi Utara,2025-10-21,1
1955,CUST-01955,Warta Hasanah,Individual,Perempuan,081288150989,langgengkusumo@example.net,Malang,Jawa Timur,2026-05-15,1
1956,CUST-01956,Sabri Prakasa,Individual,Laki-laki,081230138349,prabowo86@example.com,Tangerang,Banten,2024-09-15,1
1957,CUST-01957,Ir. Jumari Januar,Individual,Laki-laki,081232879772,widodoqueen@example.org,Medan,Sumatera Utara,2025-06-18,1
1958,CUST-01958,"Ir. Atma Tampubolon, M.Pd",Individual,Perempuan,081298669323,xanana53@example.org,Balikpapan,Kalimantan Timur,2024-08-27,1
1959,CUST-01959,Dinda Iswahyudi,Individual,Perempuan,081282585126,nmayasari@example.org,Batam,Kepulauan Riau,2024-12-08,1
1960,CUST-01960,Karsa Utama,Individual,Laki-laki,081214432699,najmudinellis@example.net,Balikpapan,Kalimantan Timur,2025-04-05,1
1961,CUST-01961,Widya Aryani,Bisnis,Laki-laki,081293000563,swacana@example.com,Malang,Jawa Timur,2025-08-01,1
1962,CUST-01962,Salsabila Maulana,Bisnis,Laki-laki,081246589072,,Manado,Sulawesi Utara,2025-06-13,1
1963,CUST-01963,Omar Gunarto,Korporat,Laki-laki,,purwanticahya@example.net,Solo,Jawa Tengah,2026-05-14,1
1964,CUST-01964,"Galar Saputra, M.Kom.",Bisnis,Laki-laki,081252349934,legawa12@example.org,Padang,Sumatera Barat,2025-11-01,1
1965,CUST-01965,Chelsea Maryati,Individual,Laki-laki,081244388950,lestariluluh@example.net,Semarang,Jawa Tengah,2025-06-25,1
1966,CUST-01966,Julia Latupono,Individual,Laki-laki,081214186496,kasusra24@example.net,Solo,Jawa Tengah,2024-12-07,1
1967,CUST-01967,Hamzah Novitasari,Bisnis,Laki-laki,,,Bekasi,Jawa Barat,2024-09-24,1
1968,CUST-01968,"Puti Ratna Wahyudin, S.Pt",Individual,Laki-laki,081234430759,keisha80@example.org,Banjarmasin,Kalimantan Selatan,2024-07-09,1
1969,CUST-01969,Drs. Natalia Fujiati,Individual,Laki-laki,081249367105,nyoman34@example.net,Balikpapan,Kalimantan Timur,2026-02-09,1
1970,CUST-01970,Kacung Haryanto,Individual,Laki-laki,081214582076,umayhandayani@example.com,Palembang,Sumatera Selatan,2025-07-29,1
1971,CUST-01971,Malika Ardianto,Individual,Laki-laki,081247044475,dpuspita@example.net,Yogyakarta,DI Yogyakarta,2026-02-26,1
1972,CUST-01972,Teddy Puspasari,Individual,Laki-laki,081227796479,ipuspasari@example.net,Semarang,Jawa Tengah,2026-06-06,1
1973,CUST-01973,"Padma Natsir, M.Kom.",Bisnis,Laki-laki,081261989553,pangestupudjiastuti@example.org,Banjarmasin,Kalimantan Selatan,2024-10-20,1
1974,CUST-01974,"drg. Bakiono Melani, S.T.",Individual,Laki-laki,081241036235,jaeman30@example.com,Manado,Sulawesi Utara,2026-06-02,0
1975,CUST-01975,Tina Putra,Individual,Laki-laki,081220922291,mahdi45@example.net,Medan,Sumatera Utara,2024-11-26,0
1976,CUST-01976,Raihan Yolanda,Bisnis,Laki-laki,081236382176,owahyudin@example.org,Makassar,Sulawesi Selatan,2026-04-30,1
1977,CUST-01977,"Puti Yani Nuraini, S.Gz",Bisnis,Perempuan,081278231389,,Jakarta Selatan,DKI Jakarta,2025-05-19,1
1978,CUST-01978,Halima Uwais,Individual,Perempuan,081255834103,hastutinrima@example.net,Padang,Sumatera Barat,2025-12-03,1
1979,CUST-01979,"Teguh Pratama, S.T.",Individual,Perempuan,081283761152,,Pekanbaru,Riau,2025-09-21,1
1980,CUST-01980,"Syahrini Yuniar, S.Psi",Bisnis,Perempuan,081275306141,xwaskita@example.net,Padang,Sumatera Barat,2026-03-17,0
1981,CUST-01981,Dadap Hidayat,Individual,Perempuan,081287832920,dbudiman@example.com,Padang,Sumatera Barat,2026-04-20,1
1982,CUST-01982,Najwa Maheswara,Individual,Laki-laki,081286506995,wisnuanggriawan@example.org,Padang,Sumatera Barat,2026-04-25,1
1983,CUST-01983,Puti Gilda Fujiati,Individual,Laki-laki,081281079957,uaryani@example.net,Semarang,Jawa Tengah,2025-12-16,1
1984,CUST-01984,Karimah Pertiwi,Individual,Perempuan,081234986562,hari33@example.org,Surabaya,Jawa Timur,2026-04-10,1
1985,CUST-01985,Drs. Soleh Nugroho,Individual,Laki-laki,081243412290,rachelpratiwi@example.org,Tangerang,Banten,2025-01-11,1
1986,CUST-01986,"Ulva Usada, S.Sos",Individual,Laki-laki,081295681577,,Palembang,Sumatera Selatan,2025-04-06,1
1987,CUST-01987,Lutfan Wulandari,Bisnis,Perempuan,081247744270,heru42@example.net,Tangerang,Banten,2025-05-15,1
1988,CUST-01988,Oman Wibisono,Individual,Laki-laki,081285038272,bakiantonasyidah@example.org,Surabaya,Jawa Timur,2024-07-20,1
1989,CUST-01989,drg. Cemani Usada,Bisnis,Laki-laki,081289365720,niyagabudiyanto@example.net,Bandung,Jawa Barat,2026-01-24,1
1990,CUST-01990,Teguh Hutasoit,Individual,Perempuan,081280607932,mrajasa@example.net,Surabaya,Jawa Timur,2026-06-06,1
1991,CUST-01991,Nurul Iswahyudi,Korporat,Perempuan,081259792942,cayadi44@example.org,Semarang,Jawa Tengah,2026-01-04,1
1992,CUST-01992,Dr. Jessica Ramadan,Individual,Perempuan,081263099450,mahfud60@example.net,Batam,Kepulauan Riau,2025-12-29,1
1993,CUST-01993,Hasim Hassanah,Individual,Perempuan,081247596120,mmaryati@example.org,Tangerang,Banten,2025-10-25,1
1994,CUST-01994,"Oliva Waskita, M.M.",Individual,Laki-laki,081257278896,dipa20@example.org,Jakarta Selatan,DKI Jakarta,2025-01-31,1
1995,CUST-01995,"KH. Teguh Sitorus, M.M.",Individual,Perempuan,081233873520,maulanaemas@example.org,Bekasi,Jawa Barat,2025-08-12,1
1996,CUST-01996,"drg. Maryanto Saputra, S.Kom",Individual,Perempuan,081273996613,,Makassar,Sulawesi Selatan,2025-12-11,1
1997,CUST-01997,"Dr. Jono Tamba, M.Ak",Bisnis,Perempuan,081297572537,aryanikala@example.net,Makassar,Sulawesi Selatan,2025-08-09,1
1998,CUST-01998,"R. Jinawi Wasita, S.E.",Bisnis,Perempuan,081222138387,kusumocinta@example.net,Makassar,Sulawesi Selatan,2025-08-26,1
1999,CUST-01999,Zulfa Saragih,Individual,Laki-laki,081213906769,pardi34@example.com,Palembang,Sumatera Selatan,2025-07-21,1
2000,CUST-02000,"Ibun Ardianto, S.Ked",Individual,Laki-laki,081291553788,paulinmarpaung@example.com,Jakarta Selatan,DKI Jakarta,2024-11-29,1
2001,CUST-02001,"KH. Bahuwarna Wahyudin, M.M.",Individual,Laki-laki,081299659496,pkurniawan@example.com,Padang,Sumatera Barat,2025-10-28,1
2002,CUST-02002,Irsad Marpaung,Korporat,Perempuan,081240666043,maryatinatalia@example.com,Denpasar,Bali,2025-06-11,1
2003,CUST-02003,Empluk Firmansyah,Individual,Perempuan,081247883560,corneliakusumo@example.org,Jakarta Pusat,DKI Jakarta,2024-07-13,1
2004,CUST-02004,Titin Prastuti,Korporat,Perempuan,081251612208,mangunsonghamzah@example.com,Medan,Sumatera Utara,2025-05-05,1
2005,CUST-02005,Ganep Natsir,Individual,Laki-laki,081264226689,claraputra@example.com,Palembang,Sumatera Selatan,2026-06-16,1
2006,CUST-02006,Cut Ellis Prastuti,Korporat,Laki-laki,081223085255,gangsarpuspita@example.com,Denpasar,Bali,2025-04-26,1
2007,CUST-02007,Asmianto Maryati,Bisnis,Perempuan,081210413754,embuhlestari@example.org,Makassar,Sulawesi Selatan,2025-12-18,1
2008,CUST-02008,Puti Betania Laksmiwati,Bisnis,Laki-laki,081244043660,manullangsuci@example.org,Banjarmasin,Kalimantan Selatan,2025-06-21,1
2009,CUST-02009,Laila Wijayanti,Individual,Perempuan,081263193535,muni91@example.net,Jakarta Selatan,DKI Jakarta,2025-06-15,0
2010,CUST-02010,R. Hilda Widiastuti,Bisnis,Perempuan,081266831729,zizi14@example.net,Tangerang,Banten,2026-01-27,1
2011,CUST-02011,Danuja Astuti,Individual,Laki-laki,081279924278,ssantoso@example.net,Semarang,Jawa Tengah,2024-10-21,0
2012,CUST-02012,Yuni Kuswoyo,Individual,Laki-laki,081251673325,rahayu79@example.com,Yogyakarta,DI Yogyakarta,2026-06-12,1
2013,CUST-02013,Almira Rahimah,Bisnis,Perempuan,081257889789,danuja08@example.com,Surabaya,Jawa Timur,2025-11-19,1
2014,CUST-02014,Tgk. Halima Thamrin,Bisnis,Laki-laki,081236774092,kuswandaridarsirah@example.com,Denpasar,Bali,2024-09-22,1
2015,CUST-02015,Adiarja Uwais,Individual,Perempuan,081276377190,napitupuluganjaran@example.com,Bandung,Jawa Barat,2025-08-08,1
2016,CUST-02016,Najam Purwanti,Bisnis,Laki-laki,081239142288,bakiono34@example.com,Surabaya,Jawa Timur,2025-05-19,1
2017,CUST-02017,Dr. Maimunah Hartati,Bisnis,Perempuan,081211999025,marsudisitompul@example.net,Padang,Sumatera Barat,2025-05-18,1
2018,CUST-02018,Zaenab Pertiwi,Individual,Perempuan,081294127581,harimurtiagustina@example.org,Yogyakarta,DI Yogyakarta,2025-11-12,1
2019,CUST-02019,Wawan Mandasari,Individual,Laki-laki,081246987595,gpurwanti@example.org,Surabaya,Jawa Timur,2024-07-17,1
2020,CUST-02020,"R. Ajimat Agustina, S.I.Kom",Individual,Perempuan,081230276270,luhungusada@example.org,Padang,Sumatera Barat,2026-06-12,1
2021,CUST-02021,Prakosa Rahmawati,Bisnis,Perempuan,081290490212,nalar68@example.com,Bekasi,Jawa Barat,2026-02-10,1
2022,CUST-02022,"R. Cengkal Prabowo, M.Farm",Bisnis,Laki-laki,081248133515,jonopranowo@example.net,Balikpapan,Kalimantan Timur,2025-04-25,1
2023,CUST-02023,"drg. Padma Pratama, S.E.I",Individual,Perempuan,081232665891,laksmiwaticakrabuana@example.net,Surabaya,Jawa Timur,2025-04-18,1
2024,CUST-02024,Darmaji Agustina,Individual,Laki-laki,081248368781,dhakim@example.com,Solo,Jawa Tengah,2025-01-20,1
2025,CUST-02025,dr. Estiawan Maryati,Individual,Laki-laki,081247304191,darmanadongoran@example.org,Pekanbaru,Riau,2026-04-21,1
2026,CUST-02026,Zulfa Suartini,Individual,Perempuan,081222637087,lailasarikurnia@example.com,Jakarta Selatan,DKI Jakarta,2025-07-04,1
2027,CUST-02027,Raina Wijaya,Individual,Laki-laki,081256905600,esetiawan@example.org,Bekasi,Jawa Barat,2024-07-29,1
2028,CUST-02028,Humaira Sihombing,Individual,Perempuan,081248570453,bsimanjuntak@example.com,Jakarta Pusat,DKI Jakarta,2025-07-21,1
2029,CUST-02029,Keisha Rahayu,Individual,Laki-laki,081289341286,okto27@example.org,Batam,Kepulauan Riau,2024-07-10,1
2030,CUST-02030,"dr. Puji Nurdiyanti, S.Pt",Individual,Laki-laki,081298873199,catur43@example.net,Jakarta Selatan,DKI Jakarta,2026-03-01,1
2031,CUST-02031,"Dr. Halima Kusmawati, S.IP",Individual,Laki-laki,081244431603,ukurniawan@example.com,Jakarta Pusat,DKI Jakarta,2024-11-06,1
2032,CUST-02032,Diana Rajata,Bisnis,Laki-laki,081252028805,lailasariwarta@example.com,Medan,Sumatera Utara,2026-04-21,1
2033,CUST-02033,Cut Febi Sihombing,Individual,Perempuan,081272771847,gsusanti@example.com,Jakarta Selatan,DKI Jakarta,2024-08-30,1
2034,CUST-02034,Kenzie Nuraini,Korporat,Laki-laki,081262626016,xkuswandari@example.org,Jakarta Selatan,DKI Jakarta,2025-05-19,0
2035,CUST-02035,"Reza Narpati, S.H.",Individual,Laki-laki,081270064538,lmanullang@example.com,Manado,Sulawesi Utara,2025-07-18,1
2036,CUST-02036,"Jaga Gunawan, S.Kom",Individual,Laki-laki,081244228700,,Batam,Kepulauan Riau,2025-03-07,1
2037,CUST-02037,"Hj. Dalima Manullang, S.Pd",Bisnis,Laki-laki,081287779546,titin25@example.net,Yogyakarta,DI Yogyakarta,2026-02-23,1
2038,CUST-02038,Enteng Anggriawan,Individual,Laki-laki,081216592904,ramamandasari@example.com,Manado,Sulawesi Utara,2025-02-21,1
2039,CUST-02039,R.M. Cemplunk Winarsih,Individual,Laki-laki,081219906404,jaka36@example.com,Medan,Sumatera Utara,2025-08-27,1
2040,CUST-02040,"Puti Putri Sirait, M.Ak",Individual,Laki-laki,081236295265,najmudinmalika@example.net,Palembang,Sumatera Selatan,2025-04-30,1
2041,CUST-02041,Tania Mulyani,Korporat,Laki-laki,081261866761,caket99@example.net,Bandung,Jawa Barat,2025-01-22,1
2042,CUST-02042,"Hj. Vicky Novitasari, S.Gz",Individual,Perempuan,081236539641,,Surabaya,Jawa Timur,2025-08-25,1
2043,CUST-02043,Mila Lailasari,Individual,Laki-laki,081269720402,lalapratama@example.org,Manado,Sulawesi Utara,2025-01-23,1
2044,CUST-02044,Marsito Suwarno,Bisnis,Perempuan,081257564724,qfirgantoro@example.com,Tangerang,Banten,2025-01-31,1
2045,CUST-02045,"Drs. Ifa Wastuti, S.Ked",Individual,Perempuan,081250008625,lantar48@example.com,Pekanbaru,Riau,2024-09-24,1
2046,CUST-02046,H. Cawisadi Siregar,Individual,Laki-laki,081254516993,winda53@example.com,Surabaya,Jawa Timur,2024-07-28,1
2047,CUST-02047,Muni Santoso,Individual,Perempuan,081299449130,rhakim@example.com,Makassar,Sulawesi Selatan,2024-09-13,1
2048,CUST-02048,"KH. Rudi Laksita, S.Psi",Korporat,Laki-laki,081236229670,tpratama@example.net,Bekasi,Jawa Barat,2026-04-08,1
2049,CUST-02049,Vera Pradipta,Individual,Laki-laki,081293788426,pangestuputi@example.com,Manado,Sulawesi Utara,2025-12-28,1
2050,CUST-02050,"Dr. Syahrini Saefullah, S.Psi",Individual,Laki-laki,081258892532,ridwansaragih@example.net,Jakarta Pusat,DKI Jakarta,2025-08-23,1
2051,CUST-02051,"R. Gabriella Nugroho, S.Pd",Bisnis,Laki-laki,081270331894,suciagustina@example.net,Batam,Kepulauan Riau,2026-04-25,1
2052,CUST-02052,Abyasa Najmudin,Individual,Laki-laki,,,Jakarta Pusat,DKI Jakarta,2025-02-24,1
2053,CUST-02053,"Ir. Mila Maulana, S.E.",Individual,Perempuan,081284520684,dhariyah@example.org,Malang,Jawa Timur,2024-06-30,1
2054,CUST-02054,T. Parman Tampubolon,Individual,Perempuan,081236453819,kemalsirait@example.net,Denpasar,Bali,2026-06-18,1
2055,CUST-02055,Dipa Napitupulu,Bisnis,Laki-laki,081264960421,tsafitri@example.com,Tangerang,Banten,2026-01-12,1
2056,CUST-02056,"Ilyas Usada, S.T.",Individual,Laki-laki,081249952366,megantarabalidin@example.org,Batam,Kepulauan Riau,2026-03-18,1
2057,CUST-02057,Titin Puspasari,Bisnis,Laki-laki,081258529736,oyuliarti@example.net,Jakarta Pusat,DKI Jakarta,2025-06-12,1
2058,CUST-02058,Sakti Purwanti,Individual,Laki-laki,081228202955,yuliartirendy@example.com,Manado,Sulawesi Utara,2025-11-18,1
2059,CUST-02059,Devi Waskita,Individual,Laki-laki,081260577122,cagerhartati@example.com,Manado,Sulawesi Utara,2025-03-06,1
2060,CUST-02060,"Tgk. Ulya Salahudin, S.H.",Individual,Perempuan,081259850693,balidinrahmawati@example.com,Malang,Jawa Timur,2026-03-10,1
2061,CUST-02061,Garang Jailani,Individual,Perempuan,081227368890,onarpati@example.org,Yogyakarta,DI Yogyakarta,2025-06-02,1
2062,CUST-02062,Pardi Puspita,Individual,Perempuan,081292803861,radenkusumo@example.com,Pekanbaru,Riau,2026-04-13,1
2063,CUST-02063,"Fitriani Sitorus, M.Farm",Individual,Perempuan,081225515147,widya97@example.com,Surabaya,Jawa Timur,2025-05-21,1
2064,CUST-02064,"Dr. Dewi Haryanto, S.E.",Individual,Laki-laki,081260064386,saragihanggabaya@example.org,Banjarmasin,Kalimantan Selatan,2025-12-19,1
2065,CUST-02065,Hilda Wasita,Individual,Laki-laki,081289939745,maryatiprima@example.com,Semarang,Jawa Tengah,2025-05-05,0
2066,CUST-02066,Citra Natsir,Individual,Perempuan,081281532467,zwidodo@example.com,Pekanbaru,Riau,2024-12-15,1
2067,CUST-02067,Tedi Gunarto,Individual,Laki-laki,081294216476,wacanamaryanto@example.org,Jakarta Pusat,DKI Jakarta,2025-10-20,1
2068,CUST-02068,dr. Gawati Palastri,Individual,Perempuan,081237595371,hutapeakenes@example.org,Malang,Jawa Timur,2025-03-06,1
2069,CUST-02069,"drg. Panji Agustina, M.Ak",Korporat,Perempuan,081231245358,nugrahawijayanti@example.net,Solo,Jawa Tengah,2025-03-19,1
2070,CUST-02070,Gamani Usamah,Individual,Perempuan,081226268976,dirjapermadi@example.net,Jakarta Pusat,DKI Jakarta,2024-07-22,1
2071,CUST-02071,Najib Saptono,Individual,Laki-laki,081210268394,bagiya55@example.org,Makassar,Sulawesi Selatan,2025-02-06,1
2072,CUST-02072,"Drs. Vera Prasetya, M.Ak",Individual,Perempuan,081269615444,puspasarishania@example.org,Banjarmasin,Kalimantan Selatan,2025-05-05,1
2073,CUST-02073,Ir. Darimin Napitupulu,Individual,Perempuan,081212801867,radenhassanah@example.org,Tangerang,Banten,2025-04-15,1
2074,CUST-02074,Dr. Jail Hutapea,Individual,Perempuan,081217955904,cengkir69@example.net,Bandung,Jawa Barat,2024-09-19,1
2075,CUST-02075,Ellis Astuti,Korporat,Laki-laki,081238154473,anggrainipaiman@example.net,Bekasi,Jawa Barat,2024-08-30,1
2076,CUST-02076,"Asmianto Laksmiwati, M.Farm",Individual,Laki-laki,081228523590,yono84@example.org,Manado,Sulawesi Utara,2024-07-01,1
2077,CUST-02077,"H. Maman Permata, S.Farm",Korporat,Perempuan,081238020208,maryadikunthara@example.net,Bandung,Jawa Barat,2025-08-02,1
2078,CUST-02078,Prabu Usamah,Individual,Laki-laki,081265929809,paiman20@example.net,Padang,Sumatera Barat,2025-08-15,1
2079,CUST-02079,Harto Hardiansyah,Individual,Laki-laki,081267185853,usamahvino@example.org,Batam,Kepulauan Riau,2024-11-15,1
2080,CUST-02080,Prabowo Marbun,Individual,Laki-laki,081229770032,rafid56@example.org,Semarang,Jawa Tengah,2026-01-25,1
2081,CUST-02081,Cut Yuliana Kurniawan,Individual,Perempuan,081286259543,wibisonocagak@example.net,Medan,Sumatera Utara,2024-09-23,0
2082,CUST-02082,"Drs. Eja Puspasari, S.Pt",Individual,Laki-laki,081217689284,shakila38@example.org,Malang,Jawa Timur,2025-11-14,1
2083,CUST-02083,Yani Laksmiwati,Individual,Laki-laki,081228745358,iyulianti@example.org,Makassar,Sulawesi Selatan,2025-06-24,1
2084,CUST-02084,"Dr. Juli Hutasoit, S.IP",Individual,Perempuan,081247559667,prasetyakunthara@example.com,Balikpapan,Kalimantan Timur,2024-09-11,1
2085,CUST-02085,Mala Pranowo,Individual,Laki-laki,081246518956,bagus98@example.com,Surabaya,Jawa Timur,2025-11-21,1
2086,CUST-02086,Labuh Yuniar,Individual,Perempuan,081272230881,nfarida@example.org,Pekanbaru,Riau,2024-11-05,1
2087,CUST-02087,"Drs. Karya Hidayat, S.Pd",Individual,Laki-laki,081267226595,makutamegantara@example.net,Batam,Kepulauan Riau,2025-02-04,1
2088,CUST-02088,"Samiah Halim, S.Ked",Korporat,Perempuan,081234016189,wahyuniimam@example.com,Surabaya,Jawa Timur,2025-02-17,1
2089,CUST-02089,"Tgk. Safina Tamba, S.E.",Korporat,Perempuan,081247843343,zsihotang@example.com,Jakarta Pusat,DKI Jakarta,2024-09-11,1
2090,CUST-02090,"Dr. Jagapati Rajata, S.T.",Individual,Laki-laki,081214215726,yolandacaraka@example.org,Banjarmasin,Kalimantan Selatan,2026-01-29,1
2091,CUST-02091,Drs. Raditya Susanti,Korporat,Perempuan,081294138328,danuja00@example.org,Malang,Jawa Timur,2025-03-03,0
2092,CUST-02092,"R. Elma Hasanah, M.TI.",Individual,Laki-laki,081219912854,prayitna27@example.org,Jakarta Selatan,DKI Jakarta,2024-07-31,1
2093,CUST-02093,Tari Sihombing,Individual,Laki-laki,081239709865,artanto58@example.org,Bandung,Jawa Barat,2025-06-29,1
2094,CUST-02094,R. Betania Ardianto,Individual,Perempuan,081252617348,kamaria74@example.org,Surabaya,Jawa Timur,2024-11-25,1
2095,CUST-02095,Irma Jailani,Individual,Laki-laki,081218381219,rwidiastuti@example.com,Palembang,Sumatera Selatan,2024-06-28,1
2096,CUST-02096,Ratna Kuswandari,Individual,Perempuan,081225248622,rmayasari@example.com,Jakarta Pusat,DKI Jakarta,2026-06-20,1
2097,CUST-02097,Ghaliyati Mardhiyah,Bisnis,Perempuan,081262667834,hadimarpaung@example.com,Semarang,Jawa Tengah,2025-03-04,1
2098,CUST-02098,"dr. Ayu Winarsih, S.Kom",Individual,Perempuan,081254960543,dariatimustofa@example.net,Solo,Jawa Tengah,2026-02-26,1
2099,CUST-02099,Jono Agustina,Individual,Perempuan,081222574141,ajailani@example.org,Semarang,Jawa Tengah,2026-02-19,1
2100,CUST-02100,H. Gara Marpaung,Korporat,Laki-laki,081212991339,zahrapurwanti@example.net,Malang,Jawa Timur,2024-08-25,1
2101,CUST-02101,Puti Faizah Wasita,Individual,Perempuan,081219258259,qsaefullah@example.net,Solo,Jawa Tengah,2026-01-09,0
2102,CUST-02102,Daliman Halim,Individual,Perempuan,081213399231,adiarja65@example.org,Solo,Jawa Tengah,2025-03-23,1
2103,CUST-02103,"Dt. Nalar Hidayanto, S.Ked",Individual,Perempuan,081219029143,,Yogyakarta,DI Yogyakarta,2025-09-24,0
2104,CUST-02104,Dodo Rajasa,Individual,Perempuan,081282328830,hamima30@example.com,Makassar,Sulawesi Selatan,2024-08-05,1
2105,CUST-02105,Gilda Natsir,Individual,Perempuan,081299733806,,Bandung,Jawa Barat,2024-12-15,1
2106,CUST-02106,Yance Saefullah,Bisnis,Perempuan,081274206707,tsudiati@example.org,Jakarta Selatan,DKI Jakarta,2024-12-21,1
2107,CUST-02107,Artawan Sihotang,Bisnis,Laki-laki,081237071206,permatabagus@example.net,Banjarmasin,Kalimantan Selatan,2026-02-08,1
2108,CUST-02108,"Respati Prayoga, M.TI.",Individual,Laki-laki,081241960924,pradanaoman@example.org,Batam,Kepulauan Riau,2024-08-26,1
2109,CUST-02109,Nadia Lazuardi,Individual,Perempuan,081259934690,pangestunababan@example.net,Bandung,Jawa Barat,2026-04-01,1
2110,CUST-02110,R. Karna Lestari,Bisnis,Perempuan,081259913562,gasti81@example.net,Tangerang,Banten,2025-04-16,1
2111,CUST-02111,Wadi Nasyiah,Individual,Perempuan,081218929703,,Medan,Sumatera Utara,2025-07-19,0
2112,CUST-02112,Drs. Banara Lailasari,Korporat,Laki-laki,081266997637,saputrabaktiadi@example.net,Denpasar,Bali,2024-07-28,1
2113,CUST-02113,"Ana Safitri, M.Kom.",Bisnis,Laki-laki,081277527129,puspamahendra@example.org,Denpasar,Bali,2024-11-07,1
2114,CUST-02114,Dt. Marsito Sihombing,Individual,Perempuan,081262225758,firmansyaheko@example.com,Surabaya,Jawa Timur,2025-11-11,1
2115,CUST-02115,"Drs. Karen Sinaga, M.M.",Individual,Laki-laki,081265106635,silvianugroho@example.com,Medan,Sumatera Utara,2025-05-20,1
2116,CUST-02116,Carla Hariyah,Korporat,Perempuan,081288496646,elonpermata@example.com,Medan,Sumatera Utara,2025-07-23,1
2117,CUST-02117,Balijan Maryati,Bisnis,Perempuan,081221671818,qbudiman@example.org,Bandung,Jawa Barat,2026-02-17,1
2118,CUST-02118,Zizi Yulianti,Individual,Perempuan,081224784555,kusumousman@example.net,Denpasar,Bali,2024-07-20,1
2119,CUST-02119,"Dr. Ganep Agustina, M.TI.",Individual,Laki-laki,081276264959,prakasakartika@example.com,Batam,Kepulauan Riau,2026-01-13,1
2120,CUST-02120,Dr. Kamaria Wibowo,Individual,Perempuan,081253095605,usuryono@example.net,Jakarta Pusat,DKI Jakarta,2025-07-07,1
2121,CUST-02121,Rafi Suwarno,Individual,Laki-laki,081280154046,elmahandayani@example.net,Surabaya,Jawa Timur,2026-05-12,1
2122,CUST-02122,Oliva Lestari,Bisnis,Laki-laki,081250283479,asmianto26@example.com,Solo,Jawa Tengah,2026-03-24,1
2123,CUST-02123,"Lintang Santoso, S.E.I",Individual,Perempuan,081274784128,salmansiregar@example.org,Denpasar,Bali,2025-07-12,1
2124,CUST-02124,Zulaikha Riyanti,Individual,Perempuan,081213081773,balijan62@example.org,Manado,Sulawesi Utara,2026-01-28,1
2125,CUST-02125,"Patricia Utama, M.Ak",Individual,Laki-laki,081222842209,spranowo@example.net,Makassar,Sulawesi Selatan,2024-10-31,1
2126,CUST-02126,Drajat Prastuti,Individual,Laki-laki,081276509206,balijanwacana@example.net,Palembang,Sumatera Selatan,2025-06-05,1
2127,CUST-02127,Cakrawangsa Marbun,Individual,Laki-laki,081245281576,xmaryati@example.org,Padang,Sumatera Barat,2025-05-29,1
2128,CUST-02128,Vinsen Kuswandari,Individual,Perempuan,081211764105,kariman86@example.org,Malang,Jawa Timur,2024-09-08,1
2129,CUST-02129,Laswi Susanti,Individual,Laki-laki,081248249961,manullangtaufan@example.org,Jakarta Pusat,DKI Jakarta,2025-07-29,1
2130,CUST-02130,Irma Hutapea,Individual,Laki-laki,081237912087,kuswandariwisnu@example.org,Padang,Sumatera Barat,2024-11-11,1
2131,CUST-02131,"Citra Uwais, S.Farm",Individual,Perempuan,081291042266,hakimrudi@example.org,Jakarta Selatan,DKI Jakarta,2025-04-30,1
2132,CUST-02132,Ir. Anom Lailasari,Individual,Laki-laki,081216388795,lasmanto32@example.org,Semarang,Jawa Tengah,2025-08-06,1
2133,CUST-02133,Bagiya Wijaya,Individual,Perempuan,081295160638,,Semarang,Jawa Tengah,2024-11-13,1
2134,CUST-02134,Mila Hartati,Individual,Perempuan,081298938622,ksiregar@example.com,Jakarta Pusat,DKI Jakarta,2025-05-07,1
2135,CUST-02135,Karman Sinaga,Individual,Perempuan,081227834822,pangestu94@example.com,Palembang,Sumatera Selatan,2025-08-13,1
2136,CUST-02136,Bambang Prasasta,Individual,Perempuan,081210028683,galangwaskita@example.com,Solo,Jawa Tengah,2026-02-19,1
2137,CUST-02137,Prayoga Budiyanto,Individual,Laki-laki,081241453809,hardi99@example.com,Makassar,Sulawesi Selatan,2026-06-18,1
2138,CUST-02138,Ir. Gilang Puspita,Korporat,Laki-laki,081217753330,ika09@example.org,Semarang,Jawa Tengah,2026-03-18,1
2139,CUST-02139,Heru Wastuti,Individual,Laki-laki,081244795010,azaleapurwanti@example.com,Palembang,Sumatera Selatan,2025-07-03,0
2140,CUST-02140,Ratna Hakim,Bisnis,Perempuan,081218004476,ginamarbun@example.net,Jakarta Pusat,DKI Jakarta,2025-04-19,1
2141,CUST-02141,"Prayoga Padmasari, S.Pt",Individual,Laki-laki,081278235689,titi60@example.org,Semarang,Jawa Tengah,2024-10-22,1
2142,CUST-02142,Tugiman Hidayanto,Individual,Laki-laki,081260654236,manullangsepti@example.org,Medan,Sumatera Utara,2025-01-14,1
2143,CUST-02143,Paris Napitupulu,Korporat,Laki-laki,,salahudindamar@example.com,Denpasar,Bali,2025-10-29,1
2144,CUST-02144,Ami Gunarto,Korporat,Perempuan,081242476032,ghalimah@example.net,Pekanbaru,Riau,2025-12-12,1
2145,CUST-02145,Jane Tampubolon,Individual,Laki-laki,081289727999,hamzah70@example.com,Jakarta Pusat,DKI Jakarta,2024-10-18,1
2146,CUST-02146,Ajeng Rahayu,Individual,Perempuan,081256928688,suwais@example.net,Bekasi,Jawa Barat,2025-05-10,1
2147,CUST-02147,"Akarsana Lailasari, M.TI.",Individual,Laki-laki,081221299263,natsirtari@example.org,Jakarta Selatan,DKI Jakarta,2025-05-14,1
2148,CUST-02148,"Budi Pangestu, S.T.",Individual,Laki-laki,081241255336,febifujiati@example.com,Jakarta Selatan,DKI Jakarta,2025-09-17,1
2149,CUST-02149,Tina Narpati,Korporat,Laki-laki,081259810309,candrakanta66@example.com,Bekasi,Jawa Barat,2024-08-21,1
2150,CUST-02150,Putri Waluyo,Individual,Laki-laki,081212599582,vanyahalim@example.com,Medan,Sumatera Utara,2026-05-23,1
2151,CUST-02151,R. Fitriani Mangunsong,Bisnis,Perempuan,081255311571,zulkarnainhalima@example.net,Solo,Jawa Tengah,2024-09-17,1
2152,CUST-02152,"Drs. Kamaria Mayasari, M.Farm",Korporat,Perempuan,081288618351,tirapalastri@example.org,Balikpapan,Kalimantan Timur,2024-10-17,1
2153,CUST-02153,"Ir. Ratna Usada, S.Psi",Individual,Laki-laki,081240396187,puspitaulya@example.com,Bandung,Jawa Barat,2024-11-24,1
2154,CUST-02154,Jaya Hidayanto,Individual,Perempuan,081245509101,sitisuartini@example.org,Bekasi,Jawa Barat,2025-02-18,1
2155,CUST-02155,Rahmi Hassanah,Individual,Perempuan,081290989989,atmaja21@example.net,Batam,Kepulauan Riau,2025-03-04,1
2156,CUST-02156,Mahfud Pudjiastuti,Individual,Laki-laki,081240359900,jaisirawan@example.net,Medan,Sumatera Utara,2025-09-04,1
2157,CUST-02157,Cawisono Hartati,Individual,Perempuan,081278320779,fprayoga@example.org,Balikpapan,Kalimantan Timur,2025-12-29,1
2158,CUST-02158,Ir. Victoria Mustofa,Individual,Laki-laki,081292923533,karsapradipta@example.net,Malang,Jawa Timur,2025-04-20,1
2159,CUST-02159,Jinawi Prasasta,Individual,Laki-laki,081292242545,,Denpasar,Bali,2026-02-03,1
2160,CUST-02160,Darijan Permadi,Individual,Laki-laki,081240684211,widiastutigandewa@example.net,Batam,Kepulauan Riau,2025-10-08,1
2161,CUST-02161,Fitriani Hasanah,Individual,Perempuan,081271592792,,Banjarmasin,Kalimantan Selatan,2024-09-25,1
2162,CUST-02162,Yessi Andriani,Individual,Perempuan,081260874933,saefullahmalika@example.com,Semarang,Jawa Tengah,2026-05-05,1
2163,CUST-02163,Dimaz Yuniar,Individual,Perempuan,081265996207,agustinaazalea@example.com,Banjarmasin,Kalimantan Selatan,2025-05-05,1
2164,CUST-02164,Dr. Mutia Jailani,Individual,Laki-laki,081218418238,ajimin72@example.org,Medan,Sumatera Utara,2026-01-15,1
2165,CUST-02165,"drg. Ana Maheswara, S.IP",Individual,Perempuan,081235670673,lurhurwijayanti@example.com,Denpasar,Bali,2024-12-03,1
2166,CUST-02166,Cahyanto Fujiati,Individual,Laki-laki,081297906918,hasan99@example.com,Bandung,Jawa Barat,2024-11-12,1
2167,CUST-02167,Martaka Manullang,Individual,Laki-laki,081281881755,sabardamanik@example.net,Solo,Jawa Tengah,2025-03-22,1
2168,CUST-02168,Puti Padma Prasetyo,Bisnis,Perempuan,081236542707,siraitismail@example.com,Padang,Sumatera Barat,2024-08-15,1
2169,CUST-02169,Halima Sitorus,Individual,Perempuan,081246452826,bakijan95@example.org,Denpasar,Bali,2025-11-09,1
2170,CUST-02170,"Puspa Yulianti, M.M.",Individual,Laki-laki,081252936847,,Balikpapan,Kalimantan Timur,2026-05-26,1
2171,CUST-02171,Kairav Latupono,Korporat,Perempuan,081264243818,ilyas34@example.com,Batam,Kepulauan Riau,2025-10-05,1
2172,CUST-02172,"Dr. Kezia Pradipta, S.T.",Individual,Perempuan,081271260308,dabukkelaswi@example.com,Jakarta Selatan,DKI Jakarta,2025-01-10,1
2173,CUST-02173,Vanesa Damanik,Individual,Perempuan,081260564962,qanggraini@example.net,Denpasar,Bali,2025-05-02,1
2174,CUST-02174,"Hj. Paramita Anggriawan, S.H.",Korporat,Perempuan,081269399243,vicky79@example.net,Banjarmasin,Kalimantan Selatan,2025-04-17,0
2175,CUST-02175,drg. Zizi Sitompul,Individual,Laki-laki,081292534760,,Yogyakarta,DI Yogyakarta,2025-04-08,1
2176,CUST-02176,drg. Azalea Anggraini,Individual,Laki-laki,081282254260,lililatupono@example.com,Denpasar,Bali,2025-10-13,1
2177,CUST-02177,Maida Najmudin,Individual,Perempuan,081277358733,osiregar@example.net,Surabaya,Jawa Timur,2026-01-25,1
2178,CUST-02178,Bahuwirya Nurdiyanti,Bisnis,Laki-laki,081289327820,caturanggahalim@example.org,Bandung,Jawa Barat,2026-02-02,1
2179,CUST-02179,Lala Pranowo,Bisnis,Perempuan,081258894875,endahutama@example.org,Balikpapan,Kalimantan Timur,2026-01-12,0
2180,CUST-02180,"Oliva Maulana, S.Pt",Individual,Laki-laki,081229937251,janet73@example.org,Semarang,Jawa Tengah,2025-04-10,1
2181,CUST-02181,Argono Sitorus,Bisnis,Laki-laki,081210230582,mitrarajasa@example.org,Jakarta Selatan,DKI Jakarta,2024-07-23,1
2182,CUST-02182,Ozy Tamba,Korporat,Perempuan,081243395600,ajimin67@example.com,Medan,Sumatera Utara,2025-12-04,1
2183,CUST-02183,Talia Usamah,Individual,Perempuan,081220745600,jtamba@example.org,Palembang,Sumatera Selatan,2026-04-01,1
2184,CUST-02184,R.M. Cakrabuana Winarsih,Korporat,Laki-laki,,hassanahega@example.net,Denpasar,Bali,2025-01-29,1
2185,CUST-02185,Carla Jailani,Individual,Perempuan,081236383536,mujur85@example.org,Bekasi,Jawa Barat,2025-03-08,1
2186,CUST-02186,"Ade Permadi, M.M.",Individual,Perempuan,081264142233,cakrawangsarahmawati@example.net,Makassar,Sulawesi Selatan,2025-02-05,1
2187,CUST-02187,Febi Usada,Individual,Perempuan,081291750360,imam34@example.com,Malang,Jawa Timur,2026-03-05,1
2188,CUST-02188,"Dr. Dariati Simbolon, M.TI.",Individual,Laki-laki,081279705480,halimprayogo@example.com,Batam,Kepulauan Riau,2025-09-06,1
2189,CUST-02189,Bala Farida,Individual,Perempuan,081225000061,adityalazuardi@example.net,Semarang,Jawa Tengah,2024-10-27,1
2190,CUST-02190,Hartana Santoso,Bisnis,Laki-laki,081261821051,zwidodo@example.net,Manado,Sulawesi Utara,2025-03-12,1
2191,CUST-02191,Silvia Rahimah,Individual,Laki-laki,081299218407,psihombing@example.org,Medan,Sumatera Utara,2025-10-30,1
2192,CUST-02192,"Puti Intan Lazuardi, S.IP",Individual,Perempuan,081297237827,oktavianidarman@example.com,Surabaya,Jawa Timur,2025-08-26,1
2193,CUST-02193,"Ina Mardhiyah, S.Pd",Individual,Perempuan,081287799240,wisnupuspasari@example.com,Jakarta Pusat,DKI Jakarta,2025-06-14,1
2194,CUST-02194,Fitriani Ardianto,Bisnis,Laki-laki,081236967308,qori94@example.org,Manado,Sulawesi Utara,2025-04-29,1
2195,CUST-02195,Taufik Farida,Bisnis,Laki-laki,081239685017,kalim34@example.org,Surabaya,Jawa Timur,2025-09-13,1
2196,CUST-02196,Ulva Maheswara,Individual,Perempuan,081289624299,qyulianti@example.net,Jakarta Pusat,DKI Jakarta,2025-01-25,1
2197,CUST-02197,"R.A. Ratna Kurniawan, M.Kom.",Individual,Laki-laki,081244080408,,Bandung,Jawa Barat,2026-03-12,1
2198,CUST-02198,Unjani Sihotang,Individual,Perempuan,081238093252,agus85@example.net,Banjarmasin,Kalimantan Selatan,2025-05-06,1
2199,CUST-02199,Nabila Wijayanti,Individual,Perempuan,081240626154,sarah00@example.com,Bandung,Jawa Barat,2026-02-12,1
2200,CUST-02200,Yance Andriani,Bisnis,Perempuan,081275981411,bsitompul@example.org,Makassar,Sulawesi Selatan,2026-03-12,1
2201,CUST-02201,Emin Sitompul,Individual,Perempuan,081269963520,jsaputra@example.net,Batam,Kepulauan Riau,2026-03-04,0
2202,CUST-02202,Rahmat Namaga,Bisnis,Perempuan,081264234023,gunartokania@example.net,Batam,Kepulauan Riau,2024-10-09,1
2203,CUST-02203,Cakrabuana Latupono,Individual,Laki-laki,081297299761,npratama@example.net,Yogyakarta,DI Yogyakarta,2024-07-08,1
2204,CUST-02204,dr. Empluk Winarno,Individual,Laki-laki,081212050547,fuyainah@example.org,Padang,Sumatera Barat,2025-05-06,1
2205,CUST-02205,"Dt. Jayeng Pranowo, M.Pd",Individual,Perempuan,081263489984,mursita98@example.net,Pekanbaru,Riau,2026-02-08,1
2206,CUST-02206,Emil Hidayat,Individual,Perempuan,081227421119,ihardiansyah@example.com,Bekasi,Jawa Barat,2024-12-29,0
2207,CUST-02207,dr. Gabriella Situmorang,Individual,Perempuan,081292277093,malikhutagalung@example.com,Bekasi,Jawa Barat,2024-08-17,1
2208,CUST-02208,Anita Purnawati,Korporat,Perempuan,081244498255,padmasariluluh@example.com,Makassar,Sulawesi Selatan,2025-02-02,1
2209,CUST-02209,Tgk. Aisyah Hasanah,Individual,Perempuan,081257362315,zjanuar@example.org,Bandung,Jawa Barat,2025-07-02,1
2210,CUST-02210,Juli Anggriawan,Individual,Perempuan,081298905078,purwantibanawa@example.net,Jakarta Pusat,DKI Jakarta,2025-12-28,1
2211,CUST-02211,Eka Sitorus,Bisnis,Perempuan,081277446551,wastutijanet@example.org,Tangerang,Banten,2025-12-23,1
2212,CUST-02212,Dalimin Sirait,Individual,Perempuan,081211476510,tari84@example.com,Padang,Sumatera Barat,2025-07-25,1
2213,CUST-02213,Diana Suryatmi,Individual,Laki-laki,081291122567,lulut62@example.net,Jakarta Pusat,DKI Jakarta,2025-04-14,1
2214,CUST-02214,Usyi Napitupulu,Individual,Perempuan,081242176841,cnashiruddin@example.com,Padang,Sumatera Barat,2025-02-27,1
2215,CUST-02215,Luwar Nugroho,Bisnis,Perempuan,081295623110,irianamulyani@example.org,Denpasar,Bali,2025-09-13,1
2216,CUST-02216,"Yance Maulana, S.Farm",Individual,Laki-laki,081239805103,siregargabriella@example.com,Yogyakarta,DI Yogyakarta,2024-06-24,1
2217,CUST-02217,Mulyono Safitri,Bisnis,Laki-laki,081256423394,handayaniyuliana@example.org,Semarang,Jawa Tengah,2025-01-24,1
2218,CUST-02218,Vivi Tampubolon,Individual,Laki-laki,081291136208,marbunsafina@example.net,Surabaya,Jawa Timur,2025-02-02,1
2219,CUST-02219,"Winda Palastri, S.E.",Individual,Laki-laki,081288840825,pia77@example.net,Bandung,Jawa Barat,2024-07-15,1
2220,CUST-02220,Estiawan Tarihoran,Korporat,Perempuan,081248840184,awaskita@example.com,Banjarmasin,Kalimantan Selatan,2025-04-12,1
2221,CUST-02221,Laras Suwarno,Individual,Perempuan,,,Jakarta Selatan,DKI Jakarta,2025-12-19,1
2222,CUST-02222,Hamima Prastuti,Bisnis,Perempuan,081280711783,kurnia36@example.net,Manado,Sulawesi Utara,2025-09-02,1
2223,CUST-02223,Laras Pradipta,Individual,Laki-laki,081299515925,prastutisidiq@example.net,Solo,Jawa Tengah,2025-11-20,1
2224,CUST-02224,Tantri Hidayanto,Individual,Perempuan,081247773986,halimanainggolan@example.com,Yogyakarta,DI Yogyakarta,2026-05-05,1
2225,CUST-02225,Maryadi Safitri,Bisnis,Perempuan,081295170643,athamrin@example.org,Pekanbaru,Riau,2026-01-20,1
2226,CUST-02226,"H. Ilyas Namaga, S.H.",Individual,Perempuan,081293615641,ademustofa@example.org,Pekanbaru,Riau,2025-12-03,1
2227,CUST-02227,Dr. Ghaliyati Waluyo,Korporat,Perempuan,081213315899,wisnuramadan@example.com,Batam,Kepulauan Riau,2024-08-11,1
2228,CUST-02228,Sabrina Tarihoran,Bisnis,Laki-laki,081283197928,cawukusamah@example.com,Denpasar,Bali,2024-07-17,1
2229,CUST-02229,"Hj. Icha Sihombing, S.IP",Korporat,Perempuan,081281630703,dariatisudiati@example.org,Manado,Sulawesi Utara,2024-11-15,1
2230,CUST-02230,"Ir. Jelita Lestari, M.Pd",Individual,Laki-laki,081256268145,,Surabaya,Jawa Timur,2024-10-31,1
2231,CUST-02231,"Dt. Luwes Mayasari, S.E.",Individual,Perempuan,081241458006,suwarnovanya@example.com,Padang,Sumatera Barat,2026-03-02,1
2232,CUST-02232,Padma Situmorang,Korporat,Perempuan,081244167462,aminarpati@example.org,Padang,Sumatera Barat,2025-12-23,1
2233,CUST-02233,Anita Tarihoran,Bisnis,Perempuan,081246407116,wulandarikunthara@example.com,Jakarta Selatan,DKI Jakarta,2025-05-12,1
2234,CUST-02234,Laksana Safitri,Individual,Laki-laki,081289263198,utamiifa@example.net,Pekanbaru,Riau,2025-01-13,1
2235,CUST-02235,Drs. Harto Kusmawati,Individual,Laki-laki,081213426046,koko66@example.net,Tangerang,Banten,2024-12-07,1
2236,CUST-02236,Ayu Damanik,Individual,Perempuan,081242432822,tambacemani@example.org,Banjarmasin,Kalimantan Selatan,2025-01-15,1
2237,CUST-02237,Fathonah Lestari,Bisnis,Laki-laki,081222923589,ivankuswandari@example.net,Solo,Jawa Tengah,2025-05-09,1
2238,CUST-02238,"drg. Dewi Napitupulu, S.Ked",Individual,Perempuan,081277248469,zzulaika@example.org,Palembang,Sumatera Selatan,2026-05-18,1
2239,CUST-02239,R.A. Ellis Santoso,Individual,Perempuan,081255574673,balapati97@example.com,Padang,Sumatera Barat,2025-02-15,1
2240,CUST-02240,"Kartika Mulyani, M.M.",Individual,Perempuan,081277791911,irwanyuniar@example.org,Padang,Sumatera Barat,2025-12-09,1
2241,CUST-02241,Maryadi Halim,Individual,Perempuan,081245639512,tami99@example.org,Denpasar,Bali,2024-07-12,0
2242,CUST-02242,"Nadine Nugroho, S.Farm",Korporat,Perempuan,081224218945,adriansyahsurya@example.com,Bekasi,Jawa Barat,2025-03-30,1
2243,CUST-02243,"Kasiran Thamrin, S.E.I",Individual,Perempuan,081274324206,capa43@example.org,Surabaya,Jawa Timur,2026-03-11,1
2244,CUST-02244,Rahmat Firmansyah,Bisnis,Laki-laki,081261674762,wibowoeman@example.com,Yogyakarta,DI Yogyakarta,2025-07-05,1
2245,CUST-02245,Jefri Hakim,Individual,Perempuan,081256986569,rina86@example.org,Bekasi,Jawa Barat,2026-02-24,0
2246,CUST-02246,"Puti Samiah Tampubolon, S.H.",Bisnis,Laki-laki,081249082443,ikhsan76@example.net,Balikpapan,Kalimantan Timur,2025-03-11,1
2247,CUST-02247,Pangeran Budiyanto,Individual,Laki-laki,081244112504,kurniawankarman@example.com,Semarang,Jawa Tengah,2024-12-31,1
2248,CUST-02248,H. Prabu Sudiati,Individual,Laki-laki,081225861505,cicirahimah@example.org,Yogyakarta,DI Yogyakarta,2024-10-04,1
2249,CUST-02249,drg. Zamira Mangunsong,Individual,Perempuan,081263306484,qsirait@example.com,Jakarta Selatan,DKI Jakarta,2025-09-18,1
2250,CUST-02250,"Unjani Sihotang, M.Pd",Individual,Perempuan,081239941857,purwadizulaika@example.org,Batam,Kepulauan Riau,2024-09-11,1
2251,CUST-02251,Hj. Shania Salahudin,Individual,Laki-laki,081233196870,yusufoktaviani@example.org,Banjarmasin,Kalimantan Selatan,2026-01-23,1
2252,CUST-02252,"Puti Gabriella Prayoga, S.Pt",Individual,Perempuan,081266442645,jmaulana@example.org,Banjarmasin,Kalimantan Selatan,2024-08-23,1
2253,CUST-02253,Elma Setiawan,Individual,Laki-laki,081235276714,,Tangerang,Banten,2026-01-29,1
2254,CUST-02254,Jaswadi Sihotang,Korporat,Perempuan,081229757491,pia69@example.org,Bekasi,Jawa Barat,2024-10-14,1
2255,CUST-02255,"Tgk. Darmanto Pratama, S.Kom",Korporat,Perempuan,081251355154,wirdasirait@example.net,Solo,Jawa Tengah,2025-06-23,1
2256,CUST-02256,Hani Lazuardi,Bisnis,Laki-laki,081216506589,rriyanti@example.org,Pekanbaru,Riau,2026-05-26,1
2257,CUST-02257,Ajimin Sihotang,Individual,Laki-laki,081266174294,,Jakarta Selatan,DKI Jakarta,2024-08-20,1
2258,CUST-02258,"Hartaka Hardiansyah, M.TI.",Individual,Perempuan,081275619820,natsirjail@example.net,Solo,Jawa Tengah,2025-12-25,1
2259,CUST-02259,Elma Usamah,Individual,Laki-laki,081280922189,kmandasari@example.com,Yogyakarta,DI Yogyakarta,2025-08-31,1
2260,CUST-02260,"Ayu Riyanti, S.E.I",Bisnis,Perempuan,081290761952,agusbudiman@example.net,Batam,Kepulauan Riau,2025-02-23,1
2261,CUST-02261,drg. Wardi Hastuti,Individual,Perempuan,081223424790,mfirmansyah@example.net,Medan,Sumatera Utara,2025-12-22,1
2262,CUST-02262,Ayu Nasyidah,Individual,Laki-laki,081277308514,oprakasa@example.com,Yogyakarta,DI Yogyakarta,2024-07-25,1
2263,CUST-02263,Prasetya Pratama,Bisnis,Laki-laki,081276751593,tirtadongoran@example.com,Solo,Jawa Tengah,2026-05-24,1
2264,CUST-02264,"T. Mulya Puspasari, S.E.I",Bisnis,Perempuan,081251252207,narpatielvina@example.net,Balikpapan,Kalimantan Timur,2025-12-02,1
2265,CUST-02265,R.A. Jelita Sirait,Individual,Laki-laki,081297920122,tpuspasari@example.com,Semarang,Jawa Tengah,2024-10-03,1
2266,CUST-02266,Cut Rika Pranowo,Bisnis,Perempuan,081230347528,padmasarimahmud@example.org,Semarang,Jawa Tengah,2025-04-05,1
2267,CUST-02267,"R.A. Fitria Mayasari, S.T.",Individual,Laki-laki,081273618253,aastuti@example.com,Balikpapan,Kalimantan Timur,2026-03-27,1
2268,CUST-02268,Puti Elma Najmudin,Individual,Laki-laki,081277698492,lmansur@example.org,Jakarta Selatan,DKI Jakarta,2025-02-27,1
2269,CUST-02269,"Bakti Simanjuntak, S.Pt",Individual,Laki-laki,081267169969,wasis18@example.org,Denpasar,Bali,2026-06-12,1
2270,CUST-02270,Ani Dabukke,Bisnis,Perempuan,081289480979,,Semarang,Jawa Tengah,2025-09-27,1
2271,CUST-02271,Setya Mansur,Individual,Laki-laki,081287674999,asuryono@example.net,Balikpapan,Kalimantan Timur,2025-12-14,1
2272,CUST-02272,Kemba Januar,Individual,Perempuan,,kasiyah63@example.net,Makassar,Sulawesi Selatan,2025-12-26,1
2273,CUST-02273,Kasiyah Waluyo,Individual,Laki-laki,081237913643,chariyah@example.org,Tangerang,Banten,2024-09-13,1
2274,CUST-02274,"Citra Safitri, M.Farm",Individual,Laki-laki,081232334739,mahendramaryanto@example.org,Solo,Jawa Tengah,2025-03-12,1
2275,CUST-02275,Virman Yolanda,Individual,Laki-laki,081255916985,zlestari@example.com,Surabaya,Jawa Timur,2026-03-15,1
2276,CUST-02276,"Cut Ilsa Mardhiyah, S.Kom",Individual,Perempuan,081273775857,nanggraini@example.org,Bekasi,Jawa Barat,2026-05-25,1
2277,CUST-02277,Drs. Vicky Uyainah,Bisnis,Perempuan,081222776389,gaman82@example.net,Yogyakarta,DI Yogyakarta,2024-11-14,1
2278,CUST-02278,"Dr. Himawan Novitasari, S.H.",Individual,Laki-laki,081276559204,rinimarbun@example.net,Balikpapan,Kalimantan Timur,2025-12-22,1
2279,CUST-02279,Karya Saefullah,Bisnis,Laki-laki,081272844484,,Padang,Sumatera Barat,2024-08-30,1
2280,CUST-02280,"Prabu Simbolon, S.IP",Bisnis,Laki-laki,081270643852,okta44@example.com,Batam,Kepulauan Riau,2025-09-21,1
2281,CUST-02281,Galang Nainggolan,Individual,Perempuan,081283903336,waniprakasa@example.org,Denpasar,Bali,2025-02-17,1
2282,CUST-02282,"dr. Amelia Wacana, S.Psi",Individual,Laki-laki,081217469551,nashiruddinlili@example.com,Banjarmasin,Kalimantan Selatan,2025-11-12,1
2283,CUST-02283,Gawati Saptono,Bisnis,Perempuan,081252651389,jailaniibrani@example.org,Bandung,Jawa Barat,2026-02-11,1
2284,CUST-02284,Kamila Latupono,Individual,Perempuan,081233410096,fmansur@example.org,Bandung,Jawa Barat,2025-07-08,1
2285,CUST-02285,Almira Aryani,Bisnis,Perempuan,081270687063,faridaolivia@example.com,Manado,Sulawesi Utara,2025-03-14,1
2286,CUST-02286,Margana Pertiwi,Individual,Laki-laki,081219560489,bmustofa@example.com,Pekanbaru,Riau,2025-03-06,1
2287,CUST-02287,Yuliana Anggraini,Individual,Laki-laki,081262316831,harjaya55@example.org,Padang,Sumatera Barat,2024-12-10,1
2288,CUST-02288,Yosef Hutasoit,Individual,Laki-laki,081281231841,onasyidah@example.org,Medan,Sumatera Utara,2024-09-18,1
2289,CUST-02289,"Dr. Amelia Sirait, M.M.",Individual,Perempuan,081254461838,dimaz71@example.org,Bandung,Jawa Barat,2026-02-17,1
2290,CUST-02290,Galiono Prasasta,Korporat,Laki-laki,081235193562,adikara07@example.com,Tangerang,Banten,2025-10-09,1
2291,CUST-02291,"Erik Purnawati, S.Gz",Individual,Laki-laki,081271909501,erik18@example.com,Manado,Sulawesi Utara,2025-02-24,1
2292,CUST-02292,Ana Nababan,Individual,Perempuan,081235812493,windathamrin@example.net,Semarang,Jawa Tengah,2025-03-05,1
2293,CUST-02293,Nadia Lazuardi,Individual,Laki-laki,081240470125,,Semarang,Jawa Tengah,2025-05-26,1
2294,CUST-02294,"R. Maimunah Megantara, S.E.",Korporat,Perempuan,081289978321,latuponoibrahim@example.net,Pekanbaru,Riau,2024-12-19,1
2295,CUST-02295,Talia Farida,Individual,Laki-laki,081297138484,mmustofa@example.org,Banjarmasin,Kalimantan Selatan,2024-06-24,1
2296,CUST-02296,"Cut Rahmi Dabukke, M.TI.",Korporat,Perempuan,,bakti24@example.org,Manado,Sulawesi Utara,2025-03-06,1
2297,CUST-02297,dr. Sabrina Maryadi,Individual,Laki-laki,081235348389,heryantosihombing@example.net,Makassar,Sulawesi Selatan,2024-10-11,1
2298,CUST-02298,"Elisa Sihombing, S.E.I",Individual,Laki-laki,081242108454,prabaputra@example.org,Medan,Sumatera Utara,2025-06-21,1
2299,CUST-02299,"Mustika Siregar, S.Kom",Individual,Laki-laki,081214549227,opansiregar@example.net,Jakarta Selatan,DKI Jakarta,2026-03-27,1
2300,CUST-02300,KH. Cakrajiya Setiawan,Individual,Laki-laki,081242927065,ida43@example.org,Jakarta Selatan,DKI Jakarta,2024-12-27,1
2301,CUST-02301,Padma Saptono,Individual,Laki-laki,081251752718,,Bandung,Jawa Barat,2025-05-21,1
2302,CUST-02302,"Drs. Kasiyah Januar, S.IP",Individual,Laki-laki,081256755439,tasdik21@example.org,Pekanbaru,Riau,2025-01-20,0
2303,CUST-02303,Hamzah Pradipta,Korporat,Laki-laki,081276916800,vriyanti@example.org,Medan,Sumatera Utara,2025-01-15,1
2304,CUST-02304,"Indah Haryanti, S.IP",Individual,Perempuan,081246504430,siti29@example.com,Medan,Sumatera Utara,2025-12-27,1
2305,CUST-02305,T. Ikin Anggraini,Individual,Laki-laki,081220926170,hendriprasasta@example.net,Malang,Jawa Timur,2025-06-01,1
2306,CUST-02306,Makuta Haryanto,Individual,Laki-laki,081266323496,,Batam,Kepulauan Riau,2026-05-03,1
2307,CUST-02307,Balamantri Permadi,Individual,Laki-laki,081299036407,johan02@example.net,Batam,Kepulauan Riau,2025-08-03,1
2308,CUST-02308,Vanesa Waskita,Bisnis,Laki-laki,081280695834,qsaragih@example.org,Solo,Jawa Tengah,2026-01-24,1
2309,CUST-02309,"Devi Januar, S.T.",Individual,Laki-laki,081275395882,omangunsong@example.org,Makassar,Sulawesi Selatan,2025-11-01,1
2310,CUST-02310,Zahra Pradana,Individual,Perempuan,,natsirnarji@example.com,Batam,Kepulauan Riau,2025-01-05,1
2311,CUST-02311,"Tgk. Kasiyah Rajasa, S.Pd",Individual,Perempuan,081284075095,jamalia95@example.org,Bandung,Jawa Barat,2024-09-28,0
2312,CUST-02312,Bakti Farida,Individual,Laki-laki,081254112759,,Medan,Sumatera Utara,2026-06-01,1
2313,CUST-02313,Upik Mandala,Individual,Perempuan,081271107843,rahimahopan@example.org,Pekanbaru,Riau,2025-03-29,1
2314,CUST-02314,Rahmi Lailasari,Korporat,Perempuan,,mjailani@example.net,Surabaya,Jawa Timur,2025-09-03,1
2315,CUST-02315,"R.M. Kalim Hastuti, S.E.I",Korporat,Perempuan,081235114619,maulanafitriani@example.org,Makassar,Sulawesi Selatan,2024-10-21,1
2316,CUST-02316,Indah Wastuti,Korporat,Perempuan,081217507428,samsulprakasa@example.org,Makassar,Sulawesi Selatan,2025-09-07,1
2317,CUST-02317,Wani Jailani,Individual,Perempuan,081226049870,pangestu68@example.net,Pekanbaru,Riau,2025-10-11,1
2318,CUST-02318,Tiara Hassanah,Korporat,Perempuan,081274688971,artasaputra@example.com,Jakarta Selatan,DKI Jakarta,2024-08-12,1
2319,CUST-02319,dr. Bambang Waluyo,Individual,Perempuan,081259686327,opuspasari@example.org,Padang,Sumatera Barat,2025-12-26,1
2320,CUST-02320,Mustika Ardianto,Individual,Perempuan,081233509837,amaheswara@example.com,Batam,Kepulauan Riau,2025-02-06,1
2321,CUST-02321,Iriana Marbun,Individual,Laki-laki,081236446233,bahuraksa09@example.net,Batam,Kepulauan Riau,2026-04-23,1
2322,CUST-02322,Karimah Thamrin,Individual,Perempuan,081213887074,wacanadimaz@example.net,Malang,Jawa Timur,2024-07-17,1
2323,CUST-02323,"R. Cici Rahayu, M.Farm",Individual,Perempuan,081222639567,giswahyudi@example.net,Medan,Sumatera Utara,2026-04-04,1
2324,CUST-02324,"Safina Usamah, S.E.",Individual,Laki-laki,081285503680,kasiran40@example.com,Palembang,Sumatera Selatan,2025-03-16,1
2325,CUST-02325,Warsa Hutagalung,Bisnis,Laki-laki,081280375219,kalim14@example.com,Jakarta Pusat,DKI Jakarta,2026-04-02,1
2326,CUST-02326,"Dr. Agnes Habibi, S.I.Kom",Individual,Perempuan,081251908729,asuryatmi@example.com,Yogyakarta,DI Yogyakarta,2026-06-19,1
2327,CUST-02327,"Ifa Zulkarnain, S.Sos",Bisnis,Laki-laki,081247916362,prasetyorendy@example.net,Manado,Sulawesi Utara,2025-07-11,1
2328,CUST-02328,Cut Fathonah Simbolon,Individual,Perempuan,081279324432,balijanwinarsih@example.com,Banjarmasin,Kalimantan Selatan,2024-08-29,1
2329,CUST-02329,Empluk Nasyidah,Individual,Perempuan,081225817544,karna40@example.net,Makassar,Sulawesi Selatan,2025-06-13,1
2330,CUST-02330,Yuni Prakasa,Individual,Laki-laki,081221249128,emasbudiyanto@example.com,Medan,Sumatera Utara,2025-05-21,1
2331,CUST-02331,"Drs. Caraka Saragih, M.Ak",Individual,Laki-laki,081276221574,tirtayasa95@example.org,Banjarmasin,Kalimantan Selatan,2024-10-08,1
2332,CUST-02332,dr. Kiandra Waluyo,Bisnis,Laki-laki,081290354374,juliayolanda@example.org,Jakarta Selatan,DKI Jakarta,2026-01-29,1
2333,CUST-02333,Uda Rahmawati,Individual,Perempuan,081284116108,leopudjiastuti@example.org,Solo,Jawa Tengah,2025-09-11,1
2334,CUST-02334,Zelda Widiastuti,Individual,Perempuan,081288081640,yprasasta@example.net,Tangerang,Banten,2025-08-03,1
2335,CUST-02335,"Tgk. Padma Siregar, S.E.I",Bisnis,Perempuan,081262952049,sarifarida@example.net,Solo,Jawa Tengah,2025-12-21,1
2336,CUST-02336,Bella Dongoran,Bisnis,Perempuan,081229056584,samosirhumaira@example.com,Jakarta Selatan,DKI Jakarta,2025-08-01,0
2337,CUST-02337,Karta Setiawan,Individual,Laki-laki,081273621754,mumpunihastuti@example.net,Denpasar,Bali,2025-01-25,1
2338,CUST-02338,Ella Nainggolan,Individual,Laki-laki,081210668630,hasanahindah@example.com,Banjarmasin,Kalimantan Selatan,2025-01-14,1
2339,CUST-02339,Yuni Hartati,Korporat,Perempuan,081245137189,handayanikacung@example.com,Denpasar,Bali,2025-12-17,1
2340,CUST-02340,Jasmin Permadi,Korporat,Laki-laki,081226821773,aramadan@example.org,Banjarmasin,Kalimantan Selatan,2025-08-25,1
2341,CUST-02341,Cakrawangsa Waluyo,Bisnis,Laki-laki,081243284173,kayunprakasa@example.com,Balikpapan,Kalimantan Timur,2025-11-28,1
2342,CUST-02342,Pandu Maryati,Individual,Perempuan,081251445132,anitautami@example.net,Tangerang,Banten,2026-05-25,1
2343,CUST-02343,Padmi Permadi,Individual,Laki-laki,081287600550,natsirunjani@example.com,Malang,Jawa Timur,2024-11-09,1
2344,CUST-02344,"T. Luwar Dabukke, S.I.Kom",Bisnis,Laki-laki,081270511490,haryantoina@example.com,Medan,Sumatera Utara,2025-03-15,1
2345,CUST-02345,"Drs. Kemba Hutasoit, S.Gz",Bisnis,Laki-laki,,puspasariprabawa@example.com,Banjarmasin,Kalimantan Selatan,2025-11-03,1
2346,CUST-02346,Jumari Wijaya,Bisnis,Laki-laki,081284274478,lmansur@example.com,Manado,Sulawesi Utara,2024-10-29,1
2347,CUST-02347,Rusman Palastri,Bisnis,Laki-laki,081288334796,hartana38@example.net,Semarang,Jawa Tengah,2025-11-05,1
2348,CUST-02348,Cindy Astuti,Individual,Perempuan,081220327400,jailanijamalia@example.net,Makassar,Sulawesi Selatan,2025-01-30,1
2349,CUST-02349,Balidin Halimah,Individual,Laki-laki,081220129333,radityamaheswara@example.net,Yogyakarta,DI Yogyakarta,2025-10-31,1
2350,CUST-02350,"Ir. Lasmono Wastuti, S.E.",Individual,Laki-laki,081281465363,asirwada81@example.org,Tangerang,Banten,2024-08-06,1
2351,CUST-02351,Betania Suryatmi,Individual,Laki-laki,081247704955,narpatihamima@example.net,Bandung,Jawa Barat,2024-08-21,1
2352,CUST-02352,"Dr. Zelda Simanjuntak, S.Sos",Individual,Laki-laki,081228574289,gamantofarida@example.com,Balikpapan,Kalimantan Timur,2025-11-11,1
2353,CUST-02353,Kamila Palastri,Korporat,Perempuan,081272803598,permadiputi@example.net,Bandung,Jawa Barat,2024-09-04,1
2354,CUST-02354,Amalia Agustina,Individual,Laki-laki,081215552377,ymaulana@example.net,Yogyakarta,DI Yogyakarta,2025-03-24,1
2355,CUST-02355,Gasti Aryani,Individual,Laki-laki,081250107122,fhartati@example.net,Bekasi,Jawa Barat,2024-10-30,1
2356,CUST-02356,"Darsirah Hardiansyah, S.IP",Individual,Perempuan,081263688014,,Banjarmasin,Kalimantan Selatan,2025-11-29,1
2357,CUST-02357,Humaira Pranowo,Individual,Laki-laki,081275158265,galursuartini@example.com,Malang,Jawa Timur,2024-07-12,1
2358,CUST-02358,Umaya Hasanah,Bisnis,Perempuan,081228611301,hutagalungcarub@example.com,Batam,Kepulauan Riau,2026-03-17,1
2359,CUST-02359,"Latif Wastuti, S.I.Kom",Individual,Perempuan,081228180882,uchita44@example.org,Banjarmasin,Kalimantan Selatan,2025-10-09,1
2360,CUST-02360,R. Cinthia Suryatmi,Individual,Perempuan,081284162344,fujiatikenzie@example.org,Balikpapan,Kalimantan Timur,2026-03-30,1
2361,CUST-02361,Fitriani Pratiwi,Individual,Perempuan,081296366274,mhabibi@example.com,Yogyakarta,DI Yogyakarta,2025-08-24,1
2362,CUST-02362,"Tania Sitompul, S.Pt",Bisnis,Perempuan,081216129598,onurdiyanti@example.org,Bekasi,Jawa Barat,2025-08-31,1
2363,CUST-02363,Pardi Nuraini,Individual,Laki-laki,081222302065,hmardhiyah@example.com,Solo,Jawa Tengah,2025-05-28,1
2364,CUST-02364,Rafi Hastuti,Bisnis,Laki-laki,081224044742,inalazuardi@example.com,Bandung,Jawa Barat,2025-03-26,1
2365,CUST-02365,Drs. Luis Ardianto,Individual,Laki-laki,081277332878,cakrawalahutagalung@example.com,Bandung,Jawa Barat,2024-11-12,1
2366,CUST-02366,Ayu Saefullah,Individual,Laki-laki,081295201803,wharyanti@example.org,Bekasi,Jawa Barat,2025-08-05,1
2367,CUST-02367,Humaira Marpaung,Korporat,Laki-laki,,utamaluwar@example.com,Semarang,Jawa Tengah,2025-07-27,1
2368,CUST-02368,drg. Cahyo Rahmawati,Bisnis,Perempuan,081215023258,titibudiman@example.net,Medan,Sumatera Utara,2026-01-15,1
2369,CUST-02369,"Hj. Ajeng Usada, M.M.",Korporat,Perempuan,,tirtayasa18@example.net,Semarang,Jawa Tengah,2025-06-06,1
2370,CUST-02370,Salman Puspasari,Individual,Perempuan,081255322034,nlaksita@example.net,Batam,Kepulauan Riau,2026-05-09,1
2371,CUST-02371,Yahya Wacana,Individual,Laki-laki,081269206293,vanesamulyani@example.com,Surabaya,Jawa Timur,2024-12-30,1
2372,CUST-02372,Kamal Kusumo,Individual,Perempuan,081263147621,elma89@example.com,Surabaya,Jawa Timur,2025-10-04,1
2373,CUST-02373,Sarah Zulaika,Individual,Perempuan,081218521581,hildahastuti@example.org,Yogyakarta,DI Yogyakarta,2024-10-06,1
2374,CUST-02374,Enteng Purwanti,Individual,Laki-laki,081219307936,dongoranrendy@example.org,Banjarmasin,Kalimantan Selatan,2024-07-09,1
2375,CUST-02375,Oskar Zulkarnain,Bisnis,Laki-laki,081250845450,hhutasoit@example.com,Palembang,Sumatera Selatan,2025-12-27,1
2376,CUST-02376,Makara Mandala,Individual,Perempuan,081220886846,hartaka36@example.org,Bandung,Jawa Barat,2025-03-09,1
2377,CUST-02377,Kani Firmansyah,Korporat,Laki-laki,081259365832,kpalastri@example.com,Solo,Jawa Tengah,2026-06-06,1
2378,CUST-02378,"Kania Haryanti, S.Pd",Individual,Perempuan,081221773224,prasetya04@example.org,Padang,Sumatera Barat,2025-04-04,1
2379,CUST-02379,"Endra Palastri, S.Farm",Individual,Perempuan,081251676296,mangunsongraditya@example.net,Balikpapan,Kalimantan Timur,2025-10-25,1
2380,CUST-02380,Teguh Nuraini,Individual,Perempuan,081299227636,lala68@example.org,Makassar,Sulawesi Selatan,2024-11-25,1
2381,CUST-02381,"Drs. Cahya Mustofa, S.E.I",Individual,Laki-laki,081280543200,ohalimah@example.org,Jakarta Selatan,DKI Jakarta,2024-08-02,1
2382,CUST-02382,Aslijan Mandala,Individual,Perempuan,081270239748,kamilamandala@example.com,Banjarmasin,Kalimantan Selatan,2024-09-02,1
2383,CUST-02383,Wisnu Yulianti,Individual,Perempuan,081224610404,vinsenprasetyo@example.com,Solo,Jawa Tengah,2026-03-04,1
2384,CUST-02384,"Lukman Mulyani, S.Pd",Individual,Perempuan,,betania95@example.org,Solo,Jawa Tengah,2024-07-20,1
2385,CUST-02385,"Ir. Aditya Dongoran, S.Farm",Individual,Laki-laki,081211622721,oktanajmudin@example.net,Jakarta Pusat,DKI Jakarta,2025-04-29,1
2386,CUST-02386,"Calista Hassanah, S.Ked",Individual,Perempuan,081262321746,lasmanto42@example.com,Jakarta Pusat,DKI Jakarta,2025-09-02,1
2387,CUST-02387,Elvina Wibisono,Individual,Laki-laki,081295949452,cpuspita@example.org,Tangerang,Banten,2026-03-05,1
2388,CUST-02388,Dewi Nainggolan,Individual,Laki-laki,081228673524,purwafujiati@example.net,Bekasi,Jawa Barat,2024-11-30,1
2389,CUST-02389,"Mursinin Januar, S.Kom",Individual,Laki-laki,081289310918,habibisaadat@example.com,Palembang,Sumatera Selatan,2024-07-08,1
2390,CUST-02390,"Kemal Mahendra, M.Kom.",Individual,Laki-laki,081288248772,mahendramartana@example.com,Banjarmasin,Kalimantan Selatan,2026-06-20,1
2391,CUST-02391,R.A. Ayu Pratiwi,Individual,Perempuan,081265392754,setiawanindah@example.org,Padang,Sumatera Barat,2026-05-27,1
2392,CUST-02392,Agnes Usamah,Individual,Laki-laki,081265228877,lmaryadi@example.com,Medan,Sumatera Utara,2025-03-13,0
2393,CUST-02393,R.M. Adika Fujiati,Bisnis,Perempuan,081223298427,pangestu66@example.com,Jakarta Pusat,DKI Jakarta,2026-01-25,1
2394,CUST-02394,Manah Januar,Individual,Laki-laki,081211043761,dmandala@example.net,Pekanbaru,Riau,2025-11-10,1
2395,CUST-02395,Bakiadi Nurdiyanti,Korporat,Perempuan,081263217094,digdaya16@example.net,Bekasi,Jawa Barat,2025-03-11,1
2396,CUST-02396,Salsabila Yolanda,Individual,Perempuan,081296475831,tasdiksimanjuntak@example.net,Jakarta Selatan,DKI Jakarta,2026-03-09,1
2397,CUST-02397,Karya Hartati,Korporat,Laki-laki,081222366091,nababanpuput@example.net,Semarang,Jawa Tengah,2024-10-11,1
2398,CUST-02398,Azalea Mustofa,Bisnis,Laki-laki,081211638405,,Padang,Sumatera Barat,2025-08-27,1
2399,CUST-02399,Lintang Tamba,Individual,Laki-laki,081257550545,olivia50@example.com,Bekasi,Jawa Barat,2025-10-01,1
2400,CUST-02400,"Puti Dinda Kusumo, S.T.",Bisnis,Perempuan,081214975152,nmangunsong@example.com,Yogyakarta,DI Yogyakarta,2025-04-11,1
2401,CUST-02401,Tgk. Yulia Wacana,Korporat,Perempuan,081252169025,tirtayasa06@example.com,Malang,Jawa Timur,2025-07-30,1
2402,CUST-02402,Vero Usada,Individual,Perempuan,081289288703,keziapuspita@example.org,Malang,Jawa Timur,2026-06-03,1
2403,CUST-02403,Nurul Oktaviani,Individual,Perempuan,081266244779,zsihotang@example.com,Jakarta Pusat,DKI Jakarta,2025-12-10,1
2404,CUST-02404,Ir. Darmanto Adriansyah,Bisnis,Laki-laki,081251140166,adinatanasyiah@example.net,Bekasi,Jawa Barat,2025-02-22,1
2405,CUST-02405,Agus Saptono,Individual,Laki-laki,,laksitacici@example.com,Solo,Jawa Tengah,2026-02-04,1
2406,CUST-02406,Cut Lidya Wijaya,Individual,Laki-laki,081267281384,flazuardi@example.org,Manado,Sulawesi Utara,2025-10-27,1
2407,CUST-02407,Kayun Simanjuntak,Bisnis,Laki-laki,081218082270,,Makassar,Sulawesi Selatan,2024-06-26,1
2408,CUST-02408,"Drs. Prayitna Wahyuni, S.IP",Individual,Laki-laki,081297054183,damanikibun@example.net,Makassar,Sulawesi Selatan,2024-09-07,1
2409,CUST-02409,Balijan Haryanto,Individual,Laki-laki,081297729855,gandiyuniar@example.net,Bandung,Jawa Barat,2024-12-23,1
2410,CUST-02410,"Lala Rahmawati, S.Pd",Individual,Perempuan,081266254446,slamet65@example.org,Denpasar,Bali,2025-04-12,1
2411,CUST-02411,"Tgk. Elma Hardiansyah, M.Pd",Individual,Perempuan,081251607354,jono42@example.org,Padang,Sumatera Barat,2026-02-19,1
2412,CUST-02412,Fitriani Pangestu,Individual,Perempuan,081214541603,ardiantorahayu@example.com,Solo,Jawa Tengah,2024-08-02,1
2413,CUST-02413,Wadi Wastuti,Korporat,Laki-laki,081284065598,widiastutigantar@example.org,Batam,Kepulauan Riau,2024-08-04,1
2414,CUST-02414,"Gaiman Handayani, S.I.Kom",Bisnis,Laki-laki,081215031200,snugroho@example.org,Semarang,Jawa Tengah,2025-10-29,1
2415,CUST-02415,drg. Rini Mardhiyah,Individual,Laki-laki,,timbulnugroho@example.org,Makassar,Sulawesi Selatan,2024-08-31,1
2416,CUST-02416,Fathonah Winarno,Bisnis,Perempuan,081212201108,husada@example.com,Solo,Jawa Tengah,2025-08-22,1
2417,CUST-02417,drg. Baktiono Saragih,Individual,Perempuan,081231399201,pranowoajiman@example.net,Makassar,Sulawesi Selatan,2024-06-24,1
2418,CUST-02418,Maya Marpaung,Individual,Laki-laki,081240858318,rahmat43@example.net,Yogyakarta,DI Yogyakarta,2024-12-02,1
2419,CUST-02419,Jessica Waskita,Individual,Laki-laki,081218730099,uoktaviani@example.org,Jakarta Pusat,DKI Jakarta,2026-03-05,0
2420,CUST-02420,Azalea Aryani,Bisnis,Perempuan,081264782624,cakrawalanasyiah@example.net,Tangerang,Banten,2025-04-22,1
2421,CUST-02421,Puji Hutagalung,Individual,Perempuan,081249434360,udafirgantoro@example.net,Yogyakarta,DI Yogyakarta,2026-02-24,1
2422,CUST-02422,Darsirah Usamah,Individual,Laki-laki,081237053209,cmarpaung@example.com,Palembang,Sumatera Selatan,2026-03-07,1
2423,CUST-02423,Wawan Hutagalung,Individual,Perempuan,081233268092,wakimanwijayanti@example.org,Palembang,Sumatera Selatan,2026-02-19,1
2424,CUST-02424,"Dagel Hidayanto, S.E.I",Individual,Laki-laki,081245639954,maryatipangeran@example.org,Surabaya,Jawa Timur,2025-07-19,1
2425,CUST-02425,"Drs. Hasan Pranowo, S.T.",Individual,Laki-laki,081213106492,eja11@example.com,Bekasi,Jawa Barat,2025-12-25,1
2426,CUST-02426,"Dr. Artanto Wasita, S.H.",Individual,Perempuan,081245244028,balamantrinuraini@example.net,Medan,Sumatera Utara,2026-05-29,1
2427,CUST-02427,"Cut Humaira Uyainah, S.IP",Individual,Laki-laki,081235681289,padmasariihsan@example.net,Medan,Sumatera Utara,2025-08-11,1
2428,CUST-02428,H. Vero Waskita,Bisnis,Perempuan,,wdabukke@example.org,Surabaya,Jawa Timur,2025-05-16,1
2429,CUST-02429,Balijan Sihombing,Individual,Perempuan,081216141991,gara05@example.com,Balikpapan,Kalimantan Timur,2024-10-25,1
2430,CUST-02430,Dt. Bahuwarna Prakasa,Individual,Perempuan,081276783045,urahmawati@example.org,Manado,Sulawesi Utara,2024-07-30,1
2431,CUST-02431,"Ir. Sakura Latupono, M.M.",Bisnis,Laki-laki,081224424297,santosonabila@example.org,Banjarmasin,Kalimantan Selatan,2025-06-01,1
2432,CUST-02432,"Dt. Legawa Kurniawan, S.Pt",Individual,Perempuan,081218416933,novi23@example.net,Pekanbaru,Riau,2024-06-29,1
2433,CUST-02433,Baktianto Napitupulu,Individual,Laki-laki,081291287828,saragihbaktiadi@example.org,Semarang,Jawa Tengah,2025-05-19,1
2434,CUST-02434,Tantri Lestari,Individual,Laki-laki,081260698433,mulyanisilvia@example.org,Jakarta Pusat,DKI Jakarta,2025-07-30,1
2435,CUST-02435,Setya Prastuti,Individual,Laki-laki,081292086700,hamzah79@example.com,Palembang,Sumatera Selatan,2024-07-29,1
2436,CUST-02436,"Waluyo Thamrin, M.Farm",Individual,Laki-laki,081219932222,dzulaika@example.net,Jakarta Selatan,DKI Jakarta,2025-11-10,1
2437,CUST-02437,Nurul Hartati,Individual,Perempuan,081278060101,vanya98@example.org,Pekanbaru,Riau,2025-03-03,1
2438,CUST-02438,"Bahuwirya Pangestu, M.TI.",Individual,Laki-laki,081213462532,bakiadigunawan@example.net,Padang,Sumatera Barat,2026-03-08,1
2439,CUST-02439,"Hamzah Ardianto, S.Pd",Bisnis,Perempuan,081279337164,kambalianggriawan@example.com,Semarang,Jawa Tengah,2025-09-24,1
2440,CUST-02440,Puti Faizah Lazuardi,Individual,Laki-laki,081214005259,caturangga53@example.com,Denpasar,Bali,2025-04-22,1
2441,CUST-02441,Ellis Pranowo,Individual,Laki-laki,081260913508,bagushalim@example.net,Semarang,Jawa Tengah,2025-12-01,1
2442,CUST-02442,Tgk. Elma Simanjuntak,Individual,Laki-laki,081261978018,yutami@example.com,Makassar,Sulawesi Selatan,2025-10-12,1
2443,CUST-02443,Fitriani Usada,Bisnis,Perempuan,081265425079,melinda22@example.org,Bekasi,Jawa Barat,2024-12-12,1
2444,CUST-02444,"Bambang Sitorus, S.Gz",Individual,Laki-laki,081261452024,danang46@example.org,Tangerang,Banten,2026-06-12,1
2445,CUST-02445,Michelle Nuraini,Individual,Perempuan,081250182829,dlaksmiwati@example.net,Manado,Sulawesi Utara,2026-02-11,1
2446,CUST-02446,"Eka Sirait, M.M.",Individual,Perempuan,081245176267,kanda39@example.net,Tangerang,Banten,2025-09-23,1
2447,CUST-02447,Caturangga Mustofa,Individual,Perempuan,081210351330,hartana76@example.org,Yogyakarta,DI Yogyakarta,2025-09-08,1
2448,CUST-02448,"Sadina Nurdiyanti, S.Pd",Individual,Perempuan,081235567675,dimas91@example.net,Pekanbaru,Riau,2024-12-17,1
2449,CUST-02449,Najib Usada,Korporat,Laki-laki,081270041498,dsihombing@example.org,Medan,Sumatera Utara,2024-11-16,1
2450,CUST-02450,Dartono Prakasa,Individual,Perempuan,081236308850,maimunah33@example.net,Banjarmasin,Kalimantan Selatan,2025-08-24,1
2451,CUST-02451,Prabawa Sihombing,Individual,Laki-laki,081211859301,edisonwidiastuti@example.org,Malang,Jawa Timur,2024-10-03,1
2452,CUST-02452,drg. Cinthia Wahyudin,Individual,Perempuan,081254396878,zhandayani@example.net,Pekanbaru,Riau,2024-10-12,1
2453,CUST-02453,Ratih Megantara,Korporat,Laki-laki,081244105642,bagus36@example.net,Tangerang,Banten,2024-09-03,1
2454,CUST-02454,Syahrini Wastuti,Bisnis,Laki-laki,081236636892,widiastutimaida@example.net,Jakarta Pusat,DKI Jakarta,2025-10-15,1
2455,CUST-02455,Dt. Langgeng Usada,Individual,Laki-laki,081239143983,oman53@example.net,Palembang,Sumatera Selatan,2025-03-07,1
2456,CUST-02456,Yance Winarno,Bisnis,Perempuan,081216292852,yrahayu@example.org,Makassar,Sulawesi Selatan,2026-05-10,1
2457,CUST-02457,Malika Susanti,Individual,Perempuan,081277454629,wgunawan@example.org,Bekasi,Jawa Barat,2025-06-25,1
2458,CUST-02458,"Novi Ardianto, M.TI.",Individual,Perempuan,081231892621,firmansyahbakianto@example.org,Makassar,Sulawesi Selatan,2026-03-31,1
2459,CUST-02459,Bakidin Najmudin,Korporat,Laki-laki,081214688597,dinakuswoyo@example.com,Palembang,Sumatera Selatan,2026-02-02,1
2460,CUST-02460,"Drs. Cemani Winarno, M.Pd",Individual,Perempuan,081283374463,,Makassar,Sulawesi Selatan,2026-04-02,0
2461,CUST-02461,Kania Nainggolan,Individual,Perempuan,081248272214,lamar83@example.org,Batam,Kepulauan Riau,2025-08-15,1
2462,CUST-02462,Cemplunk Usamah,Individual,Perempuan,081210471692,halimahutapea@example.net,Manado,Sulawesi Utara,2024-09-13,1
2463,CUST-02463,Laila Firmansyah,Bisnis,Laki-laki,081239101511,lalawastuti@example.com,Yogyakarta,DI Yogyakarta,2024-09-08,1
2464,CUST-02464,Gaman Pangestu,Korporat,Laki-laki,081232212687,,Balikpapan,Kalimantan Timur,2024-08-12,1
2465,CUST-02465,Rahayu Najmudin,Individual,Perempuan,081245532940,darmananashiruddin@example.com,Surabaya,Jawa Timur,2025-12-14,1
2466,CUST-02466,Maryanto Mustofa,Individual,Laki-laki,081249230399,ssitorus@example.com,Tangerang,Banten,2025-02-01,0
2467,CUST-02467,Indah Pradana,Bisnis,Laki-laki,081233673567,,Malang,Jawa Timur,2026-03-08,1
2468,CUST-02468,"dr. Luwes Budiman, M.M.",Individual,Laki-laki,081245018085,dodo38@example.org,Batam,Kepulauan Riau,2025-03-26,1
2469,CUST-02469,"Nurul Prakasa, S.Pt",Bisnis,Perempuan,081213193104,galar55@example.com,Malang,Jawa Timur,2024-10-10,1
2470,CUST-02470,"Elisa Mandala, S.Gz",Individual,Perempuan,081295523857,hwastuti@example.org,Tangerang,Banten,2025-08-06,1
2471,CUST-02471,"Genta Waskita, S.Psi",Korporat,Laki-laki,081284064601,,Semarang,Jawa Tengah,2025-06-07,1
2472,CUST-02472,Dt. Akarsana Irawan,Individual,Laki-laki,081228309031,faridagarang@example.org,Padang,Sumatera Barat,2024-09-02,1
2473,CUST-02473,Jamil Melani,Individual,Laki-laki,081228929930,legawaandriani@example.com,Padang,Sumatera Barat,2026-03-28,0
2474,CUST-02474,Waluyo Nuraini,Individual,Laki-laki,081260186793,lailasariutama@example.org,Tangerang,Banten,2026-05-11,1
2475,CUST-02475,Ir. Vicky Adriansyah,Bisnis,Perempuan,081242168150,wibisonomaryadi@example.com,Surabaya,Jawa Timur,2025-06-21,1
2476,CUST-02476,Najwa Simbolon,Individual,Laki-laki,081270018543,hidayantogangsar@example.net,Solo,Jawa Tengah,2025-05-25,1
2477,CUST-02477,Umaya Haryanto,Individual,Perempuan,081294852398,rajatacakrawangsa@example.com,Yogyakarta,DI Yogyakarta,2024-10-20,1
2478,CUST-02478,Arsipatra Saputra,Individual,Perempuan,081271438380,,Banjarmasin,Kalimantan Selatan,2026-02-06,1
2479,CUST-02479,Umi Rahayu,Individual,Laki-laki,081265601321,hmarbun@example.com,Bandung,Jawa Barat,2024-07-27,1
2480,CUST-02480,Umar Salahudin,Bisnis,Laki-laki,081273535196,,Surabaya,Jawa Timur,2025-06-30,1
2481,CUST-02481,Ilsa Suwarno,Individual,Laki-laki,081272618672,oktasalahudin@example.org,Batam,Kepulauan Riau,2026-06-02,1
2482,CUST-02482,Pia Mangunsong,Bisnis,Laki-laki,,qmaryadi@example.org,Bekasi,Jawa Barat,2026-01-03,1
2483,CUST-02483,Devi Nababan,Individual,Perempuan,081296783804,spurnawati@example.com,Manado,Sulawesi Utara,2024-08-10,1
2484,CUST-02484,Karja Kusmawati,Individual,Perempuan,081227219441,,Balikpapan,Kalimantan Timur,2024-08-07,1
2485,CUST-02485,Ir. Ophelia Narpati,Bisnis,Laki-laki,081216372261,lurhursitorus@example.com,Bekasi,Jawa Barat,2024-09-25,1
2486,CUST-02486,Rahman Tarihoran,Bisnis,Perempuan,081276573708,aryaniusman@example.org,Palembang,Sumatera Selatan,2024-06-27,1
2487,CUST-02487,"Widya Salahudin, S.Sos",Korporat,Perempuan,081259573560,,Banjarmasin,Kalimantan Selatan,2026-03-16,1
2488,CUST-02488,Viktor Halim,Bisnis,Perempuan,081267617234,zulkarnainalambana@example.org,Manado,Sulawesi Utara,2025-06-03,1
2489,CUST-02489,Restu Melani,Bisnis,Laki-laki,081254867371,anggrainiunggul@example.com,Padang,Sumatera Barat,2026-04-05,1
2490,CUST-02490,"Puput Suryono, S.Sos",Individual,Laki-laki,081296076236,hassanahluthfi@example.org,Jakarta Pusat,DKI Jakarta,2025-01-25,1
2491,CUST-02491,Tgk. Kardi Saputra,Individual,Perempuan,081241878246,vanesasuryono@example.com,Palembang,Sumatera Selatan,2024-08-27,1
2492,CUST-02492,Saiful Iswahyudi,Individual,Laki-laki,081229724466,,Yogyakarta,DI Yogyakarta,2025-04-06,1
2493,CUST-02493,Ir. Amalia Sihombing,Individual,Perempuan,,kuswandaririzki@example.com,Tangerang,Banten,2024-09-29,1
2494,CUST-02494,Lega Purwanti,Individual,Perempuan,081276476206,tarihabibi@example.com,Manado,Sulawesi Utara,2025-06-09,1
2495,CUST-02495,"Dr. Vinsen Usamah, M.Kom.",Bisnis,Perempuan,,iusamah@example.com,Medan,Sumatera Utara,2025-03-26,1
2496,CUST-02496,Kardi Sirait,Individual,Laki-laki,081236040551,endra18@example.com,Bandung,Jawa Barat,2025-08-01,1
2497,CUST-02497,"Cut Rahmi Permata, S.Kom",Korporat,Perempuan,081213514086,,Bandung,Jawa Barat,2024-08-05,1
2498,CUST-02498,"Ir. Jasmani Lestari, S.E.",Bisnis,Perempuan,081257292845,lestariumi@example.net,Manado,Sulawesi Utara,2025-11-21,1
2499,CUST-02499,R. Kawaya Sinaga,Individual,Perempuan,,kasim68@example.com,Yogyakarta,DI Yogyakarta,2024-11-19,1
2500,CUST-02500,Maida Hakim,Individual,Perempuan,081242033949,suryonoaurora@example.org,Banjarmasin,Kalimantan Selatan,2025-01-12,1
2501,CUST-02501,Citra Oktaviani,Individual,Laki-laki,081222722283,jelitamaryati@example.net,Semarang,Jawa Tengah,2025-07-13,1
2502,CUST-02502,Heryanto Natsir,Korporat,Perempuan,081265698314,tinamardhiyah@example.net,Surabaya,Jawa Timur,2025-03-11,1
2503,CUST-02503,Dt. Gangsar Salahudin,Individual,Perempuan,081282957948,latikarahmawati@example.com,Denpasar,Bali,2024-07-17,0
2504,CUST-02504,Parman Novitasari,Individual,Perempuan,081221381082,gandewa40@example.net,Denpasar,Bali,2024-07-17,1
2505,CUST-02505,Aisyah Maryati,Individual,Laki-laki,081215816742,qsinaga@example.com,Manado,Sulawesi Utara,2025-09-09,1
2506,CUST-02506,Joko Suwarno,Individual,Laki-laki,081219511499,tpudjiastuti@example.org,Medan,Sumatera Utara,2026-06-02,1
2507,CUST-02507,"Kezia Suartini, S.E.I",Individual,Perempuan,081297860510,qmulyani@example.com,Makassar,Sulawesi Selatan,2024-11-28,1
2508,CUST-02508,Bakijan Narpati,Individual,Laki-laki,081281319323,iswahyudirahmi@example.net,Jakarta Pusat,DKI Jakarta,2026-05-24,1
2509,CUST-02509,Tgk. Jaiman Saragih,Individual,Laki-laki,081226027357,irawankurnia@example.org,Tangerang,Banten,2025-04-26,1
2510,CUST-02510,Tami Purwanti,Individual,Laki-laki,081283041709,dabukkesabar@example.net,Makassar,Sulawesi Selatan,2025-09-20,1
2511,CUST-02511,Mutia Nashiruddin,Individual,Perempuan,081257605087,rnababan@example.net,Palembang,Sumatera Selatan,2025-11-02,1
2512,CUST-02512,Dalima Jailani,Individual,Perempuan,081270698460,sitorusalambana@example.com,Manado,Sulawesi Utara,2025-12-23,1
2513,CUST-02513,"Sutan Wisnu Prastuti, M.TI.",Individual,Laki-laki,081242604630,faridaniyaga@example.org,Pekanbaru,Riau,2025-10-08,1
2514,CUST-02514,Hilda Wibisono,Individual,Laki-laki,081255243207,heryantodabukke@example.com,Yogyakarta,DI Yogyakarta,2025-10-07,1
2515,CUST-02515,T. Harja Hidayanto,Individual,Laki-laki,081249604034,hkuswoyo@example.org,Batam,Kepulauan Riau,2026-05-19,1
2516,CUST-02516,Mahfud Mangunsong,Individual,Laki-laki,081289925688,tpranowo@example.org,Padang,Sumatera Barat,2025-10-10,1
2517,CUST-02517,"H. Heru Fujiati, S.Sos",Individual,Laki-laki,081280305492,jayengpermata@example.net,Batam,Kepulauan Riau,2024-10-31,1
2518,CUST-02518,"R.A. Ifa Mayasari, M.TI.",Individual,Perempuan,,saputrawarsa@example.com,Tangerang,Banten,2025-12-03,1
2519,CUST-02519,Cut Oliva Salahudin,Bisnis,Perempuan,081233823923,vinsen41@example.org,Balikpapan,Kalimantan Timur,2024-11-02,1
2520,CUST-02520,Cakrawangsa Laksita,Individual,Laki-laki,081218385839,nugrohosoleh@example.org,Surabaya,Jawa Timur,2025-07-22,1
2521,CUST-02521,"Devi Prastuti, S.E.I",Bisnis,Perempuan,081264569685,abyasa82@example.net,Jakarta Pusat,DKI Jakarta,2024-11-15,1
2522,CUST-02522,Tgk. Reksa Situmorang,Individual,Laki-laki,,,Makassar,Sulawesi Selatan,2024-12-02,1
2523,CUST-02523,"Drs. Kamal Nashiruddin, S.Gz",Bisnis,Perempuan,081293790089,reksagunawan@example.net,Bekasi,Jawa Barat,2024-09-08,1
2524,CUST-02524,"Darijan Susanti, M.TI.",Individual,Laki-laki,081239745203,kusuma42@example.org,Palembang,Sumatera Selatan,2025-06-16,1
2525,CUST-02525,Kawaca Anggriawan,Bisnis,Perempuan,081287579178,paramita52@example.net,Makassar,Sulawesi Selatan,2024-11-11,1
2526,CUST-02526,"H. Warsita Adriansyah, S.Sos",Bisnis,Perempuan,081240289266,jinawi02@example.com,Manado,Sulawesi Utara,2025-10-18,1
2527,CUST-02527,Vanya Sirait,Bisnis,Perempuan,081234589645,pratiwireksa@example.net,Jakarta Selatan,DKI Jakarta,2025-10-16,1
2528,CUST-02528,Caket Mangunsong,Bisnis,Perempuan,081270308655,wibisonoadikara@example.com,Bandung,Jawa Barat,2024-09-10,1
2529,CUST-02529,"Artawan Rahayu, S.E.",Individual,Laki-laki,081233919436,qhandayani@example.com,Banjarmasin,Kalimantan Selatan,2025-03-18,1
2530,CUST-02530,Laila Siregar,Individual,Perempuan,081269263923,farahhasanah@example.org,Jakarta Selatan,DKI Jakarta,2024-11-01,1
2531,CUST-02531,"drg. Bagiya Dabukke, S.Pd",Bisnis,Laki-laki,081217073037,ratih43@example.net,Solo,Jawa Tengah,2025-04-11,1
2532,CUST-02532,Cager Thamrin,Individual,Laki-laki,,gsalahudin@example.org,Banjarmasin,Kalimantan Selatan,2026-05-24,1
2533,CUST-02533,R. Kiandra Oktaviani,Korporat,Laki-laki,081232926007,darmaji96@example.net,Palembang,Sumatera Selatan,2024-09-13,1
2534,CUST-02534,Karsa Puspasari,Korporat,Perempuan,081211889250,puspitaprasetyo@example.com,Manado,Sulawesi Utara,2025-04-25,1
2535,CUST-02535,"Tami Mulyani, S.Gz",Individual,Laki-laki,081240068670,gmulyani@example.org,Semarang,Jawa Tengah,2026-01-22,1
2536,CUST-02536,Murti Rahimah,Bisnis,Laki-laki,081228405436,sihombingtaufik@example.org,Jakarta Selatan,DKI Jakarta,2024-08-16,1
2537,CUST-02537,Kariman Irawan,Bisnis,Laki-laki,081285352450,mulyantokusmawati@example.com,Makassar,Sulawesi Selatan,2026-01-20,1
2538,CUST-02538,Luluh Hakim,Individual,Laki-laki,081254228294,widodomanah@example.com,Batam,Kepulauan Riau,2024-08-20,1
2539,CUST-02539,Ir. Reksa Andriani,Individual,Laki-laki,081215353388,dodo40@example.org,Batam,Kepulauan Riau,2024-08-16,1
2540,CUST-02540,"Cakrabuana Haryanti, S.Kom",Bisnis,Perempuan,081225247775,yuni59@example.org,Manado,Sulawesi Utara,2024-10-18,1
2541,CUST-02541,Adinata Hassanah,Individual,Laki-laki,081263756766,kaninatsir@example.net,Semarang,Jawa Tengah,2026-02-13,1
2542,CUST-02542,Setya Hassanah,Bisnis,Laki-laki,081279083714,cengkalpradipta@example.org,Denpasar,Bali,2024-09-27,1
2543,CUST-02543,"Puti Yance Wibowo, S.Pd",Bisnis,Laki-laki,081247420473,mahmudmanullang@example.org,Bandung,Jawa Barat,2025-06-11,1
2544,CUST-02544,Kamaria Oktaviani,Individual,Laki-laki,081250686599,bmandala@example.org,Pekanbaru,Riau,2024-07-17,1
2545,CUST-02545,Puti Salsabila Sihotang,Individual,Laki-laki,081297219182,,Makassar,Sulawesi Selatan,2024-09-08,1
2546,CUST-02546,Cakrabirawa Suartini,Individual,Perempuan,081231192539,ktampubolon@example.net,Tangerang,Banten,2025-02-13,1
2547,CUST-02547,"Drs. Gawati Anggriawan, S.T.",Individual,Laki-laki,081227816557,fhasanah@example.org,Jakarta Selatan,DKI Jakarta,2026-02-02,1
2548,CUST-02548,Cakrabirawa Iswahyudi,Individual,Laki-laki,081289465054,ndamanik@example.com,Denpasar,Bali,2024-08-16,1
2549,CUST-02549,Olivia Wibowo,Individual,Laki-laki,081292432667,cahyononapitupulu@example.net,Surabaya,Jawa Timur,2025-03-17,1
2550,CUST-02550,Indra Marbun,Individual,Perempuan,081272234845,prasastaanggabaya@example.com,Medan,Sumatera Utara,2024-09-06,1
2551,CUST-02551,Yosef Iswahyudi,Bisnis,Perempuan,081224995164,gantar67@example.org,Malang,Jawa Timur,2025-04-16,1
2552,CUST-02552,"Aslijan Nurdiyanti, M.M.",Individual,Perempuan,,noviwulandari@example.net,Bandung,Jawa Barat,2025-11-27,1
2553,CUST-02553,Patricia Tamba,Individual,Laki-laki,081256982191,cahyowasita@example.net,Manado,Sulawesi Utara,2024-09-03,1
2554,CUST-02554,Saiful Hastuti,Bisnis,Laki-laki,081260194416,ofirgantoro@example.org,Manado,Sulawesi Utara,2025-01-06,1
2555,CUST-02555,"Drs. Mujur Najmudin, M.Farm",Individual,Laki-laki,081259600591,ifa61@example.org,Surabaya,Jawa Timur,2025-04-12,1
2556,CUST-02556,"Jinawi Utama, M.Pd",Bisnis,Perempuan,081234654130,agustinacakrawangsa@example.net,Solo,Jawa Tengah,2025-11-03,1
2557,CUST-02557,"dr. Lalita Nuraini, S.Gz",Individual,Laki-laki,081258302982,fnarpati@example.com,Balikpapan,Kalimantan Timur,2025-08-01,1
2558,CUST-02558,"Dr. Kambali Salahudin, M.Farm",Individual,Laki-laki,081227852250,prayitnanuraini@example.com,Semarang,Jawa Tengah,2025-07-26,1
2559,CUST-02559,"Tgk. Luthfi Megantara, S.Gz",Bisnis,Laki-laki,081271698072,zadriansyah@example.net,Pekanbaru,Riau,2025-01-14,1
2560,CUST-02560,Tania Prasetya,Individual,Laki-laki,081227704895,himawan61@example.net,Jakarta Selatan,DKI Jakarta,2026-05-18,0
2561,CUST-02561,Martani Widodo,Individual,Perempuan,081226071001,faridamahmud@example.com,Bandung,Jawa Barat,2025-04-29,1
2562,CUST-02562,Usyi Nasyidah,Individual,Perempuan,081219021229,,Surabaya,Jawa Timur,2025-08-03,1
2563,CUST-02563,R.A. Ghaliyati Prastuti,Individual,Laki-laki,081265819231,calistafarida@example.net,Surabaya,Jawa Timur,2024-12-08,1
2564,CUST-02564,Cengkal Utami,Individual,Laki-laki,081264929044,tasdikprastuti@example.net,Bekasi,Jawa Barat,2026-04-16,1
2565,CUST-02565,Unjani Sihombing,Individual,Perempuan,081288123845,bakijanmandasari@example.org,Jakarta Pusat,DKI Jakarta,2025-06-25,1
2566,CUST-02566,Vicky Santoso,Individual,Perempuan,081291481727,hardigunawan@example.net,Medan,Sumatera Utara,2026-01-07,1
2567,CUST-02567,"dr. Luthfi Dongoran, S.T.",Individual,Perempuan,081251926049,tantrisaputra@example.com,Jakarta Pusat,DKI Jakarta,2024-08-01,1
2568,CUST-02568,Adiarja Marbun,Individual,Laki-laki,081231602771,luhungharyanti@example.com,Banjarmasin,Kalimantan Selatan,2024-08-30,1
2569,CUST-02569,"Ella Nugroho, S.Gz",Bisnis,Perempuan,081233416837,kasiyahhutagalung@example.org,Padang,Sumatera Barat,2024-08-28,1
2570,CUST-02570,"R.A. Kayla Waluyo, M.Pd",Individual,Perempuan,081289408074,wardi73@example.com,Banjarmasin,Kalimantan Selatan,2025-10-06,1
2571,CUST-02571,Cinthia Napitupulu,Individual,Laki-laki,081292998094,dwiprasasta@example.com,Padang,Sumatera Barat,2025-11-15,1
2572,CUST-02572,Kiandra Rahayu,Individual,Perempuan,081285207460,utamiirnanto@example.org,Solo,Jawa Tengah,2024-10-29,1
2573,CUST-02573,"Mulya Nashiruddin, M.Kom.",Individual,Perempuan,081284196007,wahyunihasan@example.com,Solo,Jawa Tengah,2024-08-16,1
2574,CUST-02574,Mustofa Marbun,Bisnis,Perempuan,081285188507,ikhsanlatupono@example.net,Makassar,Sulawesi Selatan,2026-02-21,1
2575,CUST-02575,"Yulia Sitompul, S.IP",Individual,Perempuan,081243904555,pwidodo@example.net,Balikpapan,Kalimantan Timur,2025-07-17,1
2576,CUST-02576,Dinda Wastuti,Individual,Laki-laki,081244681365,maryadibahuwirya@example.org,Pekanbaru,Riau,2024-06-22,1
2577,CUST-02577,"Heryanto Nasyiah, S.Farm",Korporat,Perempuan,081241247260,dagelkusmawati@example.org,Makassar,Sulawesi Selatan,2024-08-22,1
2578,CUST-02578,Gina Purwanti,Individual,Perempuan,081287990505,naradiramadan@example.org,Semarang,Jawa Tengah,2026-01-12,1
2579,CUST-02579,Zizi Kurniawan,Bisnis,Laki-laki,081287920581,jaimanhakim@example.org,Padang,Sumatera Barat,2026-05-22,1
2580,CUST-02580,Mala Palastri,Individual,Laki-laki,081227628556,jonolazuardi@example.com,Solo,Jawa Tengah,2026-01-30,1
2581,CUST-02581,Samiah Purnawati,Korporat,Perempuan,081225168217,setiawandaliman@example.org,Medan,Sumatera Utara,2025-04-22,1
2582,CUST-02582,Daruna Widodo,Individual,Perempuan,081257234422,habibiciaobella@example.org,Padang,Sumatera Barat,2025-09-09,1
2583,CUST-02583,"R.A. Zelda Susanti, S.Gz",Individual,Laki-laki,081257553948,gamani74@example.net,Surabaya,Jawa Timur,2025-04-05,1
2584,CUST-02584,"T. Pardi Budiyanto, M.Kom.",Korporat,Perempuan,081287637832,imamsudiati@example.org,Malang,Jawa Timur,2025-01-18,1
2585,CUST-02585,"Rahayu Tampubolon, M.M.",Bisnis,Perempuan,081242279994,wira31@example.org,Surabaya,Jawa Timur,2025-04-23,1
2586,CUST-02586,Dt. Ganjaran Prastuti,Bisnis,Perempuan,081268189927,gamani97@example.org,Malang,Jawa Timur,2025-02-25,1
2587,CUST-02587,Luwes Haryanti,Individual,Perempuan,081223248604,panduwinarno@example.net,Denpasar,Bali,2026-04-20,1
2588,CUST-02588,"Hj. Restu Pranowo, S.T.",Bisnis,Laki-laki,081278739192,mwastuti@example.com,Manado,Sulawesi Utara,2026-02-24,1
2589,CUST-02589,"Vinsen Sitompul, S.Pt",Korporat,Laki-laki,081282556964,gramadan@example.net,Balikpapan,Kalimantan Timur,2025-01-05,1
2590,CUST-02590,Leo Hardiansyah,Bisnis,Perempuan,081226493007,kayla75@example.org,Banjarmasin,Kalimantan Selatan,2025-03-14,1
2591,CUST-02591,R.A. Talia Suryono,Individual,Perempuan,081270851897,alikagunawan@example.net,Balikpapan,Kalimantan Timur,2025-03-08,1
2592,CUST-02592,Vanya Rahayu,Individual,Laki-laki,081273644440,hutagalungeman@example.com,Malang,Jawa Timur,2024-09-04,1
2593,CUST-02593,Siska Utami,Individual,Perempuan,081248499923,fgunawan@example.org,Tangerang,Banten,2025-01-31,1
2594,CUST-02594,Putri Tarihoran,Individual,Laki-laki,081236009303,narpatinaradi@example.com,Bandung,Jawa Barat,2024-08-18,1
2595,CUST-02595,Rama Kusumo,Bisnis,Laki-laki,081212948499,kalim91@example.net,Manado,Sulawesi Utara,2024-09-15,1
2596,CUST-02596,Liman Uwais,Individual,Perempuan,,,Surabaya,Jawa Timur,2025-05-18,1
2597,CUST-02597,"Narji Waluyo, S.E.",Individual,Perempuan,081224742685,rahmiandriani@example.com,Yogyakarta,DI Yogyakarta,2024-08-13,1
2598,CUST-02598,Salsabila Nasyidah,Individual,Perempuan,,atmapermadi@example.com,Makassar,Sulawesi Selatan,2025-05-27,1
2599,CUST-02599,Samiah Sudiati,Individual,Perempuan,081252999160,ozy85@example.org,Medan,Sumatera Utara,2026-01-20,1
2600,CUST-02600,"Hardana Nuraini, M.Pd",Individual,Laki-laki,081219794817,epudjiastuti@example.org,Yogyakarta,DI Yogyakarta,2025-11-03,1
2601,CUST-02601,Vinsen Rajasa,Individual,Perempuan,081237632876,,Medan,Sumatera Utara,2025-07-19,1
2602,CUST-02602,"Tgk. Jail Kuswoyo, S.I.Kom",Individual,Perempuan,081275590767,nababanyance@example.org,Manado,Sulawesi Utara,2026-01-24,1
2603,CUST-02603,Kanda Pradana,Bisnis,Laki-laki,081218773132,kurniawanjaiman@example.net,Malang,Jawa Timur,2025-03-30,1
2604,CUST-02604,Lala Widiastuti,Individual,Perempuan,081253429643,santosoamong@example.com,Padang,Sumatera Barat,2026-05-12,1
2605,CUST-02605,Kasiyah Haryanto,Bisnis,Perempuan,081277656172,syahrinihidayanto@example.net,Palembang,Sumatera Selatan,2024-10-10,1
2606,CUST-02606,Azalea Saptono,Individual,Laki-laki,081260249123,rahmawatinugraha@example.net,Banjarmasin,Kalimantan Selatan,2026-03-27,1
2607,CUST-02607,Zelda Suryatmi,Individual,Perempuan,081279525324,arisfirmansyah@example.com,Palembang,Sumatera Selatan,2024-09-03,1
2608,CUST-02608,"Cut Patricia Melani, S.Kom",Individual,Perempuan,081221634083,hartatikarna@example.net,Makassar,Sulawesi Selatan,2024-09-13,1
2609,CUST-02609,"R.A. Novi Wulandari, S.Ked",Bisnis,Laki-laki,081251456733,,Malang,Jawa Timur,2025-12-01,1
2610,CUST-02610,Puspa Yuniar,Korporat,Laki-laki,081279375856,inababan@example.net,Palembang,Sumatera Selatan,2024-07-16,1
2611,CUST-02611,"drg. Kartika Siregar, S.E.",Individual,Laki-laki,081270017556,wpurnawati@example.com,Banjarmasin,Kalimantan Selatan,2024-07-23,1
2612,CUST-02612,Carla Natsir,Individual,Perempuan,081224949276,csimanjuntak@example.net,Surabaya,Jawa Timur,2025-05-17,1
2613,CUST-02613,"Legawa Santoso, S.Pd",Bisnis,Perempuan,081226700695,nsimanjuntak@example.com,Jakarta Selatan,DKI Jakarta,2026-02-26,1
2614,CUST-02614,"Indah Putra, M.TI.",Individual,Laki-laki,081282193668,jkuswoyo@example.org,Bandung,Jawa Barat,2025-05-17,1
2615,CUST-02615,Ir. Clara Hutasoit,Bisnis,Laki-laki,081293269629,pratamaopung@example.org,Jakarta Pusat,DKI Jakarta,2026-05-27,1
2616,CUST-02616,Prima Wibisono,Individual,Laki-laki,081224833245,usadaempluk@example.net,Bandung,Jawa Barat,2024-09-05,1
2617,CUST-02617,"dr. Jelita Haryanti, S.IP",Individual,Laki-laki,081249304832,nyana04@example.net,Surabaya,Jawa Timur,2025-06-24,1
2618,CUST-02618,Wardaya Megantara,Individual,Laki-laki,081263876657,mustofaestiawan@example.org,Bekasi,Jawa Barat,2024-12-19,1
2619,CUST-02619,Wardaya Kurniawan,Individual,Laki-laki,081212279613,satyawahyudin@example.net,Semarang,Jawa Tengah,2025-08-30,1
2620,CUST-02620,"Vera Andriani, S.Ked",Individual,Perempuan,081257422770,kartanovitasari@example.com,Manado,Sulawesi Utara,2025-06-06,1
2621,CUST-02621,Saka Fujiati,Individual,Laki-laki,081261009880,cagaksaptono@example.net,Surabaya,Jawa Timur,2025-09-15,1
2622,CUST-02622,Ajiman Megantara,Korporat,Perempuan,081265284927,hfirgantoro@example.com,Surabaya,Jawa Timur,2025-10-19,1
2623,CUST-02623,Lidya Pradana,Individual,Perempuan,081256199402,thamrindigdaya@example.org,Balikpapan,Kalimantan Timur,2026-02-18,1
2624,CUST-02624,Belinda Puspita,Individual,Perempuan,081287294761,prakasawarsa@example.net,Bandung,Jawa Barat,2025-04-06,1
2625,CUST-02625,"Dr. Erik Wasita, S.Pt",Bisnis,Perempuan,081229420250,maman04@example.com,Banjarmasin,Kalimantan Selatan,2025-05-23,1
2626,CUST-02626,"Drs. Mumpuni Rajata, M.Kom.",Bisnis,Laki-laki,081244218964,rahayucalista@example.org,Manado,Sulawesi Utara,2025-01-27,1
2627,CUST-02627,Ana Wibowo,Individual,Perempuan,081284767274,lailasariyono@example.org,Manado,Sulawesi Utara,2026-01-02,1
2628,CUST-02628,Mutia Permadi,Individual,Laki-laki,081235287447,rnashiruddin@example.net,Balikpapan,Kalimantan Timur,2025-04-06,1
2629,CUST-02629,Cakrabirawa Natsir,Korporat,Perempuan,081264719935,ani98@example.net,Surabaya,Jawa Timur,2025-10-07,1
2630,CUST-02630,Gawati Dongoran,Individual,Laki-laki,081288603828,kusmawatiaisyah@example.org,Makassar,Sulawesi Selatan,2024-06-21,1
2631,CUST-02631,Elisa Halimah,Individual,Perempuan,081246378254,rusman26@example.org,Padang,Sumatera Barat,2026-04-20,1
2632,CUST-02632,"Dr. Prima Saefullah, S.IP",Korporat,Laki-laki,081288801406,iriana80@example.com,Malang,Jawa Timur,2025-08-19,1
2633,CUST-02633,"Winda Hasanah, S.E.",Bisnis,Perempuan,081211755742,irianahidayanto@example.com,Jakarta Pusat,DKI Jakarta,2026-02-19,1
2634,CUST-02634,drg. Vivi Halimah,Korporat,Laki-laki,081269090456,johansaptono@example.org,Yogyakarta,DI Yogyakarta,2025-05-03,1
2635,CUST-02635,Yance Hartati,Individual,Laki-laki,081290583829,salwa37@example.com,Semarang,Jawa Tengah,2025-04-24,1
2636,CUST-02636,Galih Hidayanto,Bisnis,Perempuan,081227019943,ilsa78@example.org,Denpasar,Bali,2026-04-04,1
2637,CUST-02637,"Humaira Prasetya, S.Sos",Individual,Perempuan,081283248802,ratnamaryati@example.org,Padang,Sumatera Barat,2024-11-05,1
2638,CUST-02638,"Cut Ami Wasita, M.Kom.",Bisnis,Perempuan,081254210271,herusalahudin@example.net,Bandung,Jawa Barat,2025-08-01,1
2639,CUST-02639,Kayla Thamrin,Individual,Laki-laki,081250876767,baktisuwarno@example.com,Medan,Sumatera Utara,2025-04-02,1
2640,CUST-02640,"Cut Zelaya Hutagalung, S.IP",Bisnis,Laki-laki,081254607797,winarsihmurti@example.org,Batam,Kepulauan Riau,2025-05-31,1
2641,CUST-02641,"dr. Gambira Rahimah, S.Farm",Individual,Perempuan,081255758641,pratamaganep@example.com,Balikpapan,Kalimantan Timur,2024-09-17,1
2642,CUST-02642,Jagapati Hassanah,Individual,Perempuan,081264530876,lhariyah@example.net,Palembang,Sumatera Selatan,2024-09-05,1
2643,CUST-02643,Zulfa Hartati,Individual,Laki-laki,081216685655,parismayasari@example.com,Tangerang,Banten,2026-06-05,1
2644,CUST-02644,"Dacin Purwanti, S.E.",Individual,Laki-laki,081269193785,nwahyudin@example.org,Malang,Jawa Timur,2025-02-03,1
2645,CUST-02645,"Kezia Sihombing, S.T.",Individual,Laki-laki,081237356569,wsimanjuntak@example.net,Solo,Jawa Tengah,2024-07-23,1
2646,CUST-02646,Wani Lestari,Individual,Laki-laki,081216316898,rahimahparman@example.net,Bekasi,Jawa Barat,2025-07-22,1
2647,CUST-02647,"Yance Kurniawan, M.Ak",Individual,Laki-laki,081270893880,gabriella34@example.org,Banjarmasin,Kalimantan Selatan,2026-04-10,0
2648,CUST-02648,"Sutan Raden Tarihoran, M.Pd",Individual,Laki-laki,081252500291,prayogagasti@example.net,Padang,Sumatera Barat,2025-03-15,1
2649,CUST-02649,Hj. Zulaikha Mandasari,Individual,Laki-laki,081283774193,maimunahsuryono@example.org,Batam,Kepulauan Riau,2025-09-18,1
2650,CUST-02650,dr. Balijan Handayani,Individual,Laki-laki,081239208367,nlailasari@example.com,Batam,Kepulauan Riau,2026-01-22,1
2651,CUST-02651,"Ida Nashiruddin, M.Pd",Bisnis,Laki-laki,081218088468,handayanivanya@example.com,Bandung,Jawa Barat,2025-01-12,1
2652,CUST-02652,"Drs. Hafshah Hidayat, S.Kom",Korporat,Laki-laki,081217738415,pkusumo@example.org,Surabaya,Jawa Timur,2026-02-21,1
2653,CUST-02653,Fitria Widiastuti,Bisnis,Laki-laki,081268071372,,Bekasi,Jawa Barat,2025-06-16,1
2654,CUST-02654,Puji Adriansyah,Individual,Laki-laki,081225969398,danggraini@example.net,Balikpapan,Kalimantan Timur,2026-04-22,1
2655,CUST-02655,R. Nilam Napitupulu,Individual,Laki-laki,081228592137,prabowosirait@example.org,Bandung,Jawa Barat,2025-05-05,1
2656,CUST-02656,Nyana Gunarto,Individual,Laki-laki,081235168797,haryantokeisha@example.net,Manado,Sulawesi Utara,2024-07-22,1
2657,CUST-02657,Vera Gunawan,Individual,Perempuan,081299677923,hsusanti@example.org,Medan,Sumatera Utara,2025-08-10,1
2658,CUST-02658,"T. Putu Salahudin, S.Psi",Individual,Perempuan,081281902937,tgunawan@example.org,Jakarta Selatan,DKI Jakarta,2024-07-20,1
2659,CUST-02659,Nova Pudjiastuti,Individual,Perempuan,081268692878,darmananamaga@example.com,Medan,Sumatera Utara,2025-06-01,1
2660,CUST-02660,Muhammad Adriansyah,Korporat,Laki-laki,081276583248,qirawan@example.com,Tangerang,Banten,2026-01-02,1
2661,CUST-02661,Jinawi Tarihoran,Korporat,Perempuan,081262495616,tambahasna@example.net,Makassar,Sulawesi Selatan,2025-10-17,1
2662,CUST-02662,Joko Sihombing,Korporat,Laki-laki,081211406797,pangestuhamima@example.com,Banjarmasin,Kalimantan Selatan,2024-12-05,1
2663,CUST-02663,Zamira Agustina,Korporat,Laki-laki,081274460600,jumari10@example.net,Banjarmasin,Kalimantan Selatan,2025-05-11,1
2664,CUST-02664,Tgk. Ulya Mulyani,Individual,Laki-laki,081237999539,kacungnarpati@example.com,Semarang,Jawa Tengah,2025-09-23,1
2665,CUST-02665,H. Aswani Rajata,Individual,Laki-laki,081258156692,budiyantomalik@example.org,Balikpapan,Kalimantan Timur,2024-08-23,1
2666,CUST-02666,Hafshah Habibi,Bisnis,Perempuan,081225691508,tmaryati@example.com,Medan,Sumatera Utara,2024-08-03,1
2667,CUST-02667,Nurul Kuswoyo,Individual,Perempuan,081226077135,vsitompul@example.com,Bekasi,Jawa Barat,2025-09-18,0
2668,CUST-02668,Arsipatra Thamrin,Bisnis,Laki-laki,081216379119,mwaskita@example.org,Malang,Jawa Timur,2025-02-11,1
2669,CUST-02669,Ida Mustofa,Individual,Laki-laki,081252499716,,Pekanbaru,Riau,2025-08-25,1
2670,CUST-02670,Hj. Agnes Prasetya,Individual,Laki-laki,081231019979,nadiautama@example.org,Yogyakarta,DI Yogyakarta,2026-01-02,1
2671,CUST-02671,"Jaya Hartati, M.M.",Individual,Perempuan,081227589342,amaryadi@example.net,Makassar,Sulawesi Selatan,2025-12-12,1
2672,CUST-02672,Purwa Putra,Individual,Perempuan,081284909511,widodoviman@example.net,Makassar,Sulawesi Selatan,2024-10-30,1
2673,CUST-02673,R.A. Febi Mansur,Bisnis,Laki-laki,081275069005,halimahlatif@example.net,Denpasar,Bali,2026-06-11,1
2674,CUST-02674,T. Martaka Budiman,Individual,Laki-laki,081279208993,kamalhidayanto@example.com,Bandung,Jawa Barat,2026-04-25,1
2675,CUST-02675,Respati Kusumo,Individual,Laki-laki,081233181970,zulaikalasmono@example.com,Balikpapan,Kalimantan Timur,2025-09-19,1
2676,CUST-02676,Yunita Uyainah,Individual,Perempuan,081237749073,budimanvivi@example.org,Surabaya,Jawa Timur,2025-01-23,1
2677,CUST-02677,Jatmiko Nababan,Individual,Laki-laki,081260101146,amalia85@example.com,Palembang,Sumatera Selatan,2025-06-15,1
2678,CUST-02678,Garan Salahudin,Bisnis,Laki-laki,081211757205,pangestu78@example.net,Makassar,Sulawesi Selatan,2024-07-21,1
2679,CUST-02679,Lasmanto Waskita,Bisnis,Laki-laki,081287031745,,Banjarmasin,Kalimantan Selatan,2026-01-27,1
2680,CUST-02680,"R. Zamira Wibisono, M.Farm",Bisnis,Perempuan,081293803858,uwibowo@example.com,Malang,Jawa Timur,2025-03-08,1
2681,CUST-02681,"Unggul Gunawan, M.Pd",Individual,Laki-laki,081276362799,,Jakarta Selatan,DKI Jakarta,2024-10-29,1
2682,CUST-02682,"R.M. Joko Suwarno, S.H.",Individual,Perempuan,081237837444,nashiruddinestiawan@example.net,Surabaya,Jawa Timur,2026-04-26,1
2683,CUST-02683,Zulfa Lestari,Korporat,Perempuan,081217387940,satya85@example.org,Palembang,Sumatera Selatan,2024-09-15,1
2684,CUST-02684,Zulaikha Hutapea,Individual,Laki-laki,081223410431,zelayahidayanto@example.org,Bekasi,Jawa Barat,2024-09-24,1
2685,CUST-02685,Septi Usamah,Individual,Perempuan,081241625395,waskitaartanto@example.net,Makassar,Sulawesi Selatan,2026-03-25,1
2686,CUST-02686,Prabu Haryanti,Individual,Perempuan,081213055890,luthfi08@example.net,Jakarta Pusat,DKI Jakarta,2025-05-30,1
2687,CUST-02687,Restu Pradipta,Korporat,Laki-laki,081262209911,purwanto58@example.com,Manado,Sulawesi Utara,2025-04-17,1
2688,CUST-02688,Ir. Prabowo Januar,Individual,Laki-laki,081214490940,damanikmala@example.net,Malang,Jawa Timur,2026-05-15,1
2689,CUST-02689,Olivia Marpaung,Individual,Laki-laki,081233830901,farahyulianti@example.net,Batam,Kepulauan Riau,2024-06-21,1
2690,CUST-02690,Bella Lailasari,Individual,Laki-laki,081241551302,xpuspita@example.org,Medan,Sumatera Utara,2026-05-22,1
2691,CUST-02691,Jatmiko Uyainah,Individual,Laki-laki,081268028920,firmansyahjaeman@example.net,Medan,Sumatera Utara,2025-10-25,1
2692,CUST-02692,Drs. Ani Mulyani,Bisnis,Laki-laki,081266257500,tharyanto@example.org,Jakarta Pusat,DKI Jakarta,2026-06-04,1
2693,CUST-02693,"Hj. Zahra Pranowo, M.M.",Individual,Perempuan,081289507471,tedisihombing@example.org,Bandung,Jawa Barat,2025-10-27,1
2694,CUST-02694,Vanya Pranowo,Individual,Perempuan,081296673676,kairavprasetyo@example.org,Medan,Sumatera Utara,2025-05-05,1
2695,CUST-02695,Maida Lestari,Individual,Laki-laki,081257251066,haryantoelisa@example.org,Batam,Kepulauan Riau,2024-12-20,1
2696,CUST-02696,Gandewa Padmasari,Individual,Laki-laki,081295262076,kambali10@example.net,Yogyakarta,DI Yogyakarta,2025-12-04,1
2697,CUST-02697,Daniswara Hastuti,Individual,Perempuan,,aagustina@example.net,Medan,Sumatera Utara,2025-03-07,1
2698,CUST-02698,Tgk. Wage Wibisono,Bisnis,Laki-laki,081284666551,putu66@example.net,Yogyakarta,DI Yogyakarta,2026-06-05,1
2699,CUST-02699,Ilsa Kusmawati,Individual,Laki-laki,081273695564,purwadipadmasari@example.org,Malang,Jawa Timur,2025-03-22,1
2700,CUST-02700,"Ir. Harsaya Kuswandari, M.Ak",Individual,Laki-laki,081226961694,setiawannovi@example.org,Bandung,Jawa Barat,2026-03-05,1
2701,CUST-02701,Ulva Sihotang,Individual,Perempuan,081214116092,lalamaheswara@example.org,Semarang,Jawa Tengah,2025-09-13,1
2702,CUST-02702,Drs. Bambang Marbun,Korporat,Laki-laki,081276013428,mila60@example.com,Yogyakarta,DI Yogyakarta,2025-03-25,1
2703,CUST-02703,Jasmin Saragih,Individual,Perempuan,081239029065,yunitasetiawan@example.org,Balikpapan,Kalimantan Timur,2024-11-07,1
2704,CUST-02704,dr. Sakura Jailani,Bisnis,Laki-laki,081225516026,jrahmawati@example.org,Banjarmasin,Kalimantan Selatan,2024-09-08,1
2705,CUST-02705,Padma Agustina,Bisnis,Perempuan,081269773883,anggriawanhani@example.net,Manado,Sulawesi Utara,2026-05-14,1
2706,CUST-02706,"Drs. Rachel Saputra, S.E.",Individual,Perempuan,081292961788,asirwadatampubolon@example.com,Malang,Jawa Timur,2026-05-12,1
2707,CUST-02707,Kasiyah Winarsih,Korporat,Perempuan,081294561941,taliahardiansyah@example.org,Surabaya,Jawa Timur,2024-07-08,1
2708,CUST-02708,T. Kala Hariyah,Individual,Perempuan,081224884979,samiah10@example.org,Palembang,Sumatera Selatan,2025-02-07,1
2709,CUST-02709,Titin Hidayanto,Individual,Perempuan,081286818430,rama39@example.org,Batam,Kepulauan Riau,2025-10-08,1
2710,CUST-02710,Embuh Usada,Bisnis,Perempuan,081242486428,hassanahraden@example.com,Tangerang,Banten,2025-07-31,0
2711,CUST-02711,"R. Tirtayasa Melani, M.Farm",Individual,Perempuan,081244339065,yulia65@example.com,Banjarmasin,Kalimantan Selatan,2024-07-07,1
2712,CUST-02712,"H. Kasim Riyanti, S.Pd",Individual,Perempuan,081297444197,caturanggasuwarno@example.com,Banjarmasin,Kalimantan Selatan,2026-05-08,1
2713,CUST-02713,Purwa Padmasari,Individual,Laki-laki,081233551392,farhunnisa33@example.org,Batam,Kepulauan Riau,2025-10-28,1
2714,CUST-02714,Diana Damanik,Individual,Laki-laki,081271748813,,Surabaya,Jawa Timur,2026-03-29,1
2715,CUST-02715,Puti Nova Oktaviani,Bisnis,Perempuan,081234571361,winarnoshakila@example.org,Balikpapan,Kalimantan Timur,2026-02-10,1
2716,CUST-02716,Vicky Mandala,Individual,Perempuan,081257136093,umayzulkarnain@example.org,Pekanbaru,Riau,2024-11-09,1
2717,CUST-02717,Dr. Kalim Yulianti,Individual,Laki-laki,081277568155,mandaladamar@example.net,Semarang,Jawa Tengah,2026-04-16,1
2718,CUST-02718,"Kania Marpaung, S.H.",Bisnis,Perempuan,081282919111,mahfudmaulana@example.com,Manado,Sulawesi Utara,2024-11-14,1
2719,CUST-02719,Galur Sudiati,Individual,Laki-laki,081241493447,malasimanjuntak@example.net,Denpasar,Bali,2025-01-22,1
2720,CUST-02720,R. Jefri Winarno,Individual,Laki-laki,081247447568,vega59@example.org,Medan,Sumatera Utara,2024-10-28,1
2721,CUST-02721,Zelda Rajasa,Individual,Perempuan,081237119580,,Balikpapan,Kalimantan Timur,2025-09-28,1
2722,CUST-02722,Paris Gunarto,Individual,Laki-laki,081220638235,rafinamaga@example.org,Medan,Sumatera Utara,2025-01-24,1
2723,CUST-02723,Latika Handayani,Individual,Perempuan,081290816633,pwinarsih@example.com,Balikpapan,Kalimantan Timur,2025-08-10,1
2724,CUST-02724,"KH. Cengkal Suryatmi, S.Pt",Individual,Perempuan,081241993094,latikaprakasa@example.net,Banjarmasin,Kalimantan Selatan,2025-10-01,1
2725,CUST-02725,Cakrawala Hakim,Individual,Perempuan,081233574057,enababan@example.com,Surabaya,Jawa Timur,2024-10-28,1
2726,CUST-02726,Elma Yolanda,Individual,Laki-laki,081285253397,prasastaliman@example.com,Pekanbaru,Riau,2024-09-27,0
2727,CUST-02727,Edison Agustina,Individual,Laki-laki,081258747966,mhutagalung@example.com,Semarang,Jawa Tengah,2026-01-18,1
2728,CUST-02728,Baktiono Pradana,Individual,Laki-laki,081295545851,mila09@example.com,Palembang,Sumatera Selatan,2026-01-31,1
2729,CUST-02729,"Dr. Jaswadi Iswahyudi, M.Pd",Individual,Perempuan,081279435252,firgantorogenta@example.com,Pekanbaru,Riau,2025-10-24,1
2730,CUST-02730,R.A. Tina Suryatmi,Individual,Perempuan,081240559678,rwijayanti@example.org,Padang,Sumatera Barat,2025-02-19,1
2731,CUST-02731,"drg. Jaeman Purnawati, M.Farm",Individual,Perempuan,,tjanuar@example.org,Jakarta Selatan,DKI Jakarta,2025-01-28,1
2732,CUST-02732,Ifa Laksita,Individual,Laki-laki,081270126536,hthamrin@example.net,Surabaya,Jawa Timur,2024-11-06,1
2733,CUST-02733,dr. Upik Wahyudin,Individual,Laki-laki,081240414524,candrasitompul@example.org,Balikpapan,Kalimantan Timur,2025-11-22,1
2734,CUST-02734,"Ir. Pia Pudjiastuti, S.T.",Individual,Perempuan,081223443560,fsihombing@example.org,Manado,Sulawesi Utara,2024-12-12,1
2735,CUST-02735,"Aurora Wastuti, M.Kom.",Individual,Perempuan,081224512127,prayogo15@example.org,Palembang,Sumatera Selatan,2025-01-08,1
2736,CUST-02736,Carla Agustina,Individual,Laki-laki,,xsuartini@example.net,Balikpapan,Kalimantan Timur,2024-07-03,1
2737,CUST-02737,Jayadi Yulianti,Individual,Laki-laki,081246960427,padmasinaga@example.com,Batam,Kepulauan Riau,2024-10-14,1
2738,CUST-02738,Bahuwarna Firgantoro,Individual,Laki-laki,081256276898,ukusmawati@example.net,Palembang,Sumatera Selatan,2024-08-21,1
2739,CUST-02739,drg. Carla Nurdiyanti,Individual,Laki-laki,081288736734,salmannugroho@example.org,Jakarta Selatan,DKI Jakarta,2025-12-13,1
2740,CUST-02740,"Zalindra Mangunsong, S.Sos",Individual,Perempuan,081287464685,atmajatarihoran@example.net,Jakarta Selatan,DKI Jakarta,2025-11-15,0
2741,CUST-02741,"Natalia Maulana, S.Pt",Individual,Laki-laki,081256248205,ilsapurnawati@example.net,Tangerang,Banten,2025-08-24,1
2742,CUST-02742,Shania Habibi,Bisnis,Laki-laki,081269435852,nurainiestiawan@example.com,Jakarta Selatan,DKI Jakarta,2025-07-25,1
2743,CUST-02743,Genta Firmansyah,Individual,Laki-laki,081264560131,suci05@example.org,Batam,Kepulauan Riau,2026-02-12,1
2744,CUST-02744,Melinda Prastuti,Individual,Perempuan,081222851235,lpradipta@example.org,Balikpapan,Kalimantan Timur,2025-09-10,1
2745,CUST-02745,Edi Pratiwi,Individual,Laki-laki,081222434805,jlestari@example.org,Denpasar,Bali,2025-01-22,1
2746,CUST-02746,Sadina Riyanti,Individual,Laki-laki,081227172210,halimwardaya@example.com,Surabaya,Jawa Timur,2025-07-17,1
2747,CUST-02747,"KH. Timbul Sirait, M.Kom.",Individual,Perempuan,081299284710,soktaviani@example.net,Bandung,Jawa Barat,2026-06-18,1
2748,CUST-02748,Ibrahim Sitorus,Individual,Perempuan,081232930355,isafitri@example.net,Denpasar,Bali,2025-10-21,1
2749,CUST-02749,Reksa Sitorus,Individual,Laki-laki,081268590479,susantivinsen@example.net,Medan,Sumatera Utara,2025-09-02,1
2750,CUST-02750,Ida Adriansyah,Individual,Laki-laki,081237812016,npranowo@example.org,Makassar,Sulawesi Selatan,2024-10-14,1
2751,CUST-02751,Hamima Wacana,Individual,Laki-laki,081288068192,gaduh71@example.net,Yogyakarta,DI Yogyakarta,2024-11-23,1
2752,CUST-02752,Diah Rajasa,Bisnis,Perempuan,081222949689,qnababan@example.com,Makassar,Sulawesi Selatan,2025-10-27,1
2753,CUST-02753,"KH. Adiarja Mayasari, S.E.",Bisnis,Laki-laki,081296731439,kajen02@example.com,Semarang,Jawa Tengah,2026-01-08,1
2754,CUST-02754,Candrakanta Maryadi,Individual,Perempuan,081245068780,usamosir@example.com,Makassar,Sulawesi Selatan,2025-10-03,1
2755,CUST-02755,Ikin Hassanah,Individual,Perempuan,081287237470,edwardprasetyo@example.com,Semarang,Jawa Tengah,2025-03-15,1
2756,CUST-02756,Bakijan Adriansyah,Individual,Perempuan,081272391761,dkuswoyo@example.com,Semarang,Jawa Tengah,2025-11-22,1
2757,CUST-02757,Hj. Sadina Simanjuntak,Individual,Laki-laki,081254221763,julipratama@example.com,Banjarmasin,Kalimantan Selatan,2024-08-17,1
2758,CUST-02758,"Kawaca Suwarno, S.I.Kom",Individual,Perempuan,081239941810,wahyudincakrabirawa@example.com,Makassar,Sulawesi Selatan,2026-06-15,1
2759,CUST-02759,Sarah Firgantoro,Individual,Laki-laki,081271619731,miswahyudi@example.com,Semarang,Jawa Tengah,2025-03-19,1
2760,CUST-02760,Mulyono Marpaung,Individual,Laki-laki,081285209232,emansur@example.net,Balikpapan,Kalimantan Timur,2024-11-01,1
2761,CUST-02761,Kasiyah Firgantoro,Individual,Laki-laki,081215602812,samsul38@example.org,Solo,Jawa Tengah,2024-07-19,1
2762,CUST-02762,Ami Zulaika,Individual,Laki-laki,081275616058,ikamaryati@example.org,Jakarta Selatan,DKI Jakarta,2025-03-02,1
2763,CUST-02763,Ina Agustina,Individual,Laki-laki,081253330399,sutami@example.org,Jakarta Pusat,DKI Jakarta,2026-01-26,1
2764,CUST-02764,Sari Nababan,Individual,Laki-laki,081299934227,nalar37@example.org,Manado,Sulawesi Utara,2025-03-11,1
2765,CUST-02765,"dr. Satya Santoso, S.Pd",Individual,Laki-laki,081287145864,dabukkebakiadi@example.net,Jakarta Selatan,DKI Jakarta,2026-05-22,1
2766,CUST-02766,Ir. Agnes Wastuti,Individual,Perempuan,081288551306,prakasafathonah@example.org,Medan,Sumatera Utara,2026-03-15,1
2767,CUST-02767,Aswani Maheswara,Individual,Laki-laki,081298736988,riyantiasirwada@example.org,Solo,Jawa Tengah,2025-08-17,1
2768,CUST-02768,"R.M. Mulyanto Hariyah, S.Gz",Individual,Perempuan,081275485766,cfirmansyah@example.com,Bekasi,Jawa Barat,2025-01-22,1
2769,CUST-02769,Fitria Maryadi,Individual,Perempuan,081233842286,,Medan,Sumatera Utara,2025-09-14,1
2770,CUST-02770,Mujur Prasetyo,Individual,Perempuan,081240728826,zulkarnainmulya@example.net,Jakarta Pusat,DKI Jakarta,2024-09-07,1
2771,CUST-02771,Jaga Kusumo,Individual,Perempuan,081221986051,prasetyotiara@example.com,Bekasi,Jawa Barat,2026-04-09,1
2772,CUST-02772,Hairyanto Maulana,Individual,Perempuan,081263295587,,Manado,Sulawesi Utara,2025-01-14,1
2773,CUST-02773,Hendra Handayani,Individual,Perempuan,081283417680,cahyadihasanah@example.com,Tangerang,Banten,2024-07-16,1
2774,CUST-02774,Dwi Oktaviani,Individual,Laki-laki,081259571644,dpermata@example.com,Makassar,Sulawesi Selatan,2025-12-28,1
2775,CUST-02775,Fathonah Kusmawati,Individual,Laki-laki,081242776364,febi96@example.com,Jakarta Selatan,DKI Jakarta,2026-03-31,1
2776,CUST-02776,"Usyi Tampubolon, M.Pd",Bisnis,Perempuan,,mustikasalahudin@example.net,Bandung,Jawa Barat,2026-05-13,1
2777,CUST-02777,Mariadi Pratama,Individual,Perempuan,081282687623,wisnuanggriawan@example.com,Palembang,Sumatera Selatan,2024-09-07,1
2778,CUST-02778,"Tgk. Jelita Oktaviani, S.Psi",Individual,Perempuan,081224125356,candra36@example.net,Surabaya,Jawa Timur,2025-10-13,1
2779,CUST-02779,Elvina Situmorang,Individual,Perempuan,081245286268,tampubolonjasmani@example.com,Denpasar,Bali,2024-12-18,1
2780,CUST-02780,"Tgk. Sakti Gunarto, M.Kom.",Bisnis,Laki-laki,081235747058,ukusmawati@example.com,Yogyakarta,DI Yogyakarta,2026-02-09,1
2781,CUST-02781,Jaiman Nasyiah,Individual,Perempuan,081249142014,maras05@example.org,Medan,Sumatera Utara,2025-09-01,1
2782,CUST-02782,Cut Vicky Samosir,Individual,Laki-laki,081248399280,gaiman98@example.com,Solo,Jawa Tengah,2025-07-15,1
2783,CUST-02783,Salman Siregar,Individual,Perempuan,081281049504,adriansyahelvina@example.net,Banjarmasin,Kalimantan Selatan,2024-09-29,1
2784,CUST-02784,"Rina Uyainah, M.Kom.",Bisnis,Perempuan,081290888154,jarwadi81@example.org,Banjarmasin,Kalimantan Selatan,2026-06-16,1
2785,CUST-02785,Unjani Wahyudin,Individual,Perempuan,081246409284,zalindra56@example.net,Surabaya,Jawa Timur,2025-10-01,1
2786,CUST-02786,Pranawa Prastuti,Individual,Laki-laki,081270741598,belinda37@example.net,Makassar,Sulawesi Selatan,2025-12-23,1
2787,CUST-02787,R.M. Hamzah Puspasari,Individual,Perempuan,,gabriella74@example.net,Makassar,Sulawesi Selatan,2024-10-26,1
2788,CUST-02788,"Kemal Siregar, S.E.I",Individual,Perempuan,081223468022,fujiatiagus@example.org,Tangerang,Banten,2024-11-09,1
2789,CUST-02789,Tirta Siregar,Bisnis,Laki-laki,081278661266,sakurawaluyo@example.org,Balikpapan,Kalimantan Timur,2025-10-02,1
2790,CUST-02790,Tgk. Hasan Nasyidah,Individual,Laki-laki,081265616021,queenanggraini@example.com,Medan,Sumatera Utara,2026-01-06,1
2791,CUST-02791,Dwi Mansur,Individual,Laki-laki,,kusumoghani@example.org,Bandung,Jawa Barat,2026-03-22,0
2792,CUST-02792,Nadia Dabukke,Individual,Laki-laki,081298626706,okto93@example.net,Manado,Sulawesi Utara,2024-10-03,1
2793,CUST-02793,Banawi Wijayanti,Bisnis,Perempuan,081261577608,mustofaedi@example.org,Malang,Jawa Timur,2025-09-02,1
2794,CUST-02794,Dt. Jayeng Kusumo,Individual,Perempuan,081241959946,jyulianti@example.net,Makassar,Sulawesi Selatan,2025-04-19,1
2795,CUST-02795,Lutfan Thamrin,Bisnis,Laki-laki,081223709044,saifulandriani@example.net,Manado,Sulawesi Utara,2025-10-28,1
2796,CUST-02796,"Balijan Marbun, S.Ked",Individual,Laki-laki,081286194376,zelda56@example.com,Tangerang,Banten,2024-12-20,1
2797,CUST-02797,Bella Januar,Individual,Perempuan,081240354191,vhabibi@example.com,Makassar,Sulawesi Selatan,2025-12-31,1
2798,CUST-02798,Ir. Aurora Safitri,Individual,Perempuan,081230942735,hanimaheswara@example.org,Jakarta Pusat,DKI Jakarta,2026-05-01,1
2799,CUST-02799,R. Darmana Hariyah,Individual,Perempuan,081277305404,dabukkeeko@example.net,Malang,Jawa Timur,2025-08-19,1
2800,CUST-02800,Kamal Haryanto,Individual,Laki-laki,081277198296,mursininnasyiah@example.com,Yogyakarta,DI Yogyakarta,2024-11-24,1
2801,CUST-02801,Aisyah Yolanda,Individual,Laki-laki,081261064006,lasmanto90@example.com,Pekanbaru,Riau,2024-08-11,1
2802,CUST-02802,"Cut Ajeng Winarno, S.Psi",Bisnis,Perempuan,081277203162,,Bandung,Jawa Barat,2025-12-26,1
2803,CUST-02803,"Eli Hakim, S.Pd",Individual,Perempuan,081224174450,,Solo,Jawa Tengah,2026-02-15,1
2804,CUST-02804,R.M. Anom Rajasa,Individual,Perempuan,081288887901,spermadi@example.net,Malang,Jawa Timur,2024-10-06,1
2805,CUST-02805,"drg. Harjasa Budiyanto, S.Farm",Individual,Laki-laki,081292962643,gadinghidayanto@example.net,Banjarmasin,Kalimantan Selatan,2025-01-08,1
2806,CUST-02806,Dr. Ulva Utama,Individual,Laki-laki,081215000152,pprakasa@example.org,Surabaya,Jawa Timur,2025-11-19,1
2807,CUST-02807,"Maryanto Suartini, S.I.Kom",Individual,Laki-laki,081284814914,nurulyuliarti@example.com,Solo,Jawa Tengah,2026-06-17,1
2808,CUST-02808,Irma Permata,Individual,Laki-laki,081248185015,twidiastuti@example.org,Yogyakarta,DI Yogyakarta,2026-05-31,1
2809,CUST-02809,"Puti Ulya Mustofa, M.TI.",Bisnis,Laki-laki,,,Malang,Jawa Timur,2026-03-04,1
2810,CUST-02810,"Dt. Drajat Hasanah, M.Kom.",Bisnis,Laki-laki,081265549191,usman23@example.org,Solo,Jawa Tengah,2024-08-22,1
2811,CUST-02811,Ellis Safitri,Individual,Laki-laki,081280201814,nugrohotira@example.org,Batam,Kepulauan Riau,2024-12-28,1
2812,CUST-02812,"Halima Prasetya, S.T.",Bisnis,Laki-laki,081289199908,ilsa69@example.net,Balikpapan,Kalimantan Timur,2026-01-06,1
2813,CUST-02813,Tgk. Yono Suryono,Individual,Perempuan,081256914780,tasdikriyanti@example.com,Jakarta Selatan,DKI Jakarta,2024-09-03,1
2814,CUST-02814,Azalea Sinaga,Individual,Laki-laki,,esirait@example.net,Surabaya,Jawa Timur,2025-03-26,1
2815,CUST-02815,"Malika Kuswoyo, S.Pd",Individual,Laki-laki,081293909912,vpermadi@example.com,Batam,Kepulauan Riau,2026-01-01,1
2816,CUST-02816,Elvina Agustina,Individual,Perempuan,081287766530,ega47@example.com,Palembang,Sumatera Selatan,2026-01-29,1
2817,CUST-02817,Zelda Irawan,Korporat,Laki-laki,081273920287,nabila61@example.org,Balikpapan,Kalimantan Timur,2026-01-19,1
2818,CUST-02818,Rika Permata,Individual,Laki-laki,081218203309,ajimatrahayu@example.net,Jakarta Pusat,DKI Jakarta,2025-09-04,1
2819,CUST-02819,"Drs. Raina Suryono, S.Farm",Bisnis,Laki-laki,081228774296,,Jakarta Pusat,DKI Jakarta,2026-02-03,1
2820,CUST-02820,Salsabila Suartini,Individual,Laki-laki,081240378700,ajimat74@example.net,Bekasi,Jawa Barat,2025-12-26,1
2821,CUST-02821,Ganep Prakasa,Individual,Laki-laki,081226672376,ulestari@example.net,Padang,Sumatera Barat,2024-10-24,1
2822,CUST-02822,Edi Astuti,Individual,Laki-laki,081229523406,firmansyahkunthara@example.net,Batam,Kepulauan Riau,2024-11-15,1
2823,CUST-02823,Diana Budiyanto,Individual,Laki-laki,081283691498,prasastadamar@example.net,Banjarmasin,Kalimantan Selatan,2024-09-12,1
2824,CUST-02824,Ibun Halim,Individual,Laki-laki,081298607364,danuzulkarnain@example.net,Banjarmasin,Kalimantan Selatan,2025-10-19,1
2825,CUST-02825,Viman Mustofa,Individual,Laki-laki,081228505901,,Batam,Kepulauan Riau,2025-12-03,1
2826,CUST-02826,Wulan Mahendra,Individual,Laki-laki,081279371029,latif32@example.net,Semarang,Jawa Tengah,2025-04-02,1
2827,CUST-02827,Gasti Hidayanto,Individual,Perempuan,,xtarihoran@example.net,Tangerang,Banten,2025-10-12,1
2828,CUST-02828,Amalia Damanik,Individual,Perempuan,081277085132,karyawinarsih@example.org,Makassar,Sulawesi Selatan,2024-09-08,1
2829,CUST-02829,Suci Pudjiastuti,Individual,Perempuan,081229967693,padmasarijane@example.net,Jakarta Selatan,DKI Jakarta,2025-04-24,1
2830,CUST-02830,Ade Marpaung,Bisnis,Laki-laki,081263777866,hendra27@example.com,Surabaya,Jawa Timur,2025-08-25,1
2831,CUST-02831,"Cemani Prastuti, S.Pt",Bisnis,Laki-laki,081295747059,puspitajaiman@example.com,Palembang,Sumatera Selatan,2025-12-15,0
2832,CUST-02832,"Najwa Mayasari, M.M.",Bisnis,Laki-laki,081275025663,jasmanimahendra@example.net,Pekanbaru,Riau,2024-11-04,1
2833,CUST-02833,Padmi Putra,Korporat,Perempuan,081261250136,habibilaswi@example.net,Medan,Sumatera Utara,2026-03-31,1
2834,CUST-02834,Michelle Wastuti,Bisnis,Perempuan,,jarwi53@example.org,Tangerang,Banten,2024-12-09,1
2835,CUST-02835,Vanesa Sirait,Individual,Perempuan,081229276770,,Bandung,Jawa Barat,2025-11-09,1
2836,CUST-02836,Balangga Prasasta,Individual,Laki-laki,081235938118,niyaga21@example.net,Pekanbaru,Riau,2025-08-07,1
2837,CUST-02837,"Sidiq Ramadan, S.Psi",Individual,Perempuan,081266433351,aditya86@example.net,Pekanbaru,Riau,2025-06-13,1
2838,CUST-02838,Mustika Purnawati,Individual,Perempuan,081269647913,hadipranowo@example.net,Bekasi,Jawa Barat,2026-03-24,1
2839,CUST-02839,Lala Mansur,Individual,Perempuan,081212697756,dewisudiati@example.com,Balikpapan,Kalimantan Timur,2025-09-25,1
2840,CUST-02840,Umi Haryanti,Individual,Laki-laki,081239759347,pradiptajasmin@example.org,Palembang,Sumatera Selatan,2024-10-10,1
2841,CUST-02841,Gasti Melani,Bisnis,Laki-laki,081283343205,ylailasari@example.net,Manado,Sulawesi Utara,2024-08-05,1
2842,CUST-02842,Raharja Nashiruddin,Individual,Perempuan,081269429716,spuspasari@example.net,Yogyakarta,DI Yogyakarta,2025-05-07,1
2843,CUST-02843,Bahuwarna Pradana,Individual,Perempuan,081265197424,hasanahtasdik@example.com,Palembang,Sumatera Selatan,2024-12-10,0
2844,CUST-02844,"Tgk. Jasmin Sirait, M.Kom.",Bisnis,Perempuan,081271989341,pratamamaya@example.com,Bekasi,Jawa Barat,2026-03-04,1
2845,CUST-02845,Tira Uyainah,Individual,Laki-laki,081262093237,setyawijaya@example.net,Yogyakarta,DI Yogyakarta,2025-02-15,1
2846,CUST-02846,Parman Mandasari,Individual,Laki-laki,081299267838,novitasariusyi@example.com,Tangerang,Banten,2024-12-07,1
2847,CUST-02847,"Luwar Nababan, M.Kom.",Bisnis,Laki-laki,081272547259,knainggolan@example.org,Jakarta Selatan,DKI Jakarta,2025-07-17,1
2848,CUST-02848,"Sutan Yono Suwarno, S.IP",Bisnis,Laki-laki,081277821509,puspitacemeti@example.org,Batam,Kepulauan Riau,2025-06-21,1
2849,CUST-02849,"Puti Fitria Sitompul, S.E.",Bisnis,Perempuan,081236428439,asman97@example.net,Medan,Sumatera Utara,2025-01-04,1
2850,CUST-02850,Dt. Aris Anggraini,Bisnis,Perempuan,081244197413,jramadan@example.org,Semarang,Jawa Tengah,2025-09-06,1
2851,CUST-02851,Rangga Iswahyudi,Individual,Perempuan,081290481469,harsaya84@example.org,Jakarta Pusat,DKI Jakarta,2026-05-13,0
2852,CUST-02852,Mahdi Purwanti,Individual,Laki-laki,081231199178,silviapermadi@example.net,Banjarmasin,Kalimantan Selatan,2026-04-25,1
2853,CUST-02853,"Drs. Kairav Simbolon, S.Sos",Individual,Perempuan,081224301314,nashiruddinira@example.com,Palembang,Sumatera Selatan,2025-05-30,1
2854,CUST-02854,"Harjaya Handayani, S.Kom",Individual,Laki-laki,081234145888,upurnawati@example.com,Batam,Kepulauan Riau,2026-01-20,1
2855,CUST-02855,Asmianto Firmansyah,Korporat,Laki-laki,081231567116,halimmarbun@example.net,Makassar,Sulawesi Selatan,2026-05-28,1
2856,CUST-02856,Dalima Mulyani,Individual,Perempuan,081273516743,kembasetiawan@example.com,Batam,Kepulauan Riau,2025-12-21,1
2857,CUST-02857,Violet Pratama,Bisnis,Perempuan,081235518284,tugiman20@example.net,Medan,Sumatera Utara,2024-10-17,1
2858,CUST-02858,"Drs. Labuh Nurdiyanti, S.T.",Bisnis,Perempuan,,slamet73@example.com,Malang,Jawa Timur,2024-09-20,1
2859,CUST-02859,"Dalima Januar, S.I.Kom",Individual,Perempuan,081262219366,gandi83@example.com,Batam,Kepulauan Riau,2025-12-20,1
2860,CUST-02860,Lalita Saragih,Individual,Perempuan,081245292776,suryonokurnia@example.net,Malang,Jawa Timur,2025-09-20,1
2861,CUST-02861,Titi Thamrin,Bisnis,Perempuan,081254916572,usadasatya@example.net,Surabaya,Jawa Timur,2026-04-15,1
2862,CUST-02862,Artanto Sirait,Individual,Laki-laki,081266310804,edisonardianto@example.net,Yogyakarta,DI Yogyakarta,2026-03-30,1
2863,CUST-02863,Mariadi Rahimah,Individual,Laki-laki,081216142376,,Solo,Jawa Tengah,2026-01-08,1
2864,CUST-02864,"dr. Ghaliyati Pangestu, M.Pd",Individual,Laki-laki,081290777568,zuyainah@example.net,Solo,Jawa Tengah,2025-06-02,1
2865,CUST-02865,Abyasa Pangestu,Individual,Laki-laki,081239092323,kaniamandala@example.net,Bandung,Jawa Barat,2026-02-06,1
2866,CUST-02866,"Paulin Budiman, M.Kom.",Bisnis,Perempuan,081220294567,hnasyidah@example.net,Pekanbaru,Riau,2025-03-07,1
2867,CUST-02867,Eko Tampubolon,Individual,Perempuan,081285570510,ridwankuswoyo@example.com,Bekasi,Jawa Barat,2025-08-22,1
2868,CUST-02868,Lembah Wijayanti,Individual,Laki-laki,081248087526,ajimin16@example.org,Malang,Jawa Timur,2025-06-05,1
2869,CUST-02869,Yusuf Haryanto,Individual,Laki-laki,081216457092,prasetyorangga@example.com,Yogyakarta,DI Yogyakarta,2025-02-18,1
2870,CUST-02870,Labuh Laksita,Individual,Perempuan,081275430231,thandayani@example.net,Manado,Sulawesi Utara,2025-12-10,1
2871,CUST-02871,"Asman Latupono, M.Farm",Individual,Laki-laki,081276923198,wahyudingadang@example.org,Tangerang,Banten,2025-08-20,1
2872,CUST-02872,"Dr. Gambira Aryani, M.Farm",Korporat,Laki-laki,081215357750,cawisadisuartini@example.net,Banjarmasin,Kalimantan Selatan,2024-08-20,1
2873,CUST-02873,Zaenab Anggraini,Korporat,Laki-laki,081259855043,ratih46@example.org,Batam,Kepulauan Riau,2026-01-23,1
2874,CUST-02874,Pia Hidayanto,Bisnis,Perempuan,081220675789,opungmayasari@example.net,Pekanbaru,Riau,2025-01-12,1
2875,CUST-02875,Drs. Umaya Haryanti,Korporat,Laki-laki,081259803319,,Batam,Kepulauan Riau,2024-08-15,1
2876,CUST-02876,"H. Ajimat Zulaika, S.H.",Individual,Perempuan,081213533444,ramadandanu@example.net,Bekasi,Jawa Barat,2025-05-23,1
2877,CUST-02877,T. Kairav Gunarto,Individual,Laki-laki,081275146375,kawaya33@example.com,Banjarmasin,Kalimantan Selatan,2024-07-11,1
2878,CUST-02878,Dr. Emas Mayasari,Individual,Perempuan,081239007147,npratama@example.com,Jakarta Selatan,DKI Jakarta,2025-05-20,1
2879,CUST-02879,R. Almira Prasetyo,Individual,Laki-laki,081248153021,natalia78@example.com,Bekasi,Jawa Barat,2025-03-13,0
2880,CUST-02880,Jinawi Riyanti,Individual,Laki-laki,081210833566,radenrahmawati@example.net,Manado,Sulawesi Utara,2024-12-14,1
2881,CUST-02881,Ganda Zulkarnain,Individual,Laki-laki,081267284089,taufiksihombing@example.org,Malang,Jawa Timur,2026-04-09,1
2882,CUST-02882,Olga Mustofa,Individual,Laki-laki,081247906150,zwidiastuti@example.net,Manado,Sulawesi Utara,2024-11-25,1
2883,CUST-02883,Hamima Susanti,Korporat,Perempuan,081296956890,harjorahimah@example.net,Banjarmasin,Kalimantan Selatan,2025-11-15,1
2884,CUST-02884,"Prabowo Wacana, S.I.Kom",Korporat,Laki-laki,081272063369,ksalahudin@example.com,Padang,Sumatera Barat,2025-07-14,1
2885,CUST-02885,"Nurul Nababan, S.I.Kom",Korporat,Laki-laki,081213602021,aurora88@example.org,Batam,Kepulauan Riau,2024-08-20,1
2886,CUST-02886,"Cut Genta Suryatmi, S.Gz",Individual,Laki-laki,,ksiregar@example.net,Jakarta Pusat,DKI Jakarta,2024-12-30,0
2887,CUST-02887,Anggabaya Prasasta,Individual,Perempuan,081221057490,lembah92@example.com,Makassar,Sulawesi Selatan,2026-04-29,1
2888,CUST-02888,Eka Saefullah,Individual,Perempuan,081229210346,upik01@example.net,Denpasar,Bali,2024-07-04,1
2889,CUST-02889,"dr. Vanesa Sitorus, S.Gz",Individual,Perempuan,,gambira96@example.net,Surabaya,Jawa Timur,2024-12-16,1
2890,CUST-02890,"Devi Utami, S.IP",Korporat,Perempuan,081234008098,whakim@example.org,Solo,Jawa Tengah,2026-05-10,1
2891,CUST-02891,Kezia Hariyah,Individual,Laki-laki,081257887136,luismarpaung@example.org,Palembang,Sumatera Selatan,2025-11-16,1
2892,CUST-02892,Muni Tampubolon,Bisnis,Perempuan,081252871296,harjayalatupono@example.net,Jakarta Pusat,DKI Jakarta,2025-12-11,1
2893,CUST-02893,Arta Agustina,Individual,Perempuan,,hgunawan@example.com,Surabaya,Jawa Timur,2025-11-25,1
2894,CUST-02894,Puti Jelita Simbolon,Individual,Perempuan,081290031557,ikhsan07@example.net,Bekasi,Jawa Barat,2025-11-21,0
2895,CUST-02895,Ida Sudiati,Individual,Laki-laki,081256136364,liman53@example.net,Makassar,Sulawesi Selatan,2025-01-04,1
2896,CUST-02896,Wani Mansur,Individual,Perempuan,081291186675,dimashalim@example.net,Tangerang,Banten,2024-12-15,1
2897,CUST-02897,Liman Pudjiastuti,Individual,Laki-laki,081210016283,ejapermadi@example.net,Manado,Sulawesi Utara,2024-09-23,1
2898,CUST-02898,Aris Usamah,Bisnis,Laki-laki,081219828869,lailasaridarman@example.org,Jakarta Pusat,DKI Jakarta,2025-12-20,1
2899,CUST-02899,Sari Hariyah,Individual,Laki-laki,081292200661,znarpati@example.net,Batam,Kepulauan Riau,2025-06-01,1
2900,CUST-02900,Genta Sihombing,Korporat,Perempuan,081251785656,tirtayasamarpaung@example.com,Bekasi,Jawa Barat,2025-07-07,1
2901,CUST-02901,"Ilsa Agustina, S.Pt",Individual,Laki-laki,081296780172,ismail55@example.org,Tangerang,Banten,2026-03-12,1
2902,CUST-02902,Betania Pertiwi,Individual,Perempuan,081299753799,eko86@example.com,Palembang,Sumatera Selatan,2025-08-17,1
2903,CUST-02903,Karen Hidayanto,Bisnis,Laki-laki,,raditya32@example.org,Makassar,Sulawesi Selatan,2025-04-01,1
2904,CUST-02904,"drg. Ophelia Wulandari, S.Sos",Individual,Perempuan,,kartika30@example.org,Makassar,Sulawesi Selatan,2025-09-12,1
2905,CUST-02905,"H. Taufik Manullang, S.E.",Individual,Perempuan,081253835616,oktavianicemeti@example.com,Tangerang,Banten,2026-04-27,1
2906,CUST-02906,Agus Mandala,Individual,Perempuan,081225710086,pranawa91@example.net,Makassar,Sulawesi Selatan,2026-01-15,1
2907,CUST-02907,Rahmi Suryatmi,Korporat,Perempuan,081241411011,leo36@example.net,Jakarta Pusat,DKI Jakarta,2025-11-09,1
2908,CUST-02908,Iriana Tamba,Bisnis,Laki-laki,081220138995,anurdiyanti@example.org,Denpasar,Bali,2025-09-14,1
2909,CUST-02909,Genta Pradana,Individual,Perempuan,081292984508,paimanirawan@example.net,Palembang,Sumatera Selatan,2026-06-09,0
2910,CUST-02910,Paulin Winarsih,Bisnis,Laki-laki,081227404696,devisirait@example.net,Manado,Sulawesi Utara,2025-01-12,1
2911,CUST-02911,Queen Suartini,Individual,Laki-laki,081212381440,mahendrajarwi@example.org,Bandung,Jawa Barat,2026-03-22,1
2912,CUST-02912,"R. Bakijan Sihombing, S.T.",Bisnis,Perempuan,081227408056,saragihyuni@example.com,Yogyakarta,DI Yogyakarta,2024-11-15,1
2913,CUST-02913,Tgk. Simon Halim,Individual,Laki-laki,081211941190,jdamanik@example.com,Manado,Sulawesi Utara,2025-11-06,1
2914,CUST-02914,Mahfud Sirait,Bisnis,Laki-laki,081214863531,yono58@example.com,Padang,Sumatera Barat,2025-08-19,1
2915,CUST-02915,"Dr. Zalindra Habibi, M.Farm",Individual,Laki-laki,081285050314,wijayantioskar@example.net,Bekasi,Jawa Barat,2024-12-21,1
2916,CUST-02916,R. Silvia Handayani,Individual,Laki-laki,081230950671,asmadimangunsong@example.com,Solo,Jawa Tengah,2025-07-19,1
2917,CUST-02917,"Emin Maulana, M.TI.",Individual,Laki-laki,081298535645,limanfujiati@example.net,Medan,Sumatera Utara,2025-08-10,1
2918,CUST-02918,R. Jamil Maulana,Bisnis,Perempuan,081251024206,gabriella17@example.net,Padang,Sumatera Barat,2024-08-30,1
2919,CUST-02919,Margana Sihombing,Individual,Laki-laki,081239587168,gfujiati@example.com,Medan,Sumatera Utara,2025-09-13,1
2920,CUST-02920,Satya Haryanto,Bisnis,Perempuan,081240650397,qnajmudin@example.com,Makassar,Sulawesi Selatan,2025-11-17,1
2921,CUST-02921,Mahdi Mandala,Individual,Perempuan,081234224332,atma48@example.net,Manado,Sulawesi Utara,2025-10-13,1
2922,CUST-02922,Patricia Nuraini,Bisnis,Perempuan,081219055811,putuharyanto@example.com,Batam,Kepulauan Riau,2025-01-29,1
2923,CUST-02923,Yance Samosir,Individual,Laki-laki,081240905071,bancarzulkarnain@example.com,Solo,Jawa Tengah,2025-12-26,1
2924,CUST-02924,Karimah Prabowo,Individual,Laki-laki,081246277548,rpurwanti@example.net,Medan,Sumatera Utara,2025-09-10,1
2925,CUST-02925,"Edward Wulandari, S.Gz",Individual,Perempuan,081284906773,prayogaade@example.net,Jakarta Selatan,DKI Jakarta,2025-01-30,1
2926,CUST-02926,Ayu Rahimah,Individual,Perempuan,081229972034,salahudinnova@example.org,Batam,Kepulauan Riau,2025-02-11,1
2927,CUST-02927,"drg. Ifa Yuniar, S.IP",Individual,Perempuan,081236754283,jamil72@example.net,Padang,Sumatera Barat,2025-11-07,1
2928,CUST-02928,"Tgk. Gina Rahmawati, M.TI.",Individual,Laki-laki,081270115997,gsamosir@example.com,Tangerang,Banten,2025-12-01,1
2929,CUST-02929,Zamira Damanik,Individual,Perempuan,081219203842,ade49@example.net,Medan,Sumatera Utara,2024-12-02,1
2930,CUST-02930,Ilsa Handayani,Individual,Laki-laki,081232188388,paramitamegantara@example.org,Solo,Jawa Tengah,2025-08-22,1
2931,CUST-02931,"Tgk. Mila Sitorus, M.Pd",Individual,Laki-laki,,paimannababan@example.org,Surabaya,Jawa Timur,2025-08-19,1
2932,CUST-02932,Drs. Rina Januar,Individual,Perempuan,081211364519,ibrahim14@example.com,Pekanbaru,Riau,2026-01-04,1
2933,CUST-02933,Ibrani Saragih,Korporat,Perempuan,081280426977,lantar03@example.org,Solo,Jawa Tengah,2025-09-21,1
2934,CUST-02934,Warsita Suwarno,Individual,Laki-laki,081288894731,warjipudjiastuti@example.com,Palembang,Sumatera Selatan,2025-12-21,1
2935,CUST-02935,Akarsana Lazuardi,Bisnis,Perempuan,081268452190,fwinarsih@example.com,Makassar,Sulawesi Selatan,2025-05-06,1
2936,CUST-02936,Drs. Silvia Hakim,Bisnis,Laki-laki,081238519494,claksmiwati@example.org,Batam,Kepulauan Riau,2025-12-28,1
2937,CUST-02937,Bella Rahimah,Bisnis,Perempuan,081258690561,radit18@example.org,Solo,Jawa Tengah,2026-06-12,1
2938,CUST-02938,Faizah Pradana,Individual,Perempuan,081213783024,hairyantopratama@example.net,Jakarta Selatan,DKI Jakarta,2025-07-20,1
2939,CUST-02939,Agnes Hidayat,Individual,Laki-laki,081296186489,gangsa37@example.net,Palembang,Sumatera Selatan,2024-08-10,1
2940,CUST-02940,"H. Nyana Laksmiwati, S.Gz",Individual,Perempuan,081244557477,ira30@example.net,Padang,Sumatera Barat,2024-08-28,1
2941,CUST-02941,Nabila Nurdiyanti,Individual,Laki-laki,081237285028,bagyasaragih@example.net,Tangerang,Banten,2026-01-19,1
2942,CUST-02942,Maida Hutasoit,Korporat,Perempuan,,marpaungkacung@example.com,Manado,Sulawesi Utara,2025-05-03,1
2943,CUST-02943,Artanto Setiawan,Individual,Perempuan,081270058401,cakrabuana78@example.org,Medan,Sumatera Utara,2024-08-31,1
2944,CUST-02944,Najwa Wibisono,Individual,Laki-laki,081226377051,lpurwanti@example.com,Solo,Jawa Tengah,2025-10-16,1
2945,CUST-02945,Galur Nasyiah,Bisnis,Laki-laki,081217232640,nwasita@example.net,Yogyakarta,DI Yogyakarta,2026-06-11,1
2946,CUST-02946,Laras Prasasta,Individual,Laki-laki,081282629836,hputra@example.org,Jakarta Pusat,DKI Jakarta,2024-10-25,1
2947,CUST-02947,"Laila Rajasa, S.E.",Individual,Laki-laki,081247667698,edison47@example.net,Makassar,Sulawesi Selatan,2024-12-19,1
2948,CUST-02948,Puti Lintang Hidayat,Individual,Perempuan,081278874596,mlailasari@example.org,Solo,Jawa Tengah,2025-12-05,1
2949,CUST-02949,Dr. Okta Sihotang,Individual,Laki-laki,081283911910,csaragih@example.net,Banjarmasin,Kalimantan Selatan,2025-08-04,1
2950,CUST-02950,Jumadi Saefullah,Individual,Perempuan,081292818137,noktaviani@example.net,Jakarta Selatan,DKI Jakarta,2026-05-06,1
2951,CUST-02951,Jasmin Kuswandari,Individual,Laki-laki,081213313724,kalakuswandari@example.org,Jakarta Selatan,DKI Jakarta,2026-04-09,1
2952,CUST-02952,"Elvina Usamah, S.Farm",Individual,Perempuan,081284900502,ardiantoartawan@example.net,Yogyakarta,DI Yogyakarta,2025-12-09,1
2953,CUST-02953,Ellis Najmudin,Bisnis,Laki-laki,081279915238,yessi07@example.net,Surabaya,Jawa Timur,2024-12-03,1
2954,CUST-02954,"KH. Ajimin Wijayanti, M.TI.",Individual,Perempuan,081261322062,melanizahra@example.com,Padang,Sumatera Barat,2024-09-27,1
2955,CUST-02955,Eli Prabowo,Individual,Perempuan,081249437154,shalimah@example.com,Banjarmasin,Kalimantan Selatan,2025-02-26,1
2956,CUST-02956,"Umi Nainggolan, M.TI.",Individual,Laki-laki,081267159386,kuswoyotami@example.net,Pekanbaru,Riau,2024-07-11,1
2957,CUST-02957,Aris Pertiwi,Individual,Laki-laki,081241026705,firmansyahbakda@example.net,Surabaya,Jawa Timur,2025-09-18,1
2958,CUST-02958,Febi Prakasa,Bisnis,Perempuan,081275074554,butama@example.com,Padang,Sumatera Barat,2025-11-26,1
2959,CUST-02959,Jayeng Marpaung,Bisnis,Laki-laki,,wira09@example.com,Pekanbaru,Riau,2025-03-23,1
2960,CUST-02960,T. Mahdi Irawan,Individual,Perempuan,081249026309,musada@example.net,Medan,Sumatera Utara,2025-02-12,1
2961,CUST-02961,Salwa Wulandari,Bisnis,Perempuan,081215794849,cemanizulaika@example.com,Tangerang,Banten,2025-04-21,1
2962,CUST-02962,Tgk. Balapati Wahyuni,Individual,Laki-laki,081248898281,jatmikomaulana@example.com,Palembang,Sumatera Selatan,2025-08-05,0
2963,CUST-02963,Lembah Najmudin,Individual,Laki-laki,081221854132,dalima02@example.net,Bekasi,Jawa Barat,2026-03-03,1
2964,CUST-02964,Zelda Hutagalung,Bisnis,Perempuan,081288565594,suwarnoyance@example.org,Balikpapan,Kalimantan Timur,2024-10-23,1
2965,CUST-02965,Hartaka Wulandari,Individual,Laki-laki,081263443434,hakimgina@example.org,Pekanbaru,Riau,2024-10-30,0
2966,CUST-02966,Novi Hakim,Individual,Laki-laki,081262106684,,Bekasi,Jawa Barat,2024-07-28,1
2967,CUST-02967,KH. Kunthara Hakim,Individual,Laki-laki,081228083687,jasmanisimbolon@example.com,Manado,Sulawesi Utara,2026-05-19,1
2968,CUST-02968,Darimin Halimah,Bisnis,Perempuan,081299571711,yahyamulyani@example.com,Semarang,Jawa Tengah,2026-02-07,1
2969,CUST-02969,"drg. Kamaria Prastuti, S.Pd",Bisnis,Laki-laki,,raharja93@example.org,Balikpapan,Kalimantan Timur,2024-08-29,1
2970,CUST-02970,Galak Kusumo,Individual,Laki-laki,081261371845,cakrawala77@example.com,Bandung,Jawa Barat,2024-12-09,1
2971,CUST-02971,Zulfa Dongoran,Individual,Perempuan,081256865033,andrianibudi@example.org,Semarang,Jawa Tengah,2026-03-07,1
2972,CUST-02972,"R. Kadir Lazuardi, S.IP",Individual,Laki-laki,081225643105,pradanacapa@example.org,Batam,Kepulauan Riau,2025-07-19,1
2973,CUST-02973,Timbul Manullang,Individual,Laki-laki,081258654697,jagustina@example.net,Padang,Sumatera Barat,2026-03-17,1
2974,CUST-02974,"Raihan Suryatmi, S.I.Kom",Individual,Laki-laki,081291451019,abyasagunarto@example.org,Bandung,Jawa Barat,2025-08-23,1
2975,CUST-02975,Yani Pradipta,Individual,Perempuan,081237748131,dabukkekania@example.org,Pekanbaru,Riau,2025-04-25,1
2976,CUST-02976,"R.A. Samiah Saefullah, S.E.I",Individual,Laki-laki,081222474146,leo16@example.com,Banjarmasin,Kalimantan Selatan,2024-08-12,1
2977,CUST-02977,Lembah Prasetya,Individual,Perempuan,081260131211,kagustina@example.org,Tangerang,Banten,2025-05-25,1
2978,CUST-02978,Kawaya Susanti,Individual,Perempuan,081244757438,putragarda@example.org,Surabaya,Jawa Timur,2025-06-19,1
2979,CUST-02979,"R.A. Yessi Anggraini, S.Psi",Bisnis,Laki-laki,081263702104,srahmawati@example.com,Semarang,Jawa Tengah,2025-06-19,1
2980,CUST-02980,Puti Mutia Napitupulu,Individual,Perempuan,081240134183,ikin66@example.org,Surabaya,Jawa Timur,2024-12-24,1
2981,CUST-02981,Zamira Kusmawati,Individual,Laki-laki,081265155785,,Denpasar,Bali,2025-03-17,1
2982,CUST-02982,Malika Budiman,Individual,Laki-laki,081235766387,tasnim72@example.com,Semarang,Jawa Tengah,2025-08-25,1
2983,CUST-02983,Pranawa Waskita,Individual,Perempuan,081252443195,wijayadirja@example.com,Jakarta Pusat,DKI Jakarta,2024-12-21,1
2984,CUST-02984,"Ir. Ratih Siregar, M.Kom.",Individual,Laki-laki,081296428620,clarasantoso@example.net,Banjarmasin,Kalimantan Selatan,2025-07-22,1
2985,CUST-02985,Tgk. Eka Saragih,Bisnis,Perempuan,081213140757,widiastutitania@example.org,Pekanbaru,Riau,2025-10-10,1
2986,CUST-02986,Putri Simanjuntak,Individual,Laki-laki,081278978442,siregarwahyu@example.net,Banjarmasin,Kalimantan Selatan,2026-06-04,1
2987,CUST-02987,"Drs. Vera Januar, M.Farm",Individual,Perempuan,081223115715,puspasarinajam@example.com,Denpasar,Bali,2024-09-03,1
2988,CUST-02988,Aslijan Waluyo,Individual,Perempuan,081283000949,maman32@example.org,Jakarta Pusat,DKI Jakarta,2026-06-07,1
2989,CUST-02989,R.M. Timbul Zulaika,Bisnis,Perempuan,081259841150,kaniatarihoran@example.org,Manado,Sulawesi Utara,2025-07-07,1
2990,CUST-02990,Nugraha Mahendra,Korporat,Laki-laki,081286026316,hastasaragih@example.net,Makassar,Sulawesi Selatan,2025-08-21,1
2991,CUST-02991,Anom Kusmawati,Individual,Perempuan,081232084631,jsihotang@example.org,Manado,Sulawesi Utara,2024-09-23,1
2992,CUST-02992,Martani Waskita,Individual,Perempuan,081277829122,jonokurniawan@example.com,Semarang,Jawa Tengah,2025-09-29,1
2993,CUST-02993,Ika Hartati,Individual,Perempuan,,zaenab91@example.org,Semarang,Jawa Tengah,2025-06-20,1
2994,CUST-02994,Praba Aryani,Individual,Perempuan,081234965845,ulya05@example.com,Tangerang,Banten,2025-03-19,1
2995,CUST-02995,Kenes Mahendra,Bisnis,Perempuan,081260818369,kusuma67@example.net,Bekasi,Jawa Barat,2026-01-31,1
2996,CUST-02996,"Ghaliyati Uyainah, S.E.I",Individual,Laki-laki,081219387490,pradiptadalima@example.org,Banjarmasin,Kalimantan Selatan,2025-05-08,1
2997,CUST-02997,"R. Galur Hidayanto, M.M.",Bisnis,Perempuan,081211258818,ilsa73@example.net,Makassar,Sulawesi Selatan,2025-04-08,1
2998,CUST-02998,"KH. Nardi Simbolon, M.M.",Individual,Perempuan,081245382163,anggriawanvino@example.org,Manado,Sulawesi Utara,2025-06-28,1
2999,CUST-02999,Mala Wibisono,Individual,Perempuan,081254442469,hardanaagustina@example.com,Palembang,Sumatera Selatan,2026-06-07,1
3000,CUST-03000,Ayu Mulyani,Individual,Laki-laki,081272278923,wardiwulandari@example.com,Palembang,Sumatera Selatan,2025-05-09,1
3001,CUST-03001,Ratih Winarno,Individual,Perempuan,081270346006,djailani@example.org,Balikpapan,Kalimantan Timur,2026-04-19,1
3002,CUST-03002,Waluyo Kurniawan,Bisnis,Perempuan,081210514475,hutapeaimam@example.net,Semarang,Jawa Tengah,2024-06-22,1
3003,CUST-03003,Iriana Januar,Individual,Laki-laki,081243127858,kamilapuspasari@example.org,Palembang,Sumatera Selatan,2025-04-19,0
3004,CUST-03004,"Violet Sinaga, S.Pd",Individual,Perempuan,081218563383,jessicawibisono@example.com,Banjarmasin,Kalimantan Selatan,2025-12-20,1
3005,CUST-03005,R. Ajiman Prasasta,Individual,Laki-laki,081248664907,danangmandasari@example.org,Solo,Jawa Tengah,2024-08-07,1
3006,CUST-03006,Hendri Kurniawan,Korporat,Laki-laki,081284067548,jatmiko61@example.org,Medan,Sumatera Utara,2026-03-12,1
3007,CUST-03007,"Uli Suryatmi, S.Ked",Bisnis,Laki-laki,081271942530,,Padang,Sumatera Barat,2024-10-15,1
3008,CUST-03008,Sadina Siregar,Individual,Laki-laki,081235315298,tasnim09@example.net,Manado,Sulawesi Utara,2026-01-10,1
3009,CUST-03009,Restu Napitupulu,Individual,Perempuan,081277910874,kuswoyoviolet@example.org,Palembang,Sumatera Selatan,2025-02-09,1
3010,CUST-03010,Wakiman Latupono,Individual,Perempuan,081268551048,,Padang,Sumatera Barat,2025-02-10,1
3011,CUST-03011,Ida Januar,Individual,Laki-laki,081230583586,karimansuryatmi@example.org,Medan,Sumatera Utara,2025-10-06,1
3012,CUST-03012,"Zelda Hastuti, M.Ak",Individual,Perempuan,081244853352,hastutisyahrini@example.org,Medan,Sumatera Utara,2024-12-01,1
3013,CUST-03013,drg. Opan Puspasari,Individual,Perempuan,081251828326,kawaya84@example.com,Surabaya,Jawa Timur,2024-12-27,1
3014,CUST-03014,Vera Suryono,Individual,Laki-laki,,teguh91@example.com,Yogyakarta,DI Yogyakarta,2025-09-05,1
3015,CUST-03015,Humaira Rahayu,Individual,Perempuan,081264163867,malik16@example.net,Surabaya,Jawa Timur,2025-06-10,1
3016,CUST-03016,Prayitna Widodo,Korporat,Laki-laki,081255768569,,Yogyakarta,DI Yogyakarta,2026-01-02,1
3017,CUST-03017,Puti Hesti Usada,Individual,Perempuan,081259545809,mujurrajasa@example.net,Jakarta Pusat,DKI Jakarta,2024-12-22,1
3018,CUST-03018,Drs. Hani Uyainah,Individual,Laki-laki,081213207285,perkasanashiruddin@example.net,Batam,Kepulauan Riau,2025-07-31,1
3019,CUST-03019,Karya Siregar,Korporat,Perempuan,081293901191,harimurtiwasita@example.net,Yogyakarta,DI Yogyakarta,2024-09-01,1
3020,CUST-03020,Harsana Susanti,Individual,Laki-laki,081259879502,kuswandaribakianto@example.org,Surabaya,Jawa Timur,2026-03-31,1
3021,CUST-03021,"Estiawan Fujiati, S.I.Kom",Individual,Perempuan,,lnurdiyanti@example.org,Malang,Jawa Timur,2024-11-11,0
3022,CUST-03022,Putri Kuswoyo,Bisnis,Perempuan,081234270878,luhungtampubolon@example.org,Denpasar,Bali,2025-08-10,1
3023,CUST-03023,Lili Tampubolon,Korporat,Laki-laki,081267742239,wibowojessica@example.org,Palembang,Sumatera Selatan,2025-12-16,1
3024,CUST-03024,Gilda Kusmawati,Individual,Laki-laki,081277558498,dimaz78@example.net,Padang,Sumatera Barat,2024-08-04,1
3025,CUST-03025,Joko Maryati,Individual,Laki-laki,081234611841,kenzie41@example.com,Batam,Kepulauan Riau,2025-06-18,1
3026,CUST-03026,"Ian Mandasari, M.TI.",Individual,Laki-laki,081261573986,sidiq30@example.org,Padang,Sumatera Barat,2025-08-28,1
3027,CUST-03027,Dinda Kusumo,Individual,Laki-laki,081219419331,candra55@example.net,Tangerang,Banten,2024-11-10,1
3028,CUST-03028,"Ir. Damar Firgantoro, M.Farm",Individual,Laki-laki,081266434998,,Jakarta Selatan,DKI Jakarta,2024-08-03,1
3029,CUST-03029,Ikhsan Hastuti,Individual,Laki-laki,081280562019,novitasarigaliono@example.org,Jakarta Pusat,DKI Jakarta,2024-08-11,1
3030,CUST-03030,Tantri Gunarto,Individual,Laki-laki,081242769259,firmansyahmuhammad@example.org,Semarang,Jawa Tengah,2024-08-13,1
3031,CUST-03031,Karsa Wulandari,Individual,Laki-laki,081225819371,cayadi24@example.org,Pekanbaru,Riau,2025-01-03,1
3032,CUST-03032,"dr. Vanesa Ramadan, S.Sos",Individual,Perempuan,081264194260,marganatamba@example.org,Bandung,Jawa Barat,2026-04-17,1
3033,CUST-03033,"Lutfan Siregar, M.Ak",Individual,Perempuan,081249155523,tasnimhassanah@example.org,Palembang,Sumatera Selatan,2025-10-04,1
3034,CUST-03034,"Garan Riyanti, S.Pt",Individual,Perempuan,081289206656,mangunsongusman@example.org,Manado,Sulawesi Utara,2025-02-13,1
3035,CUST-03035,R.A. Wulan Narpati,Individual,Laki-laki,081279275866,eka43@example.com,Batam,Kepulauan Riau,2025-12-19,1
3036,CUST-03036,Puspa Andriani,Individual,Perempuan,081284511582,,Semarang,Jawa Tengah,2024-09-09,1
3037,CUST-03037,Pangestu Mangunsong,Bisnis,Laki-laki,081262727127,,Medan,Sumatera Utara,2026-05-20,1
3038,CUST-03038,"Drs. Ella Sinaga, S.T.",Bisnis,Perempuan,081276389606,,Malang,Jawa Timur,2025-01-19,1
3039,CUST-03039,"Tgk. Winda Haryanto, S.I.Kom",Bisnis,Laki-laki,081219146052,kajenagustina@example.com,Jakarta Selatan,DKI Jakarta,2025-02-16,1
3040,CUST-03040,Keisha Hartati,Individual,Laki-laki,081295980997,nadine83@example.com,Manado,Sulawesi Utara,2025-02-01,1
3041,CUST-03041,Damu Nugroho,Individual,Perempuan,081241865222,zalindra83@example.org,Banjarmasin,Kalimantan Selatan,2024-09-03,1
3042,CUST-03042,R. Raditya Napitupulu,Individual,Perempuan,081257937369,andrianisafina@example.org,Banjarmasin,Kalimantan Selatan,2024-10-13,1
3043,CUST-03043,KH. Adika Putra,Individual,Perempuan,,napitupulugalar@example.net,Medan,Sumatera Utara,2025-08-10,1
3044,CUST-03044,Jane Mayasari,Individual,Laki-laki,081264447810,gsihombing@example.net,Manado,Sulawesi Utara,2026-03-22,1
3045,CUST-03045,Cahya Gunawan,Individual,Perempuan,081240273525,prasastamumpuni@example.net,Surabaya,Jawa Timur,2024-12-05,1
3046,CUST-03046,Lalita Kuswandari,Individual,Perempuan,081242799622,maryanto69@example.com,Surabaya,Jawa Timur,2025-07-07,1
3047,CUST-03047,Lalita Pranowo,Individual,Laki-laki,081291324506,ysitumorang@example.com,Banjarmasin,Kalimantan Selatan,2025-12-17,1
3048,CUST-03048,"Asmianto Tarihoran, M.Kom.",Individual,Perempuan,081235349981,rsamosir@example.com,Palembang,Sumatera Selatan,2026-05-03,1
3049,CUST-03049,Maman Laksmiwati,Individual,Perempuan,081228332588,galionohasanah@example.org,Palembang,Sumatera Selatan,2024-09-28,1
3050,CUST-03050,Jatmiko Sitorus,Individual,Laki-laki,081248583713,,Manado,Sulawesi Utara,2026-03-06,1
3051,CUST-03051,"Narji Simanjuntak, S.Pd",Bisnis,Laki-laki,081212658134,upermadi@example.net,Malang,Jawa Timur,2026-01-31,1
3052,CUST-03052,R. Fathonah Putra,Individual,Perempuan,081224561380,samiah57@example.org,Jakarta Selatan,DKI Jakarta,2026-02-01,1
3053,CUST-03053,"Ir. Elvina Lestari, S.Gz",Individual,Perempuan,081221645574,kuswoyonardi@example.org,Tangerang,Banten,2026-03-28,1
3054,CUST-03054,Puti Kania Pratiwi,Korporat,Perempuan,081248822335,narpatisaka@example.org,Batam,Kepulauan Riau,2024-12-03,1
3055,CUST-03055,Gatra Waskita,Individual,Perempuan,081222365486,,Bekasi,Jawa Barat,2024-08-26,1
3056,CUST-03056,"Patricia Maheswara, M.Ak",Korporat,Perempuan,081212512093,,Makassar,Sulawesi Selatan,2026-02-03,1
3057,CUST-03057,Yessi Setiawan,Individual,Laki-laki,081270813261,mahmudramadan@example.org,Jakarta Selatan,DKI Jakarta,2026-03-30,1
3058,CUST-03058,Genta Mayasari,Individual,Perempuan,081255946500,evapratama@example.net,Surabaya,Jawa Timur,2025-10-24,1
3059,CUST-03059,Darman Adriansyah,Bisnis,Perempuan,081270324745,sudiativivi@example.net,Palembang,Sumatera Selatan,2025-07-15,1
3060,CUST-03060,Dalima Wahyudin,Bisnis,Laki-laki,081292965339,zeldasimbolon@example.org,Bandung,Jawa Barat,2026-04-20,1
3061,CUST-03061,Jamalia Simbolon,Individual,Perempuan,081215616257,saputrateddy@example.com,Padang,Sumatera Barat,2025-10-30,1
3062,CUST-03062,Ana Rajasa,Individual,Laki-laki,081212200897,talialestari@example.net,Denpasar,Bali,2025-05-21,1
3063,CUST-03063,Viman Nababan,Individual,Laki-laki,081257965219,vimanmulyani@example.net,Manado,Sulawesi Utara,2025-06-25,1
3064,CUST-03064,Hani Kuswoyo,Individual,Perempuan,081293086744,maryadifathonah@example.net,Palembang,Sumatera Selatan,2025-05-31,1
3065,CUST-03065,"drg. Ade Wahyuni, S.Pt",Individual,Perempuan,081261423612,gpermadi@example.org,Manado,Sulawesi Utara,2025-11-17,1
3066,CUST-03066,Ratna Halim,Bisnis,Perempuan,081232726427,ekapradana@example.org,Batam,Kepulauan Riau,2025-12-05,1
3067,CUST-03067,Najwa Oktaviani,Bisnis,Laki-laki,081270750592,znamaga@example.org,Bandung,Jawa Barat,2026-02-03,1
3068,CUST-03068,"Tgk. Karya Latupono, S.Pt",Individual,Laki-laki,081260631591,butami@example.org,Palembang,Sumatera Selatan,2025-02-15,1
3069,CUST-03069,Ratih Megantara,Individual,Perempuan,081243872770,rhutagalung@example.org,Manado,Sulawesi Utara,2026-01-29,1
3070,CUST-03070,"T. Saiful Tamba, M.TI.",Individual,Laki-laki,081265986842,bakiono25@example.net,Manado,Sulawesi Utara,2024-12-23,1
3071,CUST-03071,"H. Purwadi Natsir, M.TI.",Korporat,Perempuan,081234530679,kajenkuswoyo@example.org,Yogyakarta,DI Yogyakarta,2024-11-24,1
3072,CUST-03072,"Ajeng Prasetya, S.Pt",Individual,Laki-laki,081238850611,bala24@example.org,Jakarta Selatan,DKI Jakarta,2026-03-20,1
3073,CUST-03073,"Kamila Najmudin, S.Farm",Individual,Laki-laki,081292206742,xhutasoit@example.com,Batam,Kepulauan Riau,2025-06-05,1
3074,CUST-03074,"Elma Nugroho, S.Sos",Individual,Laki-laki,081270198192,rizkidongoran@example.net,Bandung,Jawa Barat,2026-05-25,1
3075,CUST-03075,"Dr. Bagiya Kusumo, S.Gz",Individual,Laki-laki,081244304248,jane41@example.com,Pekanbaru,Riau,2025-09-22,1
3076,CUST-03076,"Intan Jailani, S.IP",Individual,Perempuan,081274774813,mmardhiyah@example.org,Medan,Sumatera Utara,2025-08-23,1
3077,CUST-03077,Tiara Nugroho,Individual,Laki-laki,081236758234,gamani65@example.org,Banjarmasin,Kalimantan Selatan,2026-02-03,1
3078,CUST-03078,Ozy Sitorus,Individual,Laki-laki,081267121398,puputsuryono@example.org,Makassar,Sulawesi Selatan,2024-08-18,1
3079,CUST-03079,"Putri Nasyidah, M.M.",Bisnis,Laki-laki,081276201947,pradiptaelma@example.org,Banjarmasin,Kalimantan Selatan,2024-12-09,1
3080,CUST-03080,"Cut Sarah Mulyani, S.Kom",Korporat,Perempuan,081275017500,asmadi61@example.org,Bekasi,Jawa Barat,2025-05-03,1
3081,CUST-03081,Vinsen Lailasari,Bisnis,Laki-laki,081224911542,,Tangerang,Banten,2024-10-23,1
3082,CUST-03082,Rika Najmudin,Bisnis,Laki-laki,081267529291,,Yogyakarta,DI Yogyakarta,2025-05-30,1
3083,CUST-03083,Capa Prasasta,Individual,Laki-laki,081282293328,tmayasari@example.org,Bekasi,Jawa Barat,2025-01-20,1
3084,CUST-03084,Alambana Purwanti,Individual,Perempuan,081241647008,qastuti@example.com,Pekanbaru,Riau,2024-09-21,1
3085,CUST-03085,Warsita Prakasa,Individual,Laki-laki,081240856800,safitrimakuta@example.net,Solo,Jawa Tengah,2025-12-26,1
3086,CUST-03086,Erik Budiyanto,Individual,Laki-laki,081239202060,zhutagalung@example.org,Denpasar,Bali,2025-07-19,1
3087,CUST-03087,R.A. Zizi Situmorang,Bisnis,Laki-laki,081215282429,lprasasta@example.org,Tangerang,Banten,2026-02-22,1
3088,CUST-03088,Putri Mansur,Individual,Perempuan,081243501671,yriyanti@example.org,Bekasi,Jawa Barat,2025-02-26,1
3089,CUST-03089,KH. Hartaka Hutapea,Bisnis,Perempuan,081263059499,adiarja87@example.org,Pekanbaru,Riau,2024-12-05,1
3090,CUST-03090,Dewi Mardhiyah,Individual,Laki-laki,081233681777,suryatmiputri@example.org,Jakarta Selatan,DKI Jakarta,2025-03-12,1
3091,CUST-03091,"Zelaya Mayasari, S.Pt",Individual,Laki-laki,081249631607,zelayasitorus@example.org,Jakarta Pusat,DKI Jakarta,2026-05-22,1
3092,CUST-03092,Kayun Rajata,Individual,Perempuan,081292803646,zulkarnainyunita@example.com,Manado,Sulawesi Utara,2026-06-15,1
3093,CUST-03093,Garan Susanti,Individual,Perempuan,081268238316,manullangsabar@example.net,Banjarmasin,Kalimantan Selatan,2024-07-30,1
3094,CUST-03094,Rini Andriani,Individual,Perempuan,,hsantoso@example.org,Jakarta Selatan,DKI Jakarta,2025-03-01,1
3095,CUST-03095,Tari Lestari,Individual,Laki-laki,081229782318,nyoman24@example.org,Jakarta Selatan,DKI Jakarta,2025-01-15,1
3096,CUST-03096,Ajeng Maryadi,Individual,Laki-laki,081221882163,oyolanda@example.net,Solo,Jawa Tengah,2025-02-04,1
3097,CUST-03097,"Salwa Utami, M.Farm",Individual,Perempuan,081263876528,bnovitasari@example.net,Semarang,Jawa Tengah,2025-10-29,0
3098,CUST-03098,Aditya Wulandari,Individual,Laki-laki,081242749312,vicky34@example.net,Solo,Jawa Tengah,2026-03-18,1
3099,CUST-03099,Cinthia Rahayu,Bisnis,Laki-laki,081274477271,kasimpurwanti@example.net,Manado,Sulawesi Utara,2024-09-20,1
3100,CUST-03100,Banara Permata,Individual,Perempuan,081238244298,,Balikpapan,Kalimantan Timur,2026-04-09,1
3101,CUST-03101,Kani Yolanda,Individual,Laki-laki,081262688062,qmelani@example.com,Solo,Jawa Tengah,2025-10-26,1
3102,CUST-03102,"Jono Lailasari, S.Farm",Korporat,Perempuan,081280789240,ylailasari@example.net,Medan,Sumatera Utara,2025-10-11,1
3103,CUST-03103,Lurhur Nugroho,Individual,Perempuan,,saefullahomar@example.com,Malang,Jawa Timur,2025-10-30,1
3104,CUST-03104,Hj. Tami Widodo,Individual,Perempuan,081288225941,oni83@example.net,Batam,Kepulauan Riau,2025-10-04,1
3105,CUST-03105,Eka Situmorang,Individual,Perempuan,081267343933,jhartati@example.net,Bandung,Jawa Barat,2025-12-24,1
3106,CUST-03106,Luhung Nainggolan,Individual,Laki-laki,081247378179,firgantoroqueen@example.com,Solo,Jawa Tengah,2026-05-29,0
3107,CUST-03107,"drg. Vera Pertiwi, M.Farm",Individual,Perempuan,081262125529,,Pekanbaru,Riau,2025-07-18,1
3108,CUST-03108,Aditya Firmansyah,Individual,Laki-laki,081213355850,kairav78@example.com,Tangerang,Banten,2025-04-01,1
3109,CUST-03109,Belinda Sinaga,Individual,Perempuan,081255972088,jumarikusmawati@example.com,Jakarta Pusat,DKI Jakarta,2025-08-03,1
3110,CUST-03110,Oni Megantara,Individual,Perempuan,,dasanashiruddin@example.com,Medan,Sumatera Utara,2024-12-31,1
3111,CUST-03111,Padma Namaga,Individual,Laki-laki,,septiastuti@example.com,Manado,Sulawesi Utara,2024-09-26,1
3112,CUST-03112,Jane Mardhiyah,Individual,Perempuan,081260249616,hassanahfathonah@example.net,Denpasar,Bali,2025-09-01,1
3113,CUST-03113,Putri Rahayu,Bisnis,Perempuan,081270131147,legawakuswoyo@example.net,Banjarmasin,Kalimantan Selatan,2025-05-05,1
3114,CUST-03114,Ulya Gunawan,Bisnis,Laki-laki,081267913303,tariutama@example.net,Bekasi,Jawa Barat,2026-03-16,1
3115,CUST-03115,Prabawa Hidayat,Individual,Laki-laki,081250885312,arsipatrapuspasari@example.net,Pekanbaru,Riau,2025-03-30,1
3116,CUST-03116,Sutan Saadat Thamrin,Individual,Laki-laki,081239042904,karimahbudiman@example.net,Jakarta Selatan,DKI Jakarta,2025-08-30,1
3117,CUST-03117,Umaya Andriani,Korporat,Perempuan,081237995143,cawuk52@example.net,Solo,Jawa Tengah,2025-05-24,1
3118,CUST-03118,"Banawa Prasasta, S.Sos",Individual,Perempuan,081243236849,paulinmulyani@example.net,Batam,Kepulauan Riau,2026-03-02,1
3119,CUST-03119,"dr. Amelia Napitupulu, S.Psi",Individual,Laki-laki,081265175071,xfirgantoro@example.net,Balikpapan,Kalimantan Timur,2026-01-05,1
3120,CUST-03120,"H. Kasim Pradana, S.I.Kom",Korporat,Laki-laki,081236482378,humaira80@example.net,Balikpapan,Kalimantan Timur,2026-05-07,1
3121,CUST-03121,"Rahmat Rahimah, S.Farm",Individual,Perempuan,081229278022,salimahsantoso@example.net,Batam,Kepulauan Riau,2026-01-13,1
3122,CUST-03122,Cemeti Prabowo,Individual,Laki-laki,081284494691,kiandrajailani@example.com,Denpasar,Bali,2026-02-01,1
3123,CUST-03123,"Cut Vivi Suryono, S.Pt",Bisnis,Perempuan,081244528547,,Malang,Jawa Timur,2024-11-17,1
3124,CUST-03124,Endah Pudjiastuti,Individual,Perempuan,081289637645,agus02@example.net,Solo,Jawa Tengah,2024-09-08,1
3125,CUST-03125,Elisa Maheswara,Individual,Perempuan,081245790261,nadine17@example.net,Palembang,Sumatera Selatan,2024-08-09,1
3126,CUST-03126,Adinata Winarno,Individual,Perempuan,081242883942,cinta07@example.com,Pekanbaru,Riau,2024-07-25,1
3127,CUST-03127,"Cut Michelle Andriani, S.Sos",Bisnis,Laki-laki,081249901065,darimin04@example.net,Pekanbaru,Riau,2026-01-26,1
3128,CUST-03128,"Humaira Aryani, S.Pt",Individual,Laki-laki,081225016420,,Bekasi,Jawa Barat,2024-08-16,1
3129,CUST-03129,Ridwan Aryani,Individual,Perempuan,081288516068,mharyanto@example.com,Malang,Jawa Timur,2025-11-15,1
3130,CUST-03130,Salsabila Januar,Bisnis,Perempuan,081299422654,ajimanandriani@example.net,Yogyakarta,DI Yogyakarta,2024-10-05,0
3131,CUST-03131,"Citra Lailasari, S.Ked",Individual,Laki-laki,081269357212,,Balikpapan,Kalimantan Timur,2025-02-05,1
3132,CUST-03132,"Tgk. Dalima Budiyanto, S.Kom",Individual,Perempuan,081255726143,amaryadi@example.net,Banjarmasin,Kalimantan Selatan,2025-08-22,1
3133,CUST-03133,Hafshah Irawan,Individual,Perempuan,081265366809,,Surabaya,Jawa Timur,2025-02-07,1
3134,CUST-03134,Tgk. Amalia Kusmawati,Korporat,Laki-laki,081230776390,jumadi48@example.org,Bandung,Jawa Barat,2026-01-13,1
3135,CUST-03135,"Dr. Saadat Purwanti, S.Psi",Individual,Perempuan,081271581618,santosopurwadi@example.net,Balikpapan,Kalimantan Timur,2024-11-03,1
3136,CUST-03136,Warsa Setiawan,Individual,Laki-laki,081282772884,lailasarijayeng@example.com,Malang,Jawa Timur,2025-01-09,1
3137,CUST-03137,Zalindra Wahyuni,Bisnis,Perempuan,081216525683,,Malang,Jawa Timur,2024-09-08,1
3138,CUST-03138,Clara Waluyo,Korporat,Laki-laki,081257077320,winarsihumay@example.com,Yogyakarta,DI Yogyakarta,2026-05-21,1
3139,CUST-03139,"Dr. Dalimin Widiastuti, S.Psi",Bisnis,Laki-laki,081279071319,,Banjarmasin,Kalimantan Selatan,2026-04-14,1
3140,CUST-03140,Eluh Mandala,Individual,Laki-laki,081211496847,csihotang@example.org,Malang,Jawa Timur,2024-12-11,1
3141,CUST-03141,Ir. Sakura Permata,Individual,Laki-laki,081251295815,twijaya@example.net,Bandung,Jawa Barat,2025-11-16,1
3142,CUST-03142,"Keisha Hardiansyah, S.I.Kom",Individual,Laki-laki,081224233989,ganggraini@example.net,Solo,Jawa Tengah,2025-04-01,1
3143,CUST-03143,Gatot Winarsih,Individual,Laki-laki,081234884607,vinsen32@example.org,Medan,Sumatera Utara,2024-07-09,1
3144,CUST-03144,"Tgk. Yono Kurniawan, S.Pt",Bisnis,Laki-laki,081226102137,kuntharawidiastuti@example.com,Padang,Sumatera Barat,2025-11-17,1
3145,CUST-03145,Dt. Raharja Sirait,Individual,Laki-laki,081236057386,ilyaspertiwi@example.com,Palembang,Sumatera Selatan,2025-10-11,1
3146,CUST-03146,"Balidin Wibowo, S.Psi",Individual,Perempuan,081248093285,elisazulaika@example.net,Malang,Jawa Timur,2025-04-30,1
3147,CUST-03147,Carub Anggriawan,Korporat,Perempuan,081265050430,qnatsir@example.org,Denpasar,Bali,2025-06-14,1
3148,CUST-03148,Tgk. Zelaya Lestari,Individual,Laki-laki,081231867081,safitribagya@example.net,Malang,Jawa Timur,2024-10-11,1
3149,CUST-03149,Cengkal Purwanti,Korporat,Perempuan,081221239678,,Padang,Sumatera Barat,2025-02-07,1
3150,CUST-03150,Najwa Napitupulu,Individual,Laki-laki,081255068277,winarsihdodo@example.com,Balikpapan,Kalimantan Timur,2025-08-14,1
3151,CUST-03151,H. Wira Maryati,Individual,Perempuan,081229336572,tambapangeran@example.com,Jakarta Selatan,DKI Jakarta,2025-07-24,1
3152,CUST-03152,Kenzie Mangunsong,Korporat,Perempuan,081261637622,candramahendra@example.com,Solo,Jawa Tengah,2026-01-13,1
3153,CUST-03153,"Jaya Simanjuntak, M.Ak",Individual,Perempuan,081239322232,ardiantoprayogo@example.com,Pekanbaru,Riau,2026-04-09,1
3154,CUST-03154,Ir. Victoria Hakim,Bisnis,Laki-laki,081269856895,wijayaozy@example.net,Bekasi,Jawa Barat,2025-03-21,1
3155,CUST-03155,Lintang Nurdiyanti,Individual,Perempuan,081212873985,sabrina01@example.net,Tangerang,Banten,2024-12-21,1
3156,CUST-03156,Paramita Maheswara,Individual,Laki-laki,081285226029,,Pekanbaru,Riau,2025-12-23,1
3157,CUST-03157,Asmadi Dabukke,Individual,Laki-laki,081242306701,luwarkuswandari@example.net,Solo,Jawa Tengah,2025-10-08,1
3158,CUST-03158,Icha Wastuti,Individual,Laki-laki,081258451829,bakijansuryono@example.net,Balikpapan,Kalimantan Timur,2026-01-14,1
3159,CUST-03159,Drs. Tasnim Purnawati,Individual,Laki-laki,081234175214,sihombingadikara@example.net,Pekanbaru,Riau,2026-01-13,1
3160,CUST-03160,"Galak Maryati, S.Pt",Individual,Laki-laki,081248987548,fzulkarnain@example.org,Palembang,Sumatera Selatan,2026-01-13,1
3161,CUST-03161,Latif Wacana,Individual,Laki-laki,081225385132,rafi42@example.com,Palembang,Sumatera Selatan,2025-04-27,1
3162,CUST-03162,"Puti Zelda Lazuardi, S.I.Kom",Individual,Perempuan,081221495769,rriyanti@example.com,Manado,Sulawesi Utara,2025-09-13,1
3163,CUST-03163,"Tgk. Fitriani Hidayat, M.Ak",Individual,Perempuan,081253221997,anugroho@example.com,Malang,Jawa Timur,2024-08-28,1
3164,CUST-03164,Rachel Maulana,Korporat,Laki-laki,081259999740,siraitomar@example.net,Surabaya,Jawa Timur,2025-06-14,1
3165,CUST-03165,Jarwi Mustofa,Bisnis,Perempuan,081237615632,victoriamegantara@example.net,Manado,Sulawesi Utara,2024-08-05,1
3166,CUST-03166,"R. Heryanto Saptono, S.T.",Individual,Perempuan,081241718279,sinagakenzie@example.com,Yogyakarta,DI Yogyakarta,2026-05-24,1
3167,CUST-03167,R.A. Fitria Halimah,Individual,Perempuan,081264440388,damar17@example.org,Denpasar,Bali,2026-04-02,1
3168,CUST-03168,Galih Hutagalung,Individual,Laki-laki,081276647771,yuniarzizi@example.com,Bekasi,Jawa Barat,2026-03-08,1
3169,CUST-03169,"drg. Wawan Rahmawati, S.Ked",Individual,Laki-laki,,roktaviani@example.org,Surabaya,Jawa Timur,2025-11-16,1
3170,CUST-03170,Ganda Sudiati,Individual,Perempuan,081289284509,yonosirait@example.com,Malang,Jawa Timur,2024-12-22,1
3171,CUST-03171,Dina Saputra,Bisnis,Perempuan,081217183331,winarsihlili@example.net,Makassar,Sulawesi Selatan,2026-02-20,1
3172,CUST-03172,"Cahyo Pradana, S.Pt",Bisnis,Perempuan,081243440212,hendri05@example.org,Batam,Kepulauan Riau,2025-09-29,1
3173,CUST-03173,"Sutan Wahyu Wacana, S.Psi",Individual,Laki-laki,081210152608,siregarfathonah@example.net,Jakarta Selatan,DKI Jakarta,2024-12-21,1
3174,CUST-03174,"Talia Oktaviani, S.Pt",Individual,Perempuan,081284045477,irnantomelani@example.com,Banjarmasin,Kalimantan Selatan,2025-10-16,1
3175,CUST-03175,Hasim Napitupulu,Bisnis,Laki-laki,081233283845,iyuliarti@example.com,Manado,Sulawesi Utara,2025-04-01,1
3176,CUST-03176,"KH. Laksana Farida, M.M.",Bisnis,Laki-laki,081243644464,qmandasari@example.com,Bekasi,Jawa Barat,2026-03-31,1
3177,CUST-03177,Jaswadi Mandasari,Korporat,Laki-laki,081263012724,mariadiuyainah@example.net,Semarang,Jawa Tengah,2024-10-24,1
3178,CUST-03178,Malika Haryanto,Individual,Laki-laki,081216788351,bakdapranowo@example.com,Manado,Sulawesi Utara,2025-05-28,1
3179,CUST-03179,Suci Wahyudin,Bisnis,Laki-laki,081290184893,wulan23@example.com,Bandung,Jawa Barat,2025-11-20,1
3180,CUST-03180,Eka Tarihoran,Individual,Perempuan,081225540124,mahesawijaya@example.org,Batam,Kepulauan Riau,2025-09-17,1
3181,CUST-03181,"R. Balapati Sirait, S.Sos",Individual,Laki-laki,081285655727,diana38@example.net,Semarang,Jawa Tengah,2025-08-27,1
3182,CUST-03182,Tiara Nuraini,Individual,Perempuan,081274680330,nainggolanlaksana@example.net,Manado,Sulawesi Utara,2025-09-29,1
3183,CUST-03183,Irma Widodo,Individual,Laki-laki,081293876023,umar54@example.com,Medan,Sumatera Utara,2025-07-03,1
3184,CUST-03184,Putri Wahyuni,Individual,Laki-laki,081288447512,ynovitasari@example.net,Jakarta Pusat,DKI Jakarta,2025-07-12,1
3185,CUST-03185,Harimurti Purnawati,Individual,Perempuan,081271920115,wandriani@example.org,Malang,Jawa Timur,2026-03-19,1
3186,CUST-03186,Nrima Mandasari,Individual,Laki-laki,081287279942,,Medan,Sumatera Utara,2024-08-14,1
3187,CUST-03187,H. Gandi Tampubolon,Korporat,Laki-laki,081241225399,dpermata@example.net,Banjarmasin,Kalimantan Selatan,2025-04-24,1
3188,CUST-03188,Mila Najmudin,Individual,Laki-laki,081232777493,edi12@example.net,Manado,Sulawesi Utara,2025-04-15,1
3189,CUST-03189,Maman Winarsih,Individual,Perempuan,081229395141,gilanglailasari@example.net,Jakarta Pusat,DKI Jakarta,2025-10-22,1
3190,CUST-03190,Dt. Jumari Melani,Individual,Laki-laki,081258372817,amandasari@example.net,Solo,Jawa Tengah,2024-12-30,1
3191,CUST-03191,Opan Wibisono,Individual,Perempuan,081271387834,dmahendra@example.net,Malang,Jawa Timur,2024-11-25,1
3192,CUST-03192,Gantar Anggriawan,Individual,Laki-laki,081264635960,tambagalih@example.org,Makassar,Sulawesi Selatan,2025-12-13,1
3193,CUST-03193,"T. Malik Rajata, S.Sos",Individual,Perempuan,081292405222,luluh56@example.org,Semarang,Jawa Tengah,2025-06-19,1
3194,CUST-03194,Lanang Najmudin,Individual,Perempuan,081259524200,mahdisitompul@example.net,Surabaya,Jawa Timur,2024-08-13,1
3195,CUST-03195,Tania Puspasari,Individual,Laki-laki,081260035525,kartika68@example.net,Manado,Sulawesi Utara,2026-02-15,1
3196,CUST-03196,Wasis Hutasoit,Individual,Perempuan,081239288582,dartonoprabowo@example.net,Batam,Kepulauan Riau,2025-01-09,1
3197,CUST-03197,Bakiman Yulianti,Individual,Perempuan,081223883144,oman93@example.org,Surabaya,Jawa Timur,2024-09-07,1
3198,CUST-03198,Puti Lili Wibisono,Individual,Perempuan,081298410407,swahyuni@example.com,Jakarta Selatan,DKI Jakarta,2026-03-08,1
3199,CUST-03199,Janet Nashiruddin,Individual,Laki-laki,081210915621,prabawa98@example.com,Makassar,Sulawesi Selatan,2024-10-14,1
3200,CUST-03200,Luluh Wastuti,Individual,Laki-laki,081288450948,rizkirahayu@example.com,Surabaya,Jawa Timur,2026-02-05,1
3201,CUST-03201,Tirta Mandala,Individual,Perempuan,081270971009,cahyantomansur@example.com,Manado,Sulawesi Utara,2025-08-19,1
3202,CUST-03202,Labuh Nuraini,Individual,Perempuan,,ani58@example.com,Jakarta Pusat,DKI Jakarta,2025-05-06,1
3203,CUST-03203,"Tami Anggriawan, M.M.",Bisnis,Perempuan,081231333843,usadajamil@example.org,Balikpapan,Kalimantan Timur,2025-06-20,1
3204,CUST-03204,Najib Budiman,Individual,Laki-laki,081272314295,palastricatur@example.com,Pekanbaru,Riau,2025-02-14,1
3205,CUST-03205,"Tgk. Gasti Thamrin, S.Gz",Individual,Laki-laki,081290316004,vino83@example.net,Yogyakarta,DI Yogyakarta,2025-07-19,1
3206,CUST-03206,"Dr. Damar Widodo, S.Kom",Individual,Perempuan,081249675051,namagaida@example.net,Denpasar,Bali,2025-10-11,1
3207,CUST-03207,"Hj. Humaira Wasita, S.Sos",Bisnis,Perempuan,081289390416,sabrina12@example.org,Bekasi,Jawa Barat,2026-05-16,1
3208,CUST-03208,"R.M. Panca Nainggolan, S.T.",Korporat,Perempuan,081237967344,galiono36@example.net,Malang,Jawa Timur,2025-07-06,1
3209,CUST-03209,Hartana Pudjiastuti,Individual,Perempuan,081255040184,mamanyolanda@example.net,Denpasar,Bali,2026-06-11,1
3210,CUST-03210,Bagiya Nuraini,Individual,Laki-laki,081281234593,nugrohouda@example.org,Tangerang,Banten,2026-04-20,1
3211,CUST-03211,"Rusman Rahmawati, M.Farm",Individual,Perempuan,081263847445,aryanibaktianto@example.net,Padang,Sumatera Barat,2026-03-03,1
3212,CUST-03212,Tari Yolanda,Individual,Laki-laki,081219670516,ajimin84@example.org,Jakarta Selatan,DKI Jakarta,2025-02-22,1
3213,CUST-03213,Uchita Sudiati,Individual,Perempuan,081214132789,,Bekasi,Jawa Barat,2026-02-19,1
3214,CUST-03214,Dewi Hidayat,Bisnis,Perempuan,081257868920,darijanhalim@example.com,Tangerang,Banten,2025-04-23,1
3215,CUST-03215,Lutfan Wijayanti,Individual,Perempuan,081236276699,legawa11@example.net,Bekasi,Jawa Barat,2025-04-10,1
3216,CUST-03216,"Kezia Haryanto, M.TI.",Individual,Perempuan,081251106261,cemeti13@example.net,Solo,Jawa Tengah,2025-03-30,0
3217,CUST-03217,"Yunita Permadi, S.T.",Korporat,Perempuan,081266761681,karensiregar@example.net,Banjarmasin,Kalimantan Selatan,2024-11-25,1
3218,CUST-03218,"Tira Usamah, S.T.",Bisnis,Perempuan,081238548331,qhalim@example.net,Jakarta Pusat,DKI Jakarta,2025-09-07,1
3219,CUST-03219,"drg. Bakti Prabowo, M.Pd",Individual,Perempuan,081212862700,melanicakrabuana@example.org,Bekasi,Jawa Barat,2026-03-10,1
3220,CUST-03220,R.M. Maras Aryani,Individual,Perempuan,081279001225,namagalanggeng@example.org,Malang,Jawa Timur,2024-08-01,1
3221,CUST-03221,"Drs. Bagya Sitompul, S.IP",Individual,Perempuan,081242765322,,Yogyakarta,DI Yogyakarta,2025-06-08,1
3222,CUST-03222,Puti Victoria Napitupulu,Bisnis,Laki-laki,081244840247,paimanpangestu@example.org,Manado,Sulawesi Utara,2026-01-18,0
3223,CUST-03223,Yuni Nurdiyanti,Individual,Perempuan,081291302953,wmaulana@example.net,Jakarta Pusat,DKI Jakarta,2024-12-01,1
3224,CUST-03224,KH. Tasdik Hariyah,Individual,Perempuan,081265918744,calista41@example.com,Palembang,Sumatera Selatan,2026-02-16,1
3225,CUST-03225,Dipa Napitupulu,Individual,Laki-laki,081288617903,rendy64@example.org,Tangerang,Banten,2024-11-07,1
3226,CUST-03226,Kamidin Pudjiastuti,Individual,Perempuan,081246707900,mardhiyahpuspa@example.org,Jakarta Selatan,DKI Jakarta,2025-05-28,1
3227,CUST-03227,Banara Mandala,Individual,Perempuan,081273255069,caketpratiwi@example.net,Pekanbaru,Riau,2026-02-28,1
3228,CUST-03228,Rahmi Pratiwi,Individual,Laki-laki,081254989346,hpuspasari@example.org,Bandung,Jawa Barat,2025-12-30,1
3229,CUST-03229,Qori Sihombing,Bisnis,Perempuan,081269389082,wijayaluwar@example.net,Jakarta Selatan,DKI Jakarta,2025-07-16,1
3230,CUST-03230,Laras Wijaya,Individual,Perempuan,081233824508,imanullang@example.org,Bekasi,Jawa Barat,2025-04-01,1
3231,CUST-03231,"Drs. Karen Widiastuti, S.H.",Individual,Perempuan,081232138100,damusitumorang@example.org,Banjarmasin,Kalimantan Selatan,2024-08-28,1
3232,CUST-03232,Latika Rajata,Individual,Perempuan,081262378918,,Malang,Jawa Timur,2026-06-07,1
3233,CUST-03233,"Ivan Kuswoyo, M.Farm",Bisnis,Laki-laki,081293154684,kacung98@example.com,Medan,Sumatera Utara,2025-08-28,1
3234,CUST-03234,"Drs. Nardi Wahyudin, M.TI.",Bisnis,Perempuan,081271475142,safinaastuti@example.org,Denpasar,Bali,2025-03-19,1
3235,CUST-03235,Kuncara Yuliarti,Individual,Laki-laki,081237673852,halimintan@example.com,Solo,Jawa Tengah,2025-05-29,1
3236,CUST-03236,"Mursita Situmorang, M.TI.",Korporat,Laki-laki,081249067745,dnurdiyanti@example.com,Jakarta Selatan,DKI Jakarta,2024-11-06,1
3237,CUST-03237,"Rendy Riyanti, M.TI.",Korporat,Perempuan,081240518358,yosefmanullang@example.org,Bekasi,Jawa Barat,2025-12-21,0
3238,CUST-03238,Kurnia Astuti,Bisnis,Perempuan,081256689435,saefullahgaduh@example.org,Manado,Sulawesi Utara,2026-04-02,1
3239,CUST-03239,Cengkal Mandala,Individual,Perempuan,081233112172,mardhiyahadinata@example.com,Batam,Kepulauan Riau,2025-01-05,1
3240,CUST-03240,Harimurti Adriansyah,Korporat,Perempuan,081219040639,napitupuluvictoria@example.net,Bekasi,Jawa Barat,2025-09-22,1
3241,CUST-03241,Narji Sitorus,Bisnis,Laki-laki,081233088264,nababanniyaga@example.org,Jakarta Pusat,DKI Jakarta,2026-04-27,1
3242,CUST-03242,H. Gaman Putra,Bisnis,Laki-laki,081298517217,wnasyidah@example.com,Solo,Jawa Tengah,2024-09-26,1
3243,CUST-03243,Dt. Ade Mulyani,Individual,Perempuan,081250991001,hartatidodo@example.com,Medan,Sumatera Utara,2025-03-17,1
3244,CUST-03244,Elvina Zulaika,Individual,Laki-laki,081299450283,nsuartini@example.net,Solo,Jawa Tengah,2026-01-23,1
3245,CUST-03245,"Among Sitorus, S.T.",Bisnis,Perempuan,081219225315,,Balikpapan,Kalimantan Timur,2025-04-04,1
3246,CUST-03246,"Dewi Yolanda, S.Kom",Individual,Laki-laki,081285605784,,Jakarta Pusat,DKI Jakarta,2025-04-19,1
3247,CUST-03247,Rahman Prasasta,Bisnis,Perempuan,081287398464,indah36@example.net,Jakarta Pusat,DKI Jakarta,2025-12-26,0
3248,CUST-03248,R. Marsudi Wastuti,Individual,Laki-laki,,nasyiahluwes@example.org,Jakarta Pusat,DKI Jakarta,2025-10-11,1
3249,CUST-03249,"KH. Nrima Susanti, M.Kom.",Individual,Perempuan,081299206607,chidayanto@example.org,Medan,Sumatera Utara,2024-10-28,1
3250,CUST-03250,"Tiara Puspita, M.Pd",Individual,Perempuan,081236107367,hassanahabyasa@example.org,Tangerang,Banten,2025-01-15,1
3251,CUST-03251,Lulut Padmasari,Individual,Laki-laki,081235464925,koko15@example.net,Jakarta Selatan,DKI Jakarta,2026-04-14,1
3252,CUST-03252,Karman Widodo,Bisnis,Laki-laki,081214421216,taniadamanik@example.org,Semarang,Jawa Tengah,2026-02-01,1
3253,CUST-03253,"Emas Thamrin, S.Psi",Individual,Laki-laki,081270577400,hsamosir@example.net,Pekanbaru,Riau,2025-06-21,1
3254,CUST-03254,Gatot Najmudin,Individual,Perempuan,081262194311,yunisitompul@example.com,Balikpapan,Kalimantan Timur,2025-08-23,1
3255,CUST-03255,Sari Pradana,Individual,Perempuan,081231244317,eharyanti@example.net,Batam,Kepulauan Riau,2024-08-24,1
3256,CUST-03256,"Dt. Praba Firmansyah, M.Ak",Individual,Perempuan,081266064773,,Bekasi,Jawa Barat,2024-12-08,1
3257,CUST-03257,Leo Pranowo,Individual,Laki-laki,081222286457,salman95@example.net,Manado,Sulawesi Utara,2025-08-30,1
3258,CUST-03258,Galiono Astuti,Individual,Perempuan,081275848775,cmandala@example.com,Banjarmasin,Kalimantan Selatan,2025-04-04,1
3259,CUST-03259,Tgk. Tari Nababan,Individual,Laki-laki,081274938060,lanangsuartini@example.com,Jakarta Pusat,DKI Jakarta,2025-03-31,1
3260,CUST-03260,Dr. Jaeman Fujiati,Bisnis,Laki-laki,081264922081,prastutihani@example.com,Jakarta Selatan,DKI Jakarta,2025-08-31,1
3261,CUST-03261,Cornelia Saputra,Bisnis,Laki-laki,081274978030,kamidin25@example.net,Medan,Sumatera Utara,2026-05-04,0
3262,CUST-03262,Tami Mandasari,Individual,Perempuan,081228125676,suwarnoelisa@example.org,Bekasi,Jawa Barat,2024-08-15,1
3263,CUST-03263,Wadi Purnawati,Individual,Laki-laki,081253783446,nnuraini@example.net,Medan,Sumatera Utara,2025-11-07,1
3264,CUST-03264,"Sutan Harto Suartini, S.T.",Individual,Laki-laki,081255916308,ibunharyanti@example.org,Pekanbaru,Riau,2025-12-12,1
3265,CUST-03265,"Dr. Nyoman Maheswara, S.Gz",Individual,Perempuan,081230398023,halim11@example.com,Balikpapan,Kalimantan Timur,2025-08-10,0
3266,CUST-03266,drg. Bakti Nashiruddin,Individual,Laki-laki,081245641780,yolandafathonah@example.net,Tangerang,Banten,2024-11-12,0
3267,CUST-03267,Yusuf Uwais,Individual,Perempuan,081210932089,usalahudin@example.org,Malang,Jawa Timur,2025-12-14,1
3268,CUST-03268,Betania Sitompul,Korporat,Perempuan,,,Yogyakarta,DI Yogyakarta,2024-07-01,1
3269,CUST-03269,Wulan Utama,Korporat,Perempuan,081270799002,rajatalasmanto@example.com,Medan,Sumatera Utara,2024-11-13,1
3270,CUST-03270,"Anastasia Damanik, M.Ak",Individual,Perempuan,081218341533,msuryatmi@example.com,Batam,Kepulauan Riau,2024-11-05,1
3271,CUST-03271,Lidya Maheswara,Individual,Perempuan,081275303891,ophelia20@example.com,Banjarmasin,Kalimantan Selatan,2026-03-22,0
3272,CUST-03272,"Tami Puspita, M.TI.",Bisnis,Laki-laki,081250180683,iswahyudigamani@example.com,Semarang,Jawa Tengah,2026-03-07,1
3273,CUST-03273,Salimah Damanik,Individual,Laki-laki,081256468951,jaryani@example.net,Manado,Sulawesi Utara,2026-02-13,0
3274,CUST-03274,R. Gangsar Tampubolon,Individual,Laki-laki,081235706483,narpatimartana@example.com,Yogyakarta,DI Yogyakarta,2026-01-22,1
3275,CUST-03275,Puti Kayla Wijayanti,Bisnis,Perempuan,081245975880,kamal59@example.com,Banjarmasin,Kalimantan Selatan,2025-12-19,1
3276,CUST-03276,Luthfi Mandala,Bisnis,Perempuan,081264223428,halim92@example.org,Manado,Sulawesi Utara,2024-08-04,1
3277,CUST-03277,Makuta Astuti,Bisnis,Perempuan,081222041966,gastiprastuti@example.net,Surabaya,Jawa Timur,2024-07-28,1
3278,CUST-03278,Yusuf Mansur,Individual,Perempuan,081282153493,padmasariirma@example.com,Padang,Sumatera Barat,2024-09-14,1
3279,CUST-03279,Luis Mayasari,Individual,Laki-laki,081260510921,opungsirait@example.net,Malang,Jawa Timur,2025-03-04,1
3280,CUST-03280,Uchita Wacana,Individual,Perempuan,081213183750,nurainifitriani@example.org,Denpasar,Bali,2024-10-13,1
3281,CUST-03281,Purwanto Yuniar,Bisnis,Perempuan,081294199849,,Pekanbaru,Riau,2024-06-30,0
3282,CUST-03282,Drs. Cahyono Gunawan,Individual,Perempuan,081245951917,csitompul@example.org,Pekanbaru,Riau,2025-09-05,1
3283,CUST-03283,Hj. Zamira Hutagalung,Individual,Laki-laki,081222516802,hidayatella@example.org,Bandung,Jawa Barat,2025-08-26,0
3284,CUST-03284,Langgeng Pertiwi,Individual,Perempuan,081251801030,kwaluyo@example.net,Jakarta Selatan,DKI Jakarta,2025-08-23,1
3285,CUST-03285,"KH. Banawi Hastuti, S.Ked",Individual,Perempuan,081257625217,mdabukke@example.org,Malang,Jawa Timur,2025-10-17,1
3286,CUST-03286,Dalima Hariyah,Individual,Laki-laki,081233140981,qpratiwi@example.com,Medan,Sumatera Utara,2024-07-11,1
3287,CUST-03287,"drg. Syahrini Haryanto, S.Pt",Individual,Perempuan,081268090981,ellismaulana@example.org,Bekasi,Jawa Barat,2025-05-11,0
3288,CUST-03288,Malika Palastri,Individual,Laki-laki,,mulyanilulut@example.org,Jakarta Selatan,DKI Jakarta,2024-06-28,1
3289,CUST-03289,Natalia Mardhiyah,Individual,Laki-laki,081253902578,vsudiati@example.com,Balikpapan,Kalimantan Timur,2025-05-30,1
3290,CUST-03290,Asmadi Hutapea,Bisnis,Perempuan,081224113157,dkusmawati@example.com,Bekasi,Jawa Barat,2025-06-16,1
3291,CUST-03291,"Calista Narpati, M.Kom.",Individual,Laki-laki,081214546494,putuhidayanto@example.net,Semarang,Jawa Tengah,2025-07-09,0
3292,CUST-03292,Wani Simanjuntak,Individual,Laki-laki,081274691516,bagaswidiastuti@example.org,Padang,Sumatera Barat,2024-09-07,1
3293,CUST-03293,"Dr. Fathonah Tarihoran, S.T.",Individual,Perempuan,081297997833,nwacana@example.com,Bandung,Jawa Barat,2026-03-01,1
3294,CUST-03294,Karta Halimah,Individual,Laki-laki,081255278089,enainggolan@example.net,Palembang,Sumatera Selatan,2025-01-01,1
3295,CUST-03295,"Lintang Hakim, S.T.",Individual,Perempuan,081254024194,kania47@example.org,Bekasi,Jawa Barat,2024-07-12,1
3296,CUST-03296,Galar Aryani,Individual,Laki-laki,081251697890,radensuartini@example.org,Manado,Sulawesi Utara,2024-09-27,1
3297,CUST-03297,Zamira Novitasari,Individual,Perempuan,081278619635,usyi97@example.org,Denpasar,Bali,2026-03-28,1
3298,CUST-03298,Harja Suryatmi,Individual,Perempuan,081223648065,,Balikpapan,Kalimantan Timur,2026-06-08,1
3299,CUST-03299,Umi Sihombing,Korporat,Laki-laki,081246069961,niyaga68@example.org,Semarang,Jawa Tengah,2025-03-28,0
3300,CUST-03300,Setya Purnawati,Individual,Perempuan,081222167709,harsaya34@example.org,Padang,Sumatera Barat,2024-08-05,1
3301,CUST-03301,Rahmat Suryatmi,Bisnis,Laki-laki,081234746819,uyainahsalwa@example.net,Bandung,Jawa Barat,2026-01-20,1
3302,CUST-03302,"dr. Kani Maulana, M.M.",Individual,Laki-laki,081212603594,namagaadiarja@example.net,Pekanbaru,Riau,2025-07-15,1
3303,CUST-03303,"Mutia Uyainah, M.Pd",Bisnis,Laki-laki,081269063526,fwidodo@example.org,Denpasar,Bali,2025-07-15,1
3304,CUST-03304,Tasnim Napitupulu,Individual,Perempuan,081238480990,prahimah@example.org,Jakarta Pusat,DKI Jakarta,2025-03-27,1
3305,CUST-03305,R.A. Calista Narpati,Bisnis,Perempuan,081299156655,chandra73@example.org,Bekasi,Jawa Barat,2025-10-17,1
3306,CUST-03306,Wahyu Pratama,Individual,Perempuan,081237345474,sabar09@example.org,Medan,Sumatera Utara,2025-10-26,1
3307,CUST-03307,R. Alika Laksmiwati,Individual,Laki-laki,081245971658,sitoruscakrajiya@example.net,Bandung,Jawa Barat,2024-06-26,1
3308,CUST-03308,"Dr. Mahesa Purwanti, S.H.",Bisnis,Perempuan,,rajatamaman@example.org,Solo,Jawa Tengah,2024-10-01,1
3309,CUST-03309,H. Agus Padmasari,Individual,Perempuan,081269402759,hafshahnapitupulu@example.net,Yogyakarta,DI Yogyakarta,2025-05-26,1
3310,CUST-03310,Cinthia Nugroho,Individual,Perempuan,081281293463,,Jakarta Pusat,DKI Jakarta,2024-10-07,1
3311,CUST-03311,"Hesti Sihotang, S.Sos",Individual,Laki-laki,081276722646,zeldanovitasari@example.org,Banjarmasin,Kalimantan Selatan,2026-01-16,1
3312,CUST-03312,Eman Marpaung,Individual,Perempuan,081268974762,damarwulandari@example.org,Batam,Kepulauan Riau,2025-01-10,1
3313,CUST-03313,Oliva Nababan,Individual,Perempuan,081217227193,lanang50@example.com,Pekanbaru,Riau,2026-04-03,1
3314,CUST-03314,Tami Wibisono,Individual,Perempuan,081258197276,hardi82@example.net,Tangerang,Banten,2025-04-21,1
3315,CUST-03315,Jagapati Padmasari,Individual,Laki-laki,,snamaga@example.com,Denpasar,Bali,2026-03-18,1
3316,CUST-03316,"Ir. Paiman Purnawati, S.Pt",Individual,Perempuan,081255521317,khakim@example.org,Bandung,Jawa Barat,2024-12-23,1
3317,CUST-03317,Jelita Wulandari,Individual,Laki-laki,081298861154,milamahendra@example.org,Padang,Sumatera Barat,2025-08-07,1
3318,CUST-03318,Jaka Santoso,Individual,Laki-laki,081288038062,ebudiyanto@example.net,Makassar,Sulawesi Selatan,2025-09-29,1
3319,CUST-03319,"dr. Nasim Wacana, S.Gz",Individual,Laki-laki,081229066257,jati79@example.net,Medan,Sumatera Utara,2026-04-25,1
3320,CUST-03320,Ir. Nadia Santoso,Individual,Perempuan,081280657218,wira42@example.org,Balikpapan,Kalimantan Timur,2025-08-23,1
3321,CUST-03321,"dr. Marwata Waluyo, M.Farm",Individual,Laki-laki,081281579964,,Banjarmasin,Kalimantan Selatan,2026-05-22,1
3322,CUST-03322,Kamila Wacana,Individual,Laki-laki,081242503900,jharyanti@example.org,Makassar,Sulawesi Selatan,2025-05-05,1
3323,CUST-03323,Edison Prabowo,Bisnis,Perempuan,081246476710,sakti55@example.org,Manado,Sulawesi Utara,2024-10-30,1
3324,CUST-03324,Ridwan Purnawati,Individual,Perempuan,081230001216,kasiran40@example.org,Padang,Sumatera Barat,2026-01-26,1
3325,CUST-03325,Martani Rajata,Individual,Perempuan,081268075912,vuwais@example.net,Balikpapan,Kalimantan Timur,2025-07-12,1
3326,CUST-03326,Jessica Sihotang,Korporat,Perempuan,,nugrohojati@example.org,Malang,Jawa Timur,2026-05-31,1
3327,CUST-03327,Paramita Ramadan,Individual,Laki-laki,,diananapitupulu@example.com,Jakarta Selatan,DKI Jakarta,2026-01-30,1
3328,CUST-03328,Ir. Leo Santoso,Bisnis,Perempuan,081268262460,,Batam,Kepulauan Riau,2026-02-16,1
3329,CUST-03329,"KH. Limar Maulana, M.TI.",Individual,Perempuan,081278957863,lulutpurnawati@example.org,Yogyakarta,DI Yogyakarta,2025-12-09,1
3330,CUST-03330,"Betania Mansur, S.T.",Individual,Perempuan,081297988619,rkusmawati@example.org,Malang,Jawa Timur,2025-12-19,1
3331,CUST-03331,"Ayu Waskita, S.Psi",Bisnis,Laki-laki,081256863192,dhassanah@example.org,Jakarta Pusat,DKI Jakarta,2025-11-02,1
3332,CUST-03332,Safina Lailasari,Individual,Laki-laki,081215710431,salsabilaramadan@example.net,Semarang,Jawa Tengah,2024-07-02,1
3333,CUST-03333,"Zelda Yuliarti, S.E.",Bisnis,Laki-laki,081298667341,qmaulana@example.org,Bandung,Jawa Barat,2025-06-12,1
3334,CUST-03334,"Umar Hasanah, S.IP",Individual,Perempuan,081254377004,salmanpangestu@example.net,Balikpapan,Kalimantan Timur,2024-12-22,1
3335,CUST-03335,Sari Prastuti,Individual,Laki-laki,081251517438,perkasa23@example.com,Bekasi,Jawa Barat,2025-02-07,1
3336,CUST-03336,Kemal Mulyani,Individual,Perempuan,,rahmanbudiman@example.com,Balikpapan,Kalimantan Timur,2025-05-05,1
3337,CUST-03337,Ghaliyati Simanjuntak,Individual,Laki-laki,081267996667,raihan33@example.org,Surabaya,Jawa Timur,2026-01-06,1
3338,CUST-03338,Ajimat Setiawan,Individual,Perempuan,081273131653,xsuartini@example.com,Pekanbaru,Riau,2024-08-14,1
3339,CUST-03339,"Lala Laksita, M.Ak",Individual,Perempuan,081265619971,suwarnokartika@example.net,Surabaya,Jawa Timur,2024-09-05,1
3340,CUST-03340,Martani Wasita,Korporat,Laki-laki,081231101724,rajasaumay@example.com,Semarang,Jawa Tengah,2025-05-12,1
3341,CUST-03341,Ajiman Wacana,Korporat,Perempuan,,kasimhassanah@example.com,Medan,Sumatera Utara,2026-06-15,1
3342,CUST-03342,Silvia Natsir,Individual,Perempuan,081273183840,saefullahkenes@example.com,Semarang,Jawa Tengah,2026-04-20,1
3343,CUST-03343,Hendra Dabukke,Individual,Laki-laki,081214749710,kuntharahabibi@example.com,Solo,Jawa Tengah,2025-07-02,1
3344,CUST-03344,"Prabowo Setiawan, M.M.",Bisnis,Perempuan,081215159702,inamaga@example.com,Jakarta Selatan,DKI Jakarta,2026-02-22,1
3345,CUST-03345,Dewi Sihombing,Bisnis,Laki-laki,081223319713,mandasariian@example.net,Semarang,Jawa Tengah,2026-04-18,1
3346,CUST-03346,Anom Iswahyudi,Korporat,Laki-laki,081228577470,siregarlulut@example.org,Yogyakarta,DI Yogyakarta,2026-04-19,0
3347,CUST-03347,Manah Latupono,Individual,Laki-laki,081266284959,zulaikakania@example.com,Pekanbaru,Riau,2026-06-01,1
3348,CUST-03348,Dt. Okta Oktaviani,Korporat,Perempuan,081267121363,carlapangestu@example.com,Bekasi,Jawa Barat,2024-09-11,1
3349,CUST-03349,Ega Kusumo,Individual,Perempuan,081246006443,spuspita@example.net,Batam,Kepulauan Riau,2025-09-04,1
3350,CUST-03350,R.M. Jamal Mardhiyah,Individual,Perempuan,081247089087,,Tangerang,Banten,2025-05-20,1
3351,CUST-03351,Uchita Waskita,Korporat,Perempuan,081212782322,panca29@example.org,Bekasi,Jawa Barat,2025-02-03,1
3352,CUST-03352,dr. Usyi Hakim,Individual,Perempuan,081225556650,riyantiestiono@example.org,Padang,Sumatera Barat,2026-04-26,1
3353,CUST-03353,drg. Banawa Kusmawati,Individual,Laki-laki,081272197699,tasdiknuraini@example.org,Banjarmasin,Kalimantan Selatan,2026-02-24,1
3354,CUST-03354,Latika Setiawan,Bisnis,Perempuan,081229196658,firgantoromaya@example.net,Palembang,Sumatera Selatan,2025-02-22,1
3355,CUST-03355,Wage Susanti,Individual,Laki-laki,081289755787,saptonoprayitna@example.com,Pekanbaru,Riau,2025-05-16,1
3356,CUST-03356,Puji Maheswara,Bisnis,Laki-laki,081253323945,mulyanitami@example.com,Banjarmasin,Kalimantan Selatan,2026-03-04,1
3357,CUST-03357,Wawan Damanik,Individual,Perempuan,081286662149,maryanto12@example.org,Surabaya,Jawa Timur,2025-11-27,1
3358,CUST-03358,Viktor Usada,Bisnis,Laki-laki,081247066670,,Banjarmasin,Kalimantan Selatan,2025-09-24,1
3359,CUST-03359,Bakiman Narpati,Individual,Laki-laki,,uyainahelma@example.com,Balikpapan,Kalimantan Timur,2026-06-04,1
3360,CUST-03360,Rika Oktaviani,Individual,Perempuan,081230973668,wmandala@example.com,Surabaya,Jawa Timur,2025-12-09,1
3361,CUST-03361,Kajen Andriani,Individual,Perempuan,081227032923,asmianto91@example.org,Palembang,Sumatera Selatan,2025-05-22,1
3362,CUST-03362,Irma Utami,Individual,Perempuan,081266893661,agustinajessica@example.net,Batam,Kepulauan Riau,2025-12-04,1
3363,CUST-03363,Kasim Sinaga,Bisnis,Laki-laki,081284503301,betania21@example.com,Solo,Jawa Tengah,2025-07-03,1
3364,CUST-03364,Umay Budiyanto,Individual,Laki-laki,081273573212,ikinnashiruddin@example.net,Tangerang,Banten,2025-06-28,1
3365,CUST-03365,Paramita Mustofa,Korporat,Laki-laki,081240839578,pprabowo@example.org,Bekasi,Jawa Barat,2024-07-19,1
3366,CUST-03366,"Cakrawala Agustina, M.Ak",Individual,Perempuan,081289195502,irawanjati@example.net,Yogyakarta,DI Yogyakarta,2025-09-02,1
3367,CUST-03367,Bahuwirya Permata,Individual,Perempuan,081245401755,xmaulana@example.net,Surabaya,Jawa Timur,2025-08-29,1
3368,CUST-03368,Yessi Thamrin,Individual,Perempuan,081282330526,budiyantoeka@example.net,Tangerang,Banten,2026-04-14,1
3369,CUST-03369,Kania Pangestu,Individual,Perempuan,081294228098,owinarsih@example.net,Tangerang,Banten,2025-08-14,1
3370,CUST-03370,Karimah Sirait,Bisnis,Perempuan,081286492304,satya55@example.net,Palembang,Sumatera Selatan,2026-05-18,1
3371,CUST-03371,Eman Hartati,Korporat,Perempuan,081257656663,wahyudineja@example.com,Padang,Sumatera Barat,2024-09-02,1
3372,CUST-03372,"drg. Widya Irawan, S.Gz",Individual,Laki-laki,081231861250,atmagunawan@example.net,Malang,Jawa Timur,2025-02-01,1
3373,CUST-03373,"Shania Rajata, S.Kom",Individual,Laki-laki,081270988991,dwaluyo@example.net,Jakarta Selatan,DKI Jakarta,2024-08-15,1
3374,CUST-03374,Faizah Uyainah,Bisnis,Laki-laki,081252405095,tampubolonika@example.com,Malang,Jawa Timur,2025-02-09,1
3375,CUST-03375,Kardi Jailani,Individual,Perempuan,081281377300,elisasafitri@example.org,Bekasi,Jawa Barat,2024-08-07,1
3376,CUST-03376,Queen Padmasari,Individual,Perempuan,081295446593,jarwa25@example.net,Yogyakarta,DI Yogyakarta,2024-11-04,0
3377,CUST-03377,"Drs. Iriana Rajata, M.M.",Individual,Laki-laki,081265930031,,Semarang,Jawa Tengah,2025-09-20,1
3378,CUST-03378,Ika Nashiruddin,Bisnis,Laki-laki,081270560315,yusufsiregar@example.org,Manado,Sulawesi Utara,2025-06-05,1
3379,CUST-03379,Vinsen Padmasari,Individual,Laki-laki,081219280292,asman91@example.net,Surabaya,Jawa Timur,2024-08-23,1
3380,CUST-03380,Daniswara Kusumo,Individual,Perempuan,081212189046,almiramaryadi@example.org,Makassar,Sulawesi Selatan,2024-07-06,1
3381,CUST-03381,drg. Fathonah Prakasa,Bisnis,Perempuan,081240978311,ajimat52@example.org,Bekasi,Jawa Barat,2025-05-27,1
3382,CUST-03382,Mahdi Sinaga,Bisnis,Perempuan,,bakianto46@example.net,Malang,Jawa Timur,2025-03-03,1
3383,CUST-03383,"R. Mulya Salahudin, S.Farm",Individual,Laki-laki,,ellisnababan@example.org,Bandung,Jawa Barat,2025-12-03,0
3384,CUST-03384,Rachel Palastri,Individual,Perempuan,081240418888,wira01@example.com,Batam,Kepulauan Riau,2026-04-04,1
3385,CUST-03385,Ibun Wastuti,Individual,Laki-laki,081238165900,hasimlaksita@example.org,Yogyakarta,DI Yogyakarta,2025-10-20,1
3386,CUST-03386,Farhunnisa Laksmiwati,Korporat,Laki-laki,081289034347,fsinaga@example.com,Padang,Sumatera Barat,2024-11-02,1
3387,CUST-03387,"Raina Maryadi, S.Gz",Individual,Laki-laki,081230730288,gunartowage@example.net,Tangerang,Banten,2025-11-24,1
3388,CUST-03388,Tgk. Jumari Handayani,Korporat,Laki-laki,081294753600,widiastutiliman@example.org,Semarang,Jawa Tengah,2025-11-20,1
3389,CUST-03389,"Argono Gunarto, S.IP",Individual,Perempuan,081216140151,mahdisirait@example.net,Bandung,Jawa Barat,2025-01-18,1
3390,CUST-03390,"Maya Nugroho, M.Kom.",Korporat,Laki-laki,081226715938,wulan36@example.com,Denpasar,Bali,2025-11-17,1
3391,CUST-03391,Violet Prasetyo,Individual,Perempuan,081222648400,nainggolanrespati@example.org,Yogyakarta,DI Yogyakarta,2024-08-02,1
3392,CUST-03392,Joko Nurdiyanti,Individual,Perempuan,081267307492,bakiadipurnawati@example.net,Bekasi,Jawa Barat,2024-12-26,1
3393,CUST-03393,Emong Permadi,Bisnis,Perempuan,081275869484,,Solo,Jawa Tengah,2025-05-24,1
3394,CUST-03394,R.M. Aslijan Saragih,Individual,Laki-laki,081221937389,isitorus@example.com,Batam,Kepulauan Riau,2025-11-03,1
3395,CUST-03395,Gandewa Najmudin,Individual,Laki-laki,081211527567,amegantara@example.com,Jakarta Pusat,DKI Jakarta,2026-05-24,1
3396,CUST-03396,"Usyi Sitompul, M.Ak",Individual,Perempuan,081266050820,permatamaryadi@example.net,Malang,Jawa Timur,2024-11-21,1
3397,CUST-03397,Lantar Hasanah,Individual,Perempuan,081241266368,ksimbolon@example.org,Jakarta Pusat,DKI Jakarta,2025-05-18,1
3398,CUST-03398,Daru Oktaviani,Individual,Perempuan,,simanjuntakrafid@example.com,Medan,Sumatera Utara,2025-06-20,1
3399,CUST-03399,"R. Catur Hartati, S.Psi",Individual,Perempuan,081219421477,,Manado,Sulawesi Utara,2025-10-06,1
3400,CUST-03400,Wakiman Narpati,Bisnis,Laki-laki,081264303062,ellis62@example.com,Palembang,Sumatera Selatan,2025-05-21,1
3401,CUST-03401,Radit Rajata,Bisnis,Perempuan,081281824557,tnainggolan@example.org,Bandung,Jawa Barat,2025-12-26,1
3402,CUST-03402,H. Jinawi Waluyo,Individual,Laki-laki,081218944490,kajensihotang@example.com,Pekanbaru,Riau,2025-06-02,1
3403,CUST-03403,Janet Utama,Individual,Laki-laki,081260106191,gagustina@example.org,Medan,Sumatera Utara,2024-11-21,1
3404,CUST-03404,Rachel Simanjuntak,Individual,Perempuan,081284734812,gyuniar@example.net,Medan,Sumatera Utara,2025-05-25,1
3405,CUST-03405,"Nugraha Januar, S.IP",Bisnis,Laki-laki,081281178973,aprastuti@example.net,Yogyakarta,DI Yogyakarta,2024-08-10,1
3406,CUST-03406,Indah Hartati,Bisnis,Perempuan,081258858064,faridazamira@example.net,Bekasi,Jawa Barat,2025-09-07,1
3407,CUST-03407,Vega Pangestu,Individual,Laki-laki,081295796263,cahyanto78@example.org,Makassar,Sulawesi Selatan,2024-12-31,0
3408,CUST-03408,Wasis Laksmiwati,Individual,Laki-laki,081219874347,embuhwahyuni@example.net,Bandung,Jawa Barat,2025-09-14,1
3409,CUST-03409,Kusuma Winarno,Individual,Laki-laki,081278461526,artawan02@example.org,Balikpapan,Kalimantan Timur,2025-04-17,1
3410,CUST-03410,Paramita Hidayanto,Bisnis,Laki-laki,081275902029,latuponorestu@example.org,Bekasi,Jawa Barat,2024-12-07,1
3411,CUST-03411,R. Rosman Rahmawati,Individual,Perempuan,081230472821,wakimanmangunsong@example.org,Malang,Jawa Timur,2025-08-09,1
3412,CUST-03412,Irma Maulana,Individual,Perempuan,081227991908,igunarto@example.net,Bekasi,Jawa Barat,2025-03-18,1
3413,CUST-03413,Zahra Nasyiah,Individual,Laki-laki,081260468505,,Malang,Jawa Timur,2025-07-15,1
3414,CUST-03414,"Rachel Utami, S.Kom",Bisnis,Perempuan,081279312775,rinihidayanto@example.net,Jakarta Pusat,DKI Jakarta,2024-08-25,1
3415,CUST-03415,Salsabila Hutagalung,Individual,Perempuan,081299084519,karman93@example.net,Bekasi,Jawa Barat,2025-07-28,1
3416,CUST-03416,H. Mitra Wasita,Individual,Laki-laki,081274659121,nainggolaneluh@example.org,Semarang,Jawa Tengah,2025-11-22,1
3417,CUST-03417,Titi Widodo,Individual,Laki-laki,081248051868,donohutagalung@example.net,Makassar,Sulawesi Selatan,2024-07-30,1
3418,CUST-03418,Cakrabirawa Hartati,Bisnis,Laki-laki,081222364543,kasiyah19@example.com,Batam,Kepulauan Riau,2024-08-20,1
3419,CUST-03419,Yahya Laksmiwati,Bisnis,Perempuan,081260073848,capa18@example.net,Padang,Sumatera Barat,2025-07-18,1
3420,CUST-03420,Sarah Wulandari,Individual,Perempuan,081289307595,umar94@example.net,Medan,Sumatera Utara,2026-05-19,1
3421,CUST-03421,"Zulaikha Wijaya, S.E.I",Individual,Perempuan,081289723967,wacanabajragin@example.com,Manado,Sulawesi Utara,2024-12-02,1
3422,CUST-03422,"Zalindra Mahendra, S.H.",Individual,Laki-laki,081256766294,pradanaalmira@example.net,Banjarmasin,Kalimantan Selatan,2025-11-10,1
3423,CUST-03423,Jumari Situmorang,Bisnis,Laki-laki,081267509252,sitoruslabuh@example.net,Pekanbaru,Riau,2025-09-12,1
3424,CUST-03424,Ibun Saragih,Individual,Perempuan,081235252756,murti77@example.net,Jakarta Selatan,DKI Jakarta,2024-08-01,1
3425,CUST-03425,"Salsabila Wastuti, S.Sos",Individual,Laki-laki,081296900261,prabowosatya@example.net,Bandung,Jawa Barat,2025-07-15,1
3426,CUST-03426,Ir. Raina Pranowo,Individual,Perempuan,081246788636,oliviaprayoga@example.com,Tangerang,Banten,2024-09-17,1
3427,CUST-03427,"Salsabila Prakasa, S.Psi",Individual,Laki-laki,081262563068,xuyainah@example.net,Batam,Kepulauan Riau,2026-05-30,1
3428,CUST-03428,Irfan Astuti,Korporat,Laki-laki,081246654140,bancar89@example.net,Manado,Sulawesi Utara,2024-09-23,1
3429,CUST-03429,Devi Mangunsong,Individual,Perempuan,081242239612,olgahakim@example.net,Jakarta Pusat,DKI Jakarta,2026-02-12,1
3430,CUST-03430,Ghaliyati Nasyidah,Bisnis,Perempuan,081223559276,,Pekanbaru,Riau,2025-05-07,1
3431,CUST-03431,Karman Maryati,Individual,Perempuan,,yusuflaksmiwati@example.org,Makassar,Sulawesi Selatan,2024-11-20,1
3432,CUST-03432,Dewi Safitri,Korporat,Laki-laki,,permatacemplunk@example.org,Pekanbaru,Riau,2024-12-31,0
3433,CUST-03433,Darmanto Safitri,Individual,Laki-laki,081294962801,eka30@example.com,Denpasar,Bali,2026-03-25,1
3434,CUST-03434,Lamar Manullang,Individual,Laki-laki,081252202961,widodobanawa@example.net,Bandung,Jawa Barat,2026-05-25,1
3435,CUST-03435,Jagaraga Pertiwi,Individual,Laki-laki,081268393430,thamrinbahuraksa@example.com,Semarang,Jawa Tengah,2025-02-22,1
3436,CUST-03436,Hj. Laras Prasasta,Individual,Perempuan,,martani48@example.com,Malang,Jawa Timur,2024-06-29,1
3437,CUST-03437,Harto Tampubolon,Bisnis,Perempuan,081219624240,dlestari@example.com,Surabaya,Jawa Timur,2025-05-24,1
3438,CUST-03438,"Adinata Lestari, S.Gz",Bisnis,Laki-laki,081280177282,psaefullah@example.net,Padang,Sumatera Barat,2026-03-07,1
3439,CUST-03439,drg. Farhunnisa Maheswara,Individual,Laki-laki,081222426952,puspasaripia@example.net,Pekanbaru,Riau,2026-02-08,1
3440,CUST-03440,"Dr. Hendri Nainggolan, S.Farm",Korporat,Perempuan,081236796752,wulandarikiandra@example.net,Semarang,Jawa Tengah,2025-05-08,1
3441,CUST-03441,Tri Gunawan,Individual,Laki-laki,,zmaheswara@example.net,Batam,Kepulauan Riau,2026-04-05,1
3442,CUST-03442,"Ir. Rahman Damanik, S.Gz",Individual,Laki-laki,081226298586,farhunnisapermadi@example.net,Balikpapan,Kalimantan Timur,2025-01-11,1
3443,CUST-03443,Puti Genta Kurniawan,Bisnis,Perempuan,081299951044,,Malang,Jawa Timur,2025-12-18,1
3444,CUST-03444,Elisa Puspasari,Individual,Laki-laki,081230104341,cinthia00@example.net,Denpasar,Bali,2025-03-09,1
3445,CUST-03445,"Ir. Pia Prasetya, S.Farm",Individual,Laki-laki,081254809335,mustofakani@example.net,Solo,Jawa Tengah,2024-12-10,1
3446,CUST-03446,Kambali Wasita,Individual,Perempuan,081233205836,wibowolala@example.net,Bandung,Jawa Barat,2024-07-26,1
3447,CUST-03447,"Paramita Maryati, S.H.",Bisnis,Perempuan,081244798910,maryadikasim@example.org,Makassar,Sulawesi Selatan,2025-09-22,1
3448,CUST-03448,Pranata Pratama,Individual,Perempuan,081281791590,hildasiregar@example.com,Malang,Jawa Timur,2025-01-22,1
3449,CUST-03449,Hafshah Gunawan,Bisnis,Laki-laki,081257968539,habibiwinda@example.com,Batam,Kepulauan Riau,2026-02-15,1
3450,CUST-03450,Nadine Megantara,Bisnis,Laki-laki,081260189126,budimandalima@example.org,Jakarta Pusat,DKI Jakarta,2026-02-17,1
3451,CUST-03451,Maman Wacana,Individual,Perempuan,081268845943,taufikpangestu@example.org,Solo,Jawa Tengah,2026-01-20,1
3452,CUST-03452,Tugiman Fujiati,Korporat,Perempuan,081290970506,pandumaulana@example.org,Pekanbaru,Riau,2026-01-21,1
3453,CUST-03453,"Kani Yuliarti, S.E.I",Korporat,Laki-laki,081234642175,,Semarang,Jawa Tengah,2024-11-05,1
3454,CUST-03454,"Tari Siregar, S.Kom",Korporat,Perempuan,081226551881,adiarjanababan@example.com,Solo,Jawa Tengah,2026-03-10,1
3455,CUST-03455,Putri Nasyidah,Bisnis,Laki-laki,081276590114,btamba@example.net,Bekasi,Jawa Barat,2025-08-18,1
3456,CUST-03456,Ganep Hartati,Individual,Laki-laki,081282207416,betaniawinarsih@example.com,Makassar,Sulawesi Selatan,2026-03-04,1
3457,CUST-03457,Marsito Sitompul,Korporat,Perempuan,081261898606,winarsihaditya@example.org,Padang,Sumatera Barat,2025-03-24,0
3458,CUST-03458,Zalindra Narpati,Korporat,Laki-laki,081237449205,wardimanullang@example.com,Padang,Sumatera Barat,2026-02-23,1
3459,CUST-03459,"Atma Hastuti, S.Farm",Individual,Perempuan,081278185381,budimanjasmani@example.net,Jakarta Selatan,DKI Jakarta,2025-06-15,1
3460,CUST-03460,Ibrahim Wijayanti,Individual,Laki-laki,081269591762,abyasawahyudin@example.com,Yogyakarta,DI Yogyakarta,2026-04-19,1
3461,CUST-03461,Gina Suryono,Individual,Laki-laki,081293618513,gardianto@example.net,Balikpapan,Kalimantan Timur,2025-02-03,1
3462,CUST-03462,"Ir. Titin Kusmawati, M.M.",Individual,Laki-laki,081293304077,uyuniar@example.com,Pekanbaru,Riau,2026-04-30,0
3463,CUST-03463,Salsabila Marbun,Individual,Laki-laki,081289800051,budipradana@example.com,Denpasar,Bali,2024-12-07,1
3464,CUST-03464,"Galuh Halim, M.Farm",Individual,Perempuan,081234222586,hendra65@example.com,Makassar,Sulawesi Selatan,2026-03-25,1
3465,CUST-03465,Puspa Utami,Individual,Laki-laki,081284040950,wprabowo@example.net,Banjarmasin,Kalimantan Selatan,2026-05-18,1
3466,CUST-03466,Ana Prasasta,Korporat,Perempuan,081278989086,,Manado,Sulawesi Utara,2025-03-06,1
3467,CUST-03467,Ir. Sidiq Zulaika,Individual,Perempuan,081246086508,handayaniibrani@example.org,Semarang,Jawa Tengah,2024-08-30,1
3468,CUST-03468,"Dian Najmudin, M.Pd",Individual,Laki-laki,081287181991,yusuffarida@example.org,Solo,Jawa Tengah,2025-06-30,1
3469,CUST-03469,Michelle Prayoga,Individual,Laki-laki,081214468094,cirawan@example.com,Manado,Sulawesi Utara,2025-04-13,1
3470,CUST-03470,Ulva Rahmawati,Individual,Laki-laki,081228807123,rini17@example.org,Manado,Sulawesi Utara,2026-01-22,1
3471,CUST-03471,Hasta Saragih,Individual,Perempuan,081274362000,,Batam,Kepulauan Riau,2025-06-28,1
3472,CUST-03472,"Melinda Simbolon, S.H.",Individual,Perempuan,081270154661,irma66@example.com,Palembang,Sumatera Selatan,2025-08-02,1
3473,CUST-03473,"Ir. Dalima Wasita, M.Pd",Individual,Perempuan,081256567283,olivausamah@example.net,Palembang,Sumatera Selatan,2025-08-02,1
3474,CUST-03474,Jasmin Jailani,Individual,Perempuan,081245843453,karyahidayat@example.com,Banjarmasin,Kalimantan Selatan,2025-01-28,1
3475,CUST-03475,Ghani Widiastuti,Bisnis,Laki-laki,081257222972,nashiruddingara@example.com,Bekasi,Jawa Barat,2025-09-18,1
3476,CUST-03476,"R. Gaman Saputra, S.Pd",Individual,Laki-laki,081285312535,,Palembang,Sumatera Selatan,2025-04-11,0
3477,CUST-03477,Wawan Iswahyudi,Korporat,Perempuan,081259647963,kusumoimam@example.net,Makassar,Sulawesi Selatan,2024-10-01,1
3478,CUST-03478,Marwata Sitompul,Individual,Laki-laki,081233161932,,Tangerang,Banten,2025-11-05,1
3479,CUST-03479,Puput Uwais,Individual,Perempuan,081229172041,jsitompul@example.org,Yogyakarta,DI Yogyakarta,2025-04-16,1
3480,CUST-03480,Kasiyah Nababan,Individual,Perempuan,081266417936,smaulana@example.com,Palembang,Sumatera Selatan,2025-06-17,1
3481,CUST-03481,Baktianto Thamrin,Individual,Perempuan,081253236141,hastanashiruddin@example.com,Padang,Sumatera Barat,2024-07-02,1
3482,CUST-03482,"Maimunah Waskita, M.Ak",Individual,Laki-laki,,saka71@example.com,Solo,Jawa Tengah,2025-01-25,1
3483,CUST-03483,Intan Halim,Korporat,Laki-laki,081287521390,hardana78@example.com,Solo,Jawa Tengah,2024-10-21,1
3484,CUST-03484,Fitria Putra,Individual,Perempuan,081219585816,putrabakiono@example.org,Yogyakarta,DI Yogyakarta,2025-09-03,1
3485,CUST-03485,Rachel Putra,Individual,Perempuan,081251026160,aisyahhariyah@example.org,Padang,Sumatera Barat,2026-01-15,1
3486,CUST-03486,Mala Maheswara,Individual,Perempuan,,ifa84@example.net,Semarang,Jawa Tengah,2026-01-18,1
3487,CUST-03487,"Drs. Arta Nurdiyanti, M.M.",Individual,Laki-laki,081217676054,himawan76@example.com,Padang,Sumatera Barat,2025-03-31,1
3488,CUST-03488,Vicky Nurdiyanti,Korporat,Perempuan,081228267727,fnarpati@example.com,Pekanbaru,Riau,2025-03-19,1
3489,CUST-03489,Drs. Bakda Anggriawan,Individual,Laki-laki,081272528495,ranggasiregar@example.org,Tangerang,Banten,2025-08-25,1
3490,CUST-03490,Tugiman Puspasari,Bisnis,Laki-laki,081218367391,nainggolanyono@example.org,Palembang,Sumatera Selatan,2026-04-23,1
3491,CUST-03491,"drg. Tantri Nugroho, S.Farm",Individual,Laki-laki,081235814652,maulanaharimurti@example.net,Makassar,Sulawesi Selatan,2025-12-08,1
3492,CUST-03492,"Emong Wahyudin, S.Kom",Individual,Perempuan,081277570019,cecep34@example.org,Yogyakarta,DI Yogyakarta,2024-06-23,1
3493,CUST-03493,"Sutan Dimaz Setiawan, S.Ked",Individual,Perempuan,081214402340,ratnarahmawati@example.net,Palembang,Sumatera Selatan,2025-01-14,1
3494,CUST-03494,Tiara Yulianti,Bisnis,Laki-laki,081227960612,wulandaricornelia@example.net,Malang,Jawa Timur,2024-12-20,1
3495,CUST-03495,Elon Kuswandari,Korporat,Laki-laki,081254489511,danangsimbolon@example.net,Medan,Sumatera Utara,2025-02-07,1
3496,CUST-03496,"Bakijan Iswahyudi, M.TI.",Individual,Perempuan,081249331272,rendy54@example.net,Surabaya,Jawa Timur,2024-09-20,1
3497,CUST-03497,Oliva Firmansyah,Individual,Perempuan,081271298540,gastuti@example.net,Denpasar,Bali,2026-03-24,1
3498,CUST-03498,Garan Purwanti,Individual,Laki-laki,081227087135,azaleasitumorang@example.org,Denpasar,Bali,2025-06-06,1
3499,CUST-03499,Kayla Hutagalung,Individual,Perempuan,081284687780,hutapeagilda@example.com,Medan,Sumatera Utara,2025-06-18,1
3500,CUST-03500,"Embuh Farida, S.Ked",Individual,Laki-laki,081251587701,jailanikamal@example.com,Semarang,Jawa Tengah,2025-06-26,1
3501,CUST-03501,Bala Susanti,Bisnis,Perempuan,081225246247,niyagayulianti@example.com,Yogyakarta,DI Yogyakarta,2025-01-04,1
3502,CUST-03502,Ratna Putra,Bisnis,Laki-laki,081277853333,,Balikpapan,Kalimantan Timur,2024-08-21,1
3503,CUST-03503,"Kania Hassanah, S.Pt",Bisnis,Perempuan,,ginamarpaung@example.org,Bekasi,Jawa Barat,2026-06-04,1
3504,CUST-03504,"Jaswadi Mardhiyah, M.Ak",Individual,Perempuan,081268022402,,Pekanbaru,Riau,2026-04-19,1
3505,CUST-03505,Latika Nasyidah,Individual,Laki-laki,081287455166,bhabibi@example.org,Manado,Sulawesi Utara,2025-02-15,1
3506,CUST-03506,"Dt. Artanto Nugroho, S.E.I",Individual,Perempuan,081244848065,,Yogyakarta,DI Yogyakarta,2025-04-22,1
3507,CUST-03507,Mustika Sinaga,Individual,Laki-laki,081286867826,lnuraini@example.org,Bandung,Jawa Barat,2025-10-18,1
3508,CUST-03508,Mahmud Nurdiyanti,Individual,Perempuan,081274207574,saptonokasim@example.net,Batam,Kepulauan Riau,2025-01-11,1
3509,CUST-03509,Raisa Haryanto,Individual,Laki-laki,081263730805,mangunsongmaras@example.org,Padang,Sumatera Barat,2025-06-08,1
3510,CUST-03510,Zulaikha Riyanti,Individual,Perempuan,081242523725,hakimraihan@example.net,Medan,Sumatera Utara,2024-12-04,1
3511,CUST-03511,Dian Safitri,Individual,Laki-laki,081242292195,estiawan19@example.org,Banjarmasin,Kalimantan Selatan,2025-10-25,1
3512,CUST-03512,Heryanto Nasyidah,Individual,Perempuan,081256006035,dpranowo@example.org,Surabaya,Jawa Timur,2025-02-16,1
3513,CUST-03513,"Irma Sihotang, M.Farm",Bisnis,Perempuan,081247659483,,Banjarmasin,Kalimantan Selatan,2024-06-25,1
3514,CUST-03514,Puti Mulyani,Bisnis,Laki-laki,081248534920,dwi57@example.org,Padang,Sumatera Barat,2026-01-09,1
3515,CUST-03515,Keisha Narpati,Individual,Laki-laki,081268091350,dmandala@example.org,Balikpapan,Kalimantan Timur,2025-06-24,1
3516,CUST-03516,"Oliva Sitorus, S.H.",Individual,Perempuan,081275162993,hasanahmahfud@example.com,Jakarta Pusat,DKI Jakarta,2024-09-18,1
3517,CUST-03517,"Najib Tarihoran, S.H.",Individual,Laki-laki,081274820617,,Jakarta Selatan,DKI Jakarta,2025-03-09,1
3518,CUST-03518,KH. Oman Salahudin,Individual,Perempuan,081218700633,,Semarang,Jawa Tengah,2026-04-01,1
3519,CUST-03519,Dr. Okta Rajasa,Individual,Perempuan,081225041123,galakyuniar@example.org,Tangerang,Banten,2025-05-04,1
3520,CUST-03520,Kanda Laksmiwati,Korporat,Laki-laki,,,Tangerang,Banten,2025-07-13,1
3521,CUST-03521,Drajat Ramadan,Individual,Perempuan,081271580516,hidayatnadia@example.com,Makassar,Sulawesi Selatan,2025-05-01,1
3522,CUST-03522,Bahuwirya Sitorus,Bisnis,Laki-laki,081234213602,ajiono00@example.com,Bandung,Jawa Barat,2025-12-07,1
3523,CUST-03523,Respati Narpati,Individual,Perempuan,081280747462,dalionopangestu@example.net,Palembang,Sumatera Selatan,2024-12-08,1
3524,CUST-03524,Gara Rahimah,Korporat,Perempuan,081286432120,mahmudgunarto@example.org,Solo,Jawa Tengah,2025-04-05,1
3525,CUST-03525,Ozy Mangunsong,Korporat,Laki-laki,081243500605,dalimin36@example.org,Palembang,Sumatera Selatan,2025-05-15,1
3526,CUST-03526,"H. Limar Rahayu, S.Ked",Individual,Perempuan,081243428261,glailasari@example.net,Makassar,Sulawesi Selatan,2025-10-08,1
3527,CUST-03527,Oskar Pratama,Bisnis,Perempuan,081239988984,hendrinamaga@example.com,Bekasi,Jawa Barat,2025-12-01,1
3528,CUST-03528,Taswir Tarihoran,Individual,Laki-laki,081216099737,hasnapratiwi@example.net,Batam,Kepulauan Riau,2026-03-23,1
3529,CUST-03529,Makuta Januar,Individual,Laki-laki,081268271545,ridwan81@example.net,Surabaya,Jawa Timur,2024-08-09,1
3530,CUST-03530,Karsa Anggraini,Bisnis,Perempuan,081266755789,marpaungnaradi@example.org,Jakarta Pusat,DKI Jakarta,2025-10-15,1
3531,CUST-03531,Agnes Sinaga,Individual,Perempuan,081235857723,elvina76@example.com,Batam,Kepulauan Riau,2024-12-25,1
3532,CUST-03532,Panji Lailasari,Individual,Laki-laki,081271170348,eman74@example.org,Makassar,Sulawesi Selatan,2026-02-11,1
3533,CUST-03533,R. Karen Mulyani,Bisnis,Laki-laki,,dpalastri@example.org,Malang,Jawa Timur,2025-11-05,1
3534,CUST-03534,Prasetyo Haryanto,Bisnis,Perempuan,081212940264,sihombingerik@example.com,Balikpapan,Kalimantan Timur,2025-07-06,1
3535,CUST-03535,Raditya Gunawan,Individual,Perempuan,081216576758,lalita39@example.net,Bekasi,Jawa Barat,2025-07-01,1
3536,CUST-03536,Sutan Laswi Saragih,Bisnis,Laki-laki,081211061666,ypradipta@example.com,Makassar,Sulawesi Selatan,2026-03-26,1
3537,CUST-03537,drg. Elma Nuraini,Bisnis,Laki-laki,081251164006,hafshahbudiman@example.com,Tangerang,Banten,2024-09-23,1
3538,CUST-03538,Eka Pudjiastuti,Individual,Perempuan,081225862894,,Medan,Sumatera Utara,2025-09-12,1
3539,CUST-03539,Ir. Pia Sihombing,Individual,Laki-laki,081237886058,wibisonojabal@example.net,Batam,Kepulauan Riau,2025-10-31,1
3540,CUST-03540,Amelia Agustina,Individual,Laki-laki,081212491731,mulya01@example.org,Balikpapan,Kalimantan Timur,2025-06-04,1
3541,CUST-03541,Dalimin Andriani,Individual,Perempuan,081286813166,kemal43@example.org,Batam,Kepulauan Riau,2025-04-30,1
3542,CUST-03542,"Respati Hariyah, S.Ked",Bisnis,Perempuan,081215909830,widododaruna@example.com,Medan,Sumatera Utara,2026-05-27,1
3543,CUST-03543,Taufan Latupono,Individual,Perempuan,081247450294,imamrajasa@example.net,Tangerang,Banten,2024-10-27,1
3544,CUST-03544,Mulyono Mansur,Bisnis,Perempuan,081228895667,banaraprasetyo@example.org,Yogyakarta,DI Yogyakarta,2024-09-26,1
3545,CUST-03545,Wulan Mandasari,Individual,Laki-laki,081272962183,argonoyulianti@example.org,Tangerang,Banten,2024-08-06,1
3546,CUST-03546,"Utama Adriansyah, S.T.",Individual,Perempuan,081217063791,hasnariyanti@example.com,Solo,Jawa Tengah,2026-02-07,1
3547,CUST-03547,Hendra Pranowo,Individual,Laki-laki,081223137554,lasmanto82@example.org,Padang,Sumatera Barat,2024-09-21,1
3548,CUST-03548,Sarah Winarno,Bisnis,Laki-laki,081270560504,jefri87@example.com,Palembang,Sumatera Selatan,2024-12-04,1
3549,CUST-03549,"Cut Jane Natsir, M.M.",Individual,Laki-laki,081269636781,,Surabaya,Jawa Timur,2025-10-24,1
3550,CUST-03550,Qori Prasetya,Individual,Laki-laki,081217130209,kharyanto@example.net,Bandung,Jawa Barat,2025-02-19,1
3551,CUST-03551,"Drs. Lintang Pertiwi, S.E.I",Korporat,Laki-laki,081239713631,halimahrendy@example.org,Makassar,Sulawesi Selatan,2026-05-28,1
3552,CUST-03552,R. Padmi Mulyani,Individual,Perempuan,,cpradana@example.com,Batam,Kepulauan Riau,2026-04-04,1
3553,CUST-03553,Almira Farida,Korporat,Laki-laki,081279245574,shaniafarida@example.net,Surabaya,Jawa Timur,2025-06-01,1
3554,CUST-03554,Icha Irawan,Individual,Perempuan,081278326749,gangsa00@example.org,Manado,Sulawesi Utara,2024-10-27,1
3555,CUST-03555,Tantri Dongoran,Korporat,Perempuan,081227540036,siregarharja@example.com,Balikpapan,Kalimantan Timur,2024-08-26,1
3556,CUST-03556,Zamira Widiastuti,Individual,Perempuan,081272007901,bambangwacana@example.net,Jakarta Selatan,DKI Jakarta,2026-05-17,1
3557,CUST-03557,drg. Karsa Firgantoro,Bisnis,Laki-laki,081274471886,ibrahimprasetya@example.org,Bekasi,Jawa Barat,2024-07-18,1
3558,CUST-03558,Jamal Pradipta,Individual,Perempuan,081213317435,kuswandariyulia@example.net,Jakarta Pusat,DKI Jakarta,2024-07-12,1
3559,CUST-03559,"Tugiman Habibi, M.Farm",Bisnis,Perempuan,081241511183,taswirpertiwi@example.org,Solo,Jawa Tengah,2026-04-06,1
3560,CUST-03560,T. Tomi Sirait,Individual,Laki-laki,081276474344,,Jakarta Pusat,DKI Jakarta,2026-01-13,1
3561,CUST-03561,"Safina Tamba, S.T.",Individual,Laki-laki,081261039705,prasetyaarta@example.net,Medan,Sumatera Utara,2025-04-10,1
3562,CUST-03562,Faizah Tamba,Individual,Perempuan,081265036248,fujiatipurwadi@example.com,Bandung,Jawa Barat,2025-11-09,1
3563,CUST-03563,Harjaya Prasetya,Korporat,Perempuan,081266006748,pradiptaqueen@example.com,Denpasar,Bali,2026-04-18,1
3564,CUST-03564,Lukita Hastuti,Korporat,Perempuan,081296737418,enovitasari@example.org,Semarang,Jawa Tengah,2025-02-07,1
3565,CUST-03565,"Lidya Kusumo, S.Farm",Individual,Laki-laki,081280591610,fwastuti@example.com,Yogyakarta,DI Yogyakarta,2026-06-15,1
3566,CUST-03566,Jasmin Wahyudin,Individual,Perempuan,081223153002,astutijamal@example.net,Balikpapan,Kalimantan Timur,2024-07-11,1
3567,CUST-03567,Lulut Nugroho,Bisnis,Laki-laki,081286568494,wijayantimurti@example.org,Semarang,Jawa Tengah,2025-07-07,1
3568,CUST-03568,Rachel Dabukke,Individual,Perempuan,081291730597,dfirmansyah@example.com,Semarang,Jawa Tengah,2025-07-01,1
3569,CUST-03569,Estiawan Natsir,Individual,Perempuan,081290655913,respatinamaga@example.org,Medan,Sumatera Utara,2025-03-31,1
3570,CUST-03570,Dr. Karya Prasasta,Individual,Laki-laki,081250788283,jsihotang@example.org,Palembang,Sumatera Selatan,2024-09-05,1
3571,CUST-03571,Cahyo Mustofa,Individual,Perempuan,081294625922,vera69@example.org,Balikpapan,Kalimantan Timur,2025-03-01,1
3572,CUST-03572,Puti Mala Novitasari,Individual,Laki-laki,081234139840,,Malang,Jawa Timur,2025-06-01,1
3573,CUST-03573,Gamani Pertiwi,Bisnis,Perempuan,081262742307,legawaprasetyo@example.org,Manado,Sulawesi Utara,2024-12-18,1
3574,CUST-03574,Elma Sihombing,Individual,Laki-laki,081242191613,santosounjani@example.net,Manado,Sulawesi Utara,2025-05-05,1
3575,CUST-03575,Ika Thamrin,Individual,Laki-laki,081281055293,setiawandamar@example.com,Pekanbaru,Riau,2026-03-30,1
3576,CUST-03576,"Hj. Gawati Latupono, M.Pd",Bisnis,Perempuan,081221597503,clestari@example.com,Yogyakarta,DI Yogyakarta,2024-08-28,1
3577,CUST-03577,Vanesa Uyainah,Bisnis,Laki-laki,081257366661,damaniklanang@example.org,Denpasar,Bali,2026-04-12,1
3578,CUST-03578,H. Garang Waluyo,Bisnis,Laki-laki,081253976214,gaiman38@example.com,Bandung,Jawa Barat,2025-08-11,1
3579,CUST-03579,"Oskar Haryanto, S.I.Kom",Individual,Laki-laki,081242271689,uwulandari@example.org,Palembang,Sumatera Selatan,2025-09-27,1
3580,CUST-03580,Umay Sihombing,Bisnis,Perempuan,081216128964,wrahayu@example.net,Banjarmasin,Kalimantan Selatan,2026-04-24,1
3581,CUST-03581,Tomi Mandasari,Individual,Perempuan,081294059692,clestari@example.org,Malang,Jawa Timur,2025-01-29,1
3582,CUST-03582,"Eva Halim, S.I.Kom",Individual,Laki-laki,081255192920,jaeman97@example.org,Malang,Jawa Timur,2025-12-28,1
3583,CUST-03583,"Drs. Prima Hidayanto, M.Ak",Individual,Perempuan,081266777657,jais67@example.com,Bekasi,Jawa Barat,2024-08-05,1
3584,CUST-03584,"Ir. Nasim Marpaung, S.Gz",Individual,Perempuan,081261703161,ymansur@example.org,Manado,Sulawesi Utara,2026-06-08,1
3585,CUST-03585,dr. Pardi Aryani,Individual,Laki-laki,081286219196,,Jakarta Pusat,DKI Jakarta,2026-04-28,1
3586,CUST-03586,Ana Prasetya,Bisnis,Perempuan,081284268629,handayaninilam@example.org,Balikpapan,Kalimantan Timur,2025-04-11,1
3587,CUST-03587,Winda Marbun,Individual,Laki-laki,081270292235,,Palembang,Sumatera Selatan,2025-04-21,1
3588,CUST-03588,Omar Prasasta,Individual,Laki-laki,081251805006,raden19@example.org,Banjarmasin,Kalimantan Selatan,2024-10-03,1
3589,CUST-03589,"Mariadi Budiyanto, S.Sos",Individual,Perempuan,081235311449,puspasarivino@example.org,Batam,Kepulauan Riau,2024-11-29,1
3590,CUST-03590,Yuliana Nasyiah,Individual,Perempuan,081234101812,nrahayu@example.net,Palembang,Sumatera Selatan,2025-01-22,1
3591,CUST-03591,"Ir. Belinda Zulkarnain, M.Pd",Individual,Perempuan,081252243582,lailasalahudin@example.com,Bekasi,Jawa Barat,2024-08-20,1
3592,CUST-03592,Drajat Suryono,Individual,Laki-laki,081251436446,bahuwirya76@example.org,Yogyakarta,DI Yogyakarta,2024-11-18,1
3593,CUST-03593,"dr. Ifa Pratiwi, M.Ak",Bisnis,Laki-laki,081245879229,wulandaricengkal@example.com,Jakarta Pusat,DKI Jakarta,2025-05-30,1
3594,CUST-03594,Tami Maryadi,Individual,Laki-laki,081291508041,warsa99@example.net,Tangerang,Banten,2024-08-12,1
3595,CUST-03595,Asirwada Wulandari,Individual,Laki-laki,081289900228,zahra64@example.com,Palembang,Sumatera Selatan,2026-01-29,1
3596,CUST-03596,"Gamanto Permata, S.Kom",Individual,Perempuan,081293405987,ardiantosakti@example.com,Bekasi,Jawa Barat,2025-12-15,1
3597,CUST-03597,Shania Maulana,Korporat,Laki-laki,081243551453,faridamustofa@example.com,Pekanbaru,Riau,2024-12-16,1
3598,CUST-03598,Kayla Sihotang,Korporat,Laki-laki,081234384929,kala64@example.net,Banjarmasin,Kalimantan Selatan,2024-09-05,1
3599,CUST-03599,Hendri Nuraini,Individual,Laki-laki,081272475597,tarihorangalang@example.org,Padang,Sumatera Barat,2025-11-01,1
3600,CUST-03600,Abyasa Gunarto,Individual,Laki-laki,081224768673,ihakim@example.com,Palembang,Sumatera Selatan,2025-03-10,1
3601,CUST-03601,"Dt. Daniswara Mansur, M.TI.",Bisnis,Perempuan,081219325529,,Banjarmasin,Kalimantan Selatan,2025-11-12,1
3602,CUST-03602,"Wani Wibisono, M.Pd",Individual,Laki-laki,081263665021,pranowokarna@example.net,Batam,Kepulauan Riau,2025-09-18,1
3603,CUST-03603,"Daryani Napitupulu, M.Farm",Individual,Perempuan,081290892926,laksana13@example.com,Balikpapan,Kalimantan Timur,2024-08-29,1
3604,CUST-03604,Vega Wahyudin,Individual,Perempuan,081237616001,mrajasa@example.net,Batam,Kepulauan Riau,2025-09-26,1
3605,CUST-03605,Irsad Suryono,Bisnis,Perempuan,081248131931,xananaharyanto@example.com,Semarang,Jawa Tengah,2024-10-07,1
3606,CUST-03606,Eka Nugroho,Individual,Laki-laki,,uhandayani@example.com,Banjarmasin,Kalimantan Selatan,2026-01-05,1
3607,CUST-03607,"Lidya Siregar, M.TI.",Individual,Laki-laki,081258130891,restusaefullah@example.com,Jakarta Selatan,DKI Jakarta,2026-06-15,1
3608,CUST-03608,Gandi Handayani,Individual,Perempuan,081275251141,namagakacung@example.com,Manado,Sulawesi Utara,2024-07-28,1
3609,CUST-03609,Karimah Mandala,Individual,Laki-laki,081285646319,imahendra@example.org,Semarang,Jawa Tengah,2025-08-29,1
3610,CUST-03610,"Yuni Saputra, S.Kom",Individual,Laki-laki,081242745834,upuspasari@example.org,Denpasar,Bali,2024-09-01,1
3611,CUST-03611,"Edi Habibi, S.Farm",Individual,Laki-laki,081294374956,cemani16@example.com,Padang,Sumatera Barat,2024-11-04,1
3612,CUST-03612,"R. Ozy Mustofa, M.Farm",Korporat,Perempuan,,imamyulianti@example.org,Denpasar,Bali,2026-01-08,1
3613,CUST-03613,Ophelia Sitompul,Individual,Laki-laki,081297422350,ihasanah@example.com,Pekanbaru,Riau,2024-11-12,1
3614,CUST-03614,Prasetyo Kusmawati,Individual,Perempuan,081288448453,nashiruddinnurul@example.com,Medan,Sumatera Utara,2026-03-01,1
3615,CUST-03615,Tiara Oktaviani,Individual,Laki-laki,081293891217,maheswararatna@example.net,Palembang,Sumatera Selatan,2024-10-02,1
3616,CUST-03616,Cawuk Prabowo,Individual,Laki-laki,081210784754,hutasoitoskar@example.com,Jakarta Selatan,DKI Jakarta,2025-07-12,1
3617,CUST-03617,Raihan Nashiruddin,Individual,Laki-laki,081229255993,snababan@example.org,Solo,Jawa Tengah,2025-02-13,1
3618,CUST-03618,"Cinthia Suartini, S.Farm",Korporat,Laki-laki,081228730088,gasti23@example.org,Batam,Kepulauan Riau,2024-10-31,0
3619,CUST-03619,Cawuk Maheswara,Individual,Perempuan,081267678103,wibisonoakarsana@example.org,Bandung,Jawa Barat,2024-09-17,1
3620,CUST-03620,"dr. Dacin Fujiati, M.TI.",Individual,Laki-laki,081262024264,yessi19@example.com,Batam,Kepulauan Riau,2024-06-28,1
3621,CUST-03621,Muni Saragih,Bisnis,Perempuan,081230414045,iramadan@example.org,Banjarmasin,Kalimantan Selatan,2025-06-11,1
3622,CUST-03622,Lidya Astuti,Individual,Perempuan,081282060128,thabibi@example.org,Semarang,Jawa Tengah,2024-10-13,1
3623,CUST-03623,Nurul Puspita,Individual,Perempuan,,,Semarang,Jawa Tengah,2024-06-22,1
3624,CUST-03624,"Mutia Mandala, M.Farm",Individual,Perempuan,081252100696,saputragara@example.net,Banjarmasin,Kalimantan Selatan,2024-11-30,1
3625,CUST-03625,"dr. Mariadi Wijaya, S.Psi",Individual,Perempuan,081217215411,andrianigada@example.org,Bandung,Jawa Barat,2026-01-15,1
3626,CUST-03626,"Kacung Uyainah, S.Sos",Individual,Perempuan,081214298003,pangestujayadi@example.com,Bandung,Jawa Barat,2025-02-17,1
3627,CUST-03627,T. Mulya Rahmawati,Korporat,Perempuan,081294374212,pranatalailasari@example.net,Balikpapan,Kalimantan Timur,2026-05-09,1
3628,CUST-03628,Bakianto Jailani,Bisnis,Laki-laki,081258616600,twastuti@example.com,Bekasi,Jawa Barat,2026-06-01,1
3629,CUST-03629,Pangestu Puspasari,Individual,Laki-laki,081284692890,karimanutama@example.net,Bandung,Jawa Barat,2025-05-10,1
3630,CUST-03630,"Makuta Kusumo, S.E.",Korporat,Perempuan,081293760960,carladongoran@example.net,Jakarta Selatan,DKI Jakarta,2025-12-11,1
3631,CUST-03631,Raisa Prasetyo,Individual,Laki-laki,081299091574,ajiminsuryono@example.org,Batam,Kepulauan Riau,2025-09-10,1
3632,CUST-03632,Anastasia Mansur,Individual,Laki-laki,081257537088,ratna15@example.org,Makassar,Sulawesi Selatan,2025-12-06,1
3633,CUST-03633,"Mila Dabukke, M.Pd",Individual,Perempuan,081266464765,pranatasaptono@example.com,Surabaya,Jawa Timur,2024-08-12,1
3634,CUST-03634,Wage Ramadan,Korporat,Laki-laki,081250287333,yuliantigawati@example.net,Banjarmasin,Kalimantan Selatan,2024-08-04,1
3635,CUST-03635,Yulia Rahayu,Individual,Perempuan,081299198226,estiono65@example.org,Manado,Sulawesi Utara,2025-12-09,1
3636,CUST-03636,"Rafid Wahyuni, S.Pd",Individual,Laki-laki,081237444563,nurdiyantirachel@example.org,Jakarta Selatan,DKI Jakarta,2025-12-11,1
3637,CUST-03637,"Drs. Ulya Namaga, S.IP",Individual,Laki-laki,081231275581,situmorangmumpuni@example.net,Denpasar,Bali,2025-05-08,1
3638,CUST-03638,Mariadi Wibisono,Individual,Laki-laki,081228283200,mulyanto45@example.org,Jakarta Pusat,DKI Jakarta,2024-12-17,1
3639,CUST-03639,Jaiman Irawan,Individual,Laki-laki,081272314331,radityafirgantoro@example.net,Padang,Sumatera Barat,2025-07-30,1
3640,CUST-03640,Nurul Kuswandari,Korporat,Perempuan,081259234525,eka16@example.org,Manado,Sulawesi Utara,2025-01-04,1
3641,CUST-03641,Lasmanto Mandala,Individual,Perempuan,081214026945,haryanticaturangga@example.com,Malang,Jawa Timur,2025-11-27,1
3642,CUST-03642,Alika Nababan,Individual,Perempuan,081256010330,ganepkurniawan@example.org,Tangerang,Banten,2024-08-14,1
3643,CUST-03643,"Cut Yance Wijayanti, S.IP",Bisnis,Laki-laki,081237031161,galionosusanti@example.com,Malang,Jawa Timur,2026-04-09,1
3644,CUST-03644,"Puji Ardianto, S.Ked",Individual,Perempuan,081291703604,mahdi82@example.org,Surabaya,Jawa Timur,2026-02-13,1
3645,CUST-03645,T. Kairav Hutapea,Individual,Perempuan,081235164550,raisasusanti@example.com,Denpasar,Bali,2026-05-09,1
3646,CUST-03646,Anita Farida,Individual,Laki-laki,081249416988,pkusmawati@example.net,Surabaya,Jawa Timur,2024-10-29,1
3647,CUST-03647,R. Najwa Wacana,Korporat,Perempuan,081285552093,hidayatgawati@example.net,Bandung,Jawa Barat,2025-04-26,1
3648,CUST-03648,Ulva Dongoran,Bisnis,Laki-laki,081227073802,veronasyiah@example.net,Pekanbaru,Riau,2025-07-15,1
3649,CUST-03649,Intan Zulaika,Bisnis,Perempuan,081248605482,darman71@example.net,Manado,Sulawesi Utara,2026-03-02,1
3650,CUST-03650,Gara Pradipta,Korporat,Perempuan,081248264318,,Banjarmasin,Kalimantan Selatan,2025-01-09,1
3651,CUST-03651,Nova Marpaung,Individual,Perempuan,081290503567,najwasaragih@example.org,Yogyakarta,DI Yogyakarta,2024-06-26,1
3652,CUST-03652,Mahesa Aryani,Individual,Perempuan,081224606141,samiah11@example.net,Malang,Jawa Timur,2024-06-22,1
3653,CUST-03653,"KH. Mustofa Damanik, M.M.",Individual,Perempuan,081231241798,almiramulyani@example.net,Medan,Sumatera Utara,2025-09-20,1
3654,CUST-03654,Hardana Marbun,Korporat,Perempuan,,saptonojaka@example.com,Makassar,Sulawesi Selatan,2025-11-28,1
3655,CUST-03655,Jabal Lailasari,Individual,Laki-laki,081211603355,,Denpasar,Bali,2025-01-04,1
3656,CUST-03656,Ir. Cakrajiya Kuswandari,Individual,Laki-laki,081281748998,jessica29@example.com,Batam,Kepulauan Riau,2025-12-17,1
3657,CUST-03657,Pandu Sirait,Bisnis,Laki-laki,081222789330,pangestuicha@example.com,Denpasar,Bali,2026-01-20,1
3658,CUST-03658,"R. Devi Firgantoro, S.Gz",Korporat,Perempuan,081259970655,atmamayasari@example.net,Jakarta Selatan,DKI Jakarta,2026-06-03,1
3659,CUST-03659,"Heryanto Agustina, S.Pt",Individual,Perempuan,081258067565,solehlestari@example.com,Solo,Jawa Tengah,2025-12-13,1
3660,CUST-03660,dr. Elisa Simbolon,Individual,Perempuan,081266549936,,Bandung,Jawa Barat,2026-01-29,1
3661,CUST-03661,"Drs. Hasan Adriansyah, S.I.Kom",Individual,Perempuan,081285576804,,Pekanbaru,Riau,2025-05-04,1
3662,CUST-03662,Cut Malika Tarihoran,Individual,Laki-laki,081288097003,kasimbudiyanto@example.org,Malang,Jawa Timur,2024-07-15,1
3663,CUST-03663,Nasrullah Wulandari,Individual,Perempuan,081265436722,wasis88@example.net,Malang,Jawa Timur,2025-05-16,1
3664,CUST-03664,"Dr. Maria Pertiwi, M.Pd",Bisnis,Laki-laki,081246653882,lega42@example.net,Banjarmasin,Kalimantan Selatan,2026-05-10,1
3665,CUST-03665,Zelaya Siregar,Individual,Perempuan,081259945931,cakrawangsasusanti@example.com,Makassar,Sulawesi Selatan,2025-01-15,1
3666,CUST-03666,Olivia Hutasoit,Bisnis,Laki-laki,081246215741,citra00@example.com,Batam,Kepulauan Riau,2026-05-22,1
3667,CUST-03667,"Eli Melani, S.Gz",Individual,Perempuan,081287428737,cahyonojanuar@example.com,Denpasar,Bali,2025-02-14,1
3668,CUST-03668,Sutan Cahyono Farida,Individual,Laki-laki,081287135611,kamaria39@example.com,Batam,Kepulauan Riau,2024-08-06,1
3669,CUST-03669,Sadina Utami,Individual,Perempuan,081265548793,utamagaluh@example.com,Padang,Sumatera Barat,2024-12-09,1
3670,CUST-03670,Heru Puspasari,Individual,Perempuan,081273646818,paulinpuspasari@example.net,Solo,Jawa Tengah,2024-11-23,1
3671,CUST-03671,Sarah Mardhiyah,Individual,Laki-laki,081276732732,wnurdiyanti@example.org,Solo,Jawa Tengah,2025-09-01,1
3672,CUST-03672,"R.A. Vanya Habibi, S.Farm",Individual,Perempuan,081249090088,thutapea@example.net,Makassar,Sulawesi Selatan,2025-04-21,1
3673,CUST-03673,Jaka Wacana,Korporat,Laki-laki,081274631917,malamangunsong@example.net,Banjarmasin,Kalimantan Selatan,2026-06-02,1
3674,CUST-03674,Elma Najmudin,Individual,Perempuan,081278135519,waluyosalahudin@example.net,Banjarmasin,Kalimantan Selatan,2026-03-06,1
3675,CUST-03675,Nugraha Natsir,Individual,Perempuan,081242371794,marsudihandayani@example.net,Banjarmasin,Kalimantan Selatan,2025-07-04,1
3676,CUST-03676,dr. Cici Tarihoran,Individual,Perempuan,081287761551,dariminaryani@example.org,Denpasar,Bali,2024-08-09,1
3677,CUST-03677,"R. Vicky Maryadi, S.Kom",Individual,Perempuan,081279648054,wacanaami@example.com,Semarang,Jawa Tengah,2025-08-29,1
3678,CUST-03678,drg. Lala Irawan,Individual,Laki-laki,081281449077,tampubolonajimat@example.org,Medan,Sumatera Utara,2026-04-03,1
3679,CUST-03679,Candra Rahayu,Individual,Laki-laki,081224241293,ypuspita@example.net,Palembang,Sumatera Selatan,2025-06-07,1
3680,CUST-03680,Laras Nababan,Individual,Laki-laki,081230021422,teddyhariyah@example.org,Malang,Jawa Timur,2026-02-22,1
3681,CUST-03681,Dinda Nababan,Individual,Perempuan,081288183423,wpurnawati@example.com,Semarang,Jawa Tengah,2025-05-09,1
3682,CUST-03682,"Puti Gina Damanik, S.Pt",Individual,Laki-laki,081215316132,permatasakura@example.org,Denpasar,Bali,2025-09-06,1
3683,CUST-03683,drg. Aditya Hakim,Individual,Laki-laki,081269774303,aswani56@example.net,Balikpapan,Kalimantan Timur,2024-07-27,1
3684,CUST-03684,Caraka Situmorang,Individual,Laki-laki,081222264780,purwantikamidin@example.org,Medan,Sumatera Utara,2025-01-01,1
3685,CUST-03685,"R.M. Cakrawala Suryono, S.Ked",Bisnis,Laki-laki,081299921612,handayanieka@example.org,Yogyakarta,DI Yogyakarta,2026-05-27,1
3686,CUST-03686,T. Laswi Hidayanto,Individual,Perempuan,081256051064,oliviautami@example.org,Bandung,Jawa Barat,2026-05-05,1
3687,CUST-03687,"Fathonah Mardhiyah, M.Ak",Bisnis,Perempuan,,prayitnahassanah@example.net,Padang,Sumatera Barat,2025-10-20,1
3688,CUST-03688,"Qori Dongoran, S.Kom",Individual,Laki-laki,081280172454,,Tangerang,Banten,2025-02-25,1
3689,CUST-03689,Manah Tamba,Individual,Laki-laki,081217096065,warji61@example.com,Bekasi,Jawa Barat,2026-01-31,1
3690,CUST-03690,"Tgk. Mala Yolanda, S.T.",Individual,Laki-laki,081238409116,ksusanti@example.com,Manado,Sulawesi Utara,2025-12-22,1
3691,CUST-03691,dr. Argono Handayani,Individual,Perempuan,081287318775,trisimanjuntak@example.org,Malang,Jawa Timur,2025-06-07,0
3692,CUST-03692,Humaira Yulianti,Individual,Perempuan,081260284472,safitriagus@example.org,Bekasi,Jawa Barat,2025-06-16,1
3693,CUST-03693,"R. Raisa Sitompul, S.Sos",Individual,Laki-laki,081284902221,,Tangerang,Banten,2025-03-27,1
3694,CUST-03694,"Cici Maheswara, S.Gz",Individual,Laki-laki,081249963855,mmarpaung@example.org,Solo,Jawa Tengah,2025-05-29,1
3695,CUST-03695,"drg. Gandewa Wijaya, S.IP",Individual,Perempuan,,jaya69@example.com,Yogyakarta,DI Yogyakarta,2025-11-24,1
3696,CUST-03696,Cakrawangsa Simanjuntak,Bisnis,Laki-laki,081247039667,damanikdaliman@example.net,Solo,Jawa Tengah,2025-10-30,1
3697,CUST-03697,Drs. Waluyo Hakim,Individual,Perempuan,081246254661,wibowodarman@example.net,Semarang,Jawa Tengah,2026-05-08,1
3698,CUST-03698,Wirda Winarno,Individual,Perempuan,081299725189,jailnurdiyanti@example.net,Jakarta Selatan,DKI Jakarta,2025-04-09,1
3699,CUST-03699,Ir. Maida Hasanah,Individual,Laki-laki,081265185742,darmaji53@example.net,Banjarmasin,Kalimantan Selatan,2024-11-08,1
3700,CUST-03700,Diana Utama,Individual,Laki-laki,081228730410,parmanprabowo@example.com,Manado,Sulawesi Utara,2024-11-17,1
3701,CUST-03701,"Dt. Bagiya Aryani, S.Pt",Bisnis,Laki-laki,081225721840,pratiwieko@example.net,Manado,Sulawesi Utara,2026-05-04,1
3702,CUST-03702,Jaswadi Halim,Bisnis,Laki-laki,081270115142,catur81@example.net,Bekasi,Jawa Barat,2026-06-18,1
3703,CUST-03703,Dr. Yulia Prastuti,Korporat,Laki-laki,081292415490,winarsihtina@example.com,Jakarta Selatan,DKI Jakarta,2026-02-07,1
3704,CUST-03704,Putu Nainggolan,Individual,Laki-laki,081291185598,megantaraolga@example.net,Semarang,Jawa Tengah,2025-05-02,1
3705,CUST-03705,Paiman Megantara,Bisnis,Laki-laki,081265498819,makara64@example.net,Jakarta Pusat,DKI Jakarta,2025-09-26,1
3706,CUST-03706,"Bahuwarna Hidayat, S.H.",Individual,Laki-laki,081237667173,ekohutapea@example.net,Denpasar,Bali,2025-07-17,1
3707,CUST-03707,Sarah Saptono,Bisnis,Perempuan,081220768528,ridwan79@example.com,Palembang,Sumatera Selatan,2026-06-11,1
3708,CUST-03708,Sabrina Nurdiyanti,Bisnis,Perempuan,081238321531,megantarakarman@example.net,Makassar,Sulawesi Selatan,2024-11-16,1
3709,CUST-03709,Qori Mahendra,Bisnis,Perempuan,081263266641,adikara68@example.com,Balikpapan,Kalimantan Timur,2024-11-13,1
3710,CUST-03710,Zulaikha Kusmawati,Individual,Perempuan,081249874890,radenrajata@example.org,Tangerang,Banten,2024-11-12,1
3711,CUST-03711,"Dt. Budi Maheswara, S.Ked",Individual,Perempuan,081276583597,harjasa75@example.net,Bandung,Jawa Barat,2025-04-25,1
3712,CUST-03712,"Jefri Maulana, S.Gz",Individual,Laki-laki,081249768654,tambamartani@example.net,Surabaya,Jawa Timur,2025-04-26,1
3713,CUST-03713,Jane Safitri,Bisnis,Laki-laki,081260607351,mumpunilestari@example.net,Jakarta Selatan,DKI Jakarta,2025-11-08,1
3714,CUST-03714,"Drs. Latif Pradipta, S.Pt",Individual,Perempuan,081258885139,samosirbakidin@example.com,Makassar,Sulawesi Selatan,2025-11-12,1
3715,CUST-03715,Irnanto Adriansyah,Bisnis,Laki-laki,081298602125,ilaksita@example.org,Banjarmasin,Kalimantan Selatan,2025-12-29,1
3716,CUST-03716,Usman Purnawati,Korporat,Perempuan,081248631160,permadiarta@example.org,Yogyakarta,DI Yogyakarta,2024-07-02,1
3717,CUST-03717,Darmana Rahmawati,Individual,Perempuan,081270164405,cinta64@example.net,Denpasar,Bali,2025-10-29,1
3718,CUST-03718,Emas Kusumo,Individual,Perempuan,081289822383,wibisonoian@example.com,Makassar,Sulawesi Selatan,2026-05-23,1
3719,CUST-03719,Eli Hakim,Bisnis,Laki-laki,081299237565,lembah63@example.com,Jakarta Selatan,DKI Jakarta,2025-06-15,0
3720,CUST-03720,"Ikin Laksmiwati, S.E.",Individual,Laki-laki,081297002497,wardimaryadi@example.com,Jakarta Pusat,DKI Jakarta,2025-07-01,1
3721,CUST-03721,R.M. Jarwadi Hariyah,Individual,Laki-laki,081238670110,gaimanwinarsih@example.com,Balikpapan,Kalimantan Timur,2024-11-19,1
3722,CUST-03722,drg. Natalia Kusmawati,Individual,Laki-laki,081247966297,wsetiawan@example.com,Yogyakarta,DI Yogyakarta,2024-10-17,1
3723,CUST-03723,"Drs. Jaiman Hastuti, M.M.",Individual,Laki-laki,081263769777,zusamah@example.com,Pekanbaru,Riau,2025-06-03,0
3724,CUST-03724,Adikara Siregar,Bisnis,Perempuan,081239600676,,Bandung,Jawa Barat,2025-09-11,1
3725,CUST-03725,"Tgk. Mulyanto Usamah, S.Gz",Individual,Laki-laki,081295877427,hardi71@example.org,Banjarmasin,Kalimantan Selatan,2024-11-10,1
3726,CUST-03726,Kayla Permata,Individual,Perempuan,081294670263,nwinarno@example.org,Banjarmasin,Kalimantan Selatan,2025-11-25,1
3727,CUST-03727,Oliva Putra,Korporat,Laki-laki,081226335378,jutama@example.com,Pekanbaru,Riau,2025-05-12,1
3728,CUST-03728,drg. Zelaya Marpaung,Korporat,Perempuan,081270445061,rika89@example.com,Palembang,Sumatera Selatan,2025-07-16,1
3729,CUST-03729,Gandi Lestari,Individual,Laki-laki,081262931625,anggrainiasman@example.net,Medan,Sumatera Utara,2024-10-14,1
3730,CUST-03730,Febi Handayani,Individual,Perempuan,081244262883,wartasihombing@example.com,Solo,Jawa Tengah,2025-04-12,0
3731,CUST-03731,"drg. Laila Simbolon, M.Kom.",Individual,Laki-laki,081266955850,luhung96@example.net,Makassar,Sulawesi Selatan,2026-04-26,1
3732,CUST-03732,"Jasmin Suwarno, M.Kom.",Individual,Perempuan,081232600931,gada70@example.com,Manado,Sulawesi Utara,2024-09-05,1
3733,CUST-03733,Drs. Cengkal Tampubolon,Individual,Laki-laki,081287345535,lanjarsinaga@example.org,Jakarta Selatan,DKI Jakarta,2025-02-08,1
3734,CUST-03734,Ratih Nababan,Bisnis,Perempuan,081255735860,,Denpasar,Bali,2025-08-27,1
3735,CUST-03735,Ade Agustina,Individual,Perempuan,081282274503,coktaviani@example.net,Batam,Kepulauan Riau,2025-07-23,0
3736,CUST-03736,Martaka Melani,Individual,Laki-laki,081220913186,firgantoroaisyah@example.com,Jakarta Pusat,DKI Jakarta,2025-09-11,0
3737,CUST-03737,Lili Megantara,Individual,Perempuan,081283379711,empluk07@example.com,Padang,Sumatera Barat,2026-01-20,1
3738,CUST-03738,Prayitna Simanjuntak,Individual,Perempuan,081225724799,hidayantodaniswara@example.org,Batam,Kepulauan Riau,2025-05-05,1
3739,CUST-03739,Chelsea Kurniawan,Individual,Perempuan,081264993546,belinda60@example.com,Bekasi,Jawa Barat,2025-03-09,1
3740,CUST-03740,"Sutan Dagel Hassanah, S.I.Kom",Bisnis,Laki-laki,081265004149,lbudiman@example.org,Padang,Sumatera Barat,2025-07-14,1
3741,CUST-03741,Ir. Eva Rahimah,Individual,Laki-laki,081293962289,rahimahsalman@example.org,Bekasi,Jawa Barat,2025-04-30,1
3742,CUST-03742,"Bella Oktaviani, S.Sos",Individual,Perempuan,081280161743,karennashiruddin@example.org,Semarang,Jawa Tengah,2026-05-25,1
3743,CUST-03743,"Hamima Prabowo, S.Sos",Individual,Laki-laki,081234630446,yhasanah@example.net,Jakarta Selatan,DKI Jakarta,2024-10-07,1
3744,CUST-03744,"Puti Amelia Simanjuntak, S.Kom",Korporat,Laki-laki,081213092738,hastutiyuliana@example.net,Denpasar,Bali,2025-12-11,1
3745,CUST-03745,Drs. Wahyu Pratiwi,Bisnis,Laki-laki,081256699367,,Solo,Jawa Tengah,2026-06-18,1
3746,CUST-03746,"Ir. Ikin Salahudin, S.Gz",Individual,Laki-laki,081272645949,,Medan,Sumatera Utara,2025-07-14,1
3747,CUST-03747,Chandra Siregar,Individual,Laki-laki,081276767626,digdaya03@example.net,Bandung,Jawa Barat,2025-03-14,0
3748,CUST-03748,Yulia Suartini,Bisnis,Perempuan,081263257463,thandayani@example.net,Denpasar,Bali,2025-03-05,1
3749,CUST-03749,Farhunnisa Tampubolon,Individual,Laki-laki,081292830452,galih15@example.org,Makassar,Sulawesi Selatan,2024-07-19,1
3750,CUST-03750,Yani Zulaika,Individual,Perempuan,081292615038,ilaksita@example.org,Batam,Kepulauan Riau,2024-06-22,1
3751,CUST-03751,Laila Sitorus,Individual,Perempuan,081232880366,gunawanlega@example.org,Medan,Sumatera Utara,2026-05-24,1
3752,CUST-03752,Vanesa Yulianti,Individual,Perempuan,081262022199,padriansyah@example.com,Medan,Sumatera Utara,2024-07-15,1
3753,CUST-03753,Warsa Haryanto,Bisnis,Perempuan,081234692983,pudjiastutilaila@example.org,Solo,Jawa Tengah,2025-02-04,1
3754,CUST-03754,"Gara Prabowo, S.E.",Individual,Perempuan,081281568799,hariyaheluh@example.org,Semarang,Jawa Tengah,2025-08-05,1
3755,CUST-03755,Malik Puspita,Individual,Perempuan,081223892902,emilyuliarti@example.net,Tangerang,Banten,2025-03-05,1
3756,CUST-03756,R. Jono Jailani,Korporat,Perempuan,081250750398,andrianiivan@example.com,Batam,Kepulauan Riau,2026-05-05,1
3757,CUST-03757,drg. Juli Hidayat,Individual,Laki-laki,081242633441,chelsea32@example.com,Bekasi,Jawa Barat,2025-02-19,1
3758,CUST-03758,Septi Budiyanto,Bisnis,Perempuan,081285176177,tomi84@example.com,Solo,Jawa Tengah,2025-03-21,1
3759,CUST-03759,Paulin Wulandari,Individual,Perempuan,081235291864,mnuraini@example.com,Makassar,Sulawesi Selatan,2025-01-14,1
3760,CUST-03760,"R.M. Nasab Hutapea, S.Sos",Individual,Perempuan,081230816812,siregardarmaji@example.net,Medan,Sumatera Utara,2026-02-21,0
3761,CUST-03761,Lalita Kurniawan,Individual,Perempuan,081219374092,hartatinajam@example.com,Surabaya,Jawa Timur,2025-12-09,1
3762,CUST-03762,"Nadine Hasanah, M.TI.",Bisnis,Perempuan,081287374261,julimaulana@example.com,Semarang,Jawa Tengah,2025-11-22,0
3763,CUST-03763,Raisa Marbun,Individual,Perempuan,081249894152,kusumozizi@example.org,Denpasar,Bali,2025-10-11,0
3764,CUST-03764,Humaira Pudjiastuti,Individual,Perempuan,081289066233,kuntharanurdiyanti@example.com,Medan,Sumatera Utara,2025-10-19,1
3765,CUST-03765,Cindy Rahmawati,Individual,Laki-laki,081216079894,purwanto17@example.com,Palembang,Sumatera Selatan,2025-02-10,1
3766,CUST-03766,"R.M. Opan Mandala, S.Psi",Bisnis,Perempuan,,tsusanti@example.com,Jakarta Pusat,DKI Jakarta,2024-10-21,1
3767,CUST-03767,"Dt. Gara Aryani, S.IP",Individual,Perempuan,081218211997,pranata35@example.net,Balikpapan,Kalimantan Timur,2025-06-08,1
3768,CUST-03768,Zelaya Hutasoit,Individual,Laki-laki,081291605066,anggabayahalim@example.net,Medan,Sumatera Utara,2026-04-18,1
3769,CUST-03769,"Ir. Banawa Wahyudin, S.Pd",Korporat,Perempuan,081241359885,qsitorus@example.org,Yogyakarta,DI Yogyakarta,2024-09-18,1
3770,CUST-03770,Drs. Almira Sitompul,Bisnis,Perempuan,081259867132,vickyhastuti@example.org,Jakarta Pusat,DKI Jakarta,2026-06-15,1
3771,CUST-03771,"Ir. Dodo Widodo, S.E.",Individual,Perempuan,081263706742,,Batam,Kepulauan Riau,2024-12-20,1
3772,CUST-03772,Febi Suryono,Bisnis,Perempuan,081265053465,tirtayasasaptono@example.org,Padang,Sumatera Barat,2024-10-21,1
3773,CUST-03773,"T. Estiawan Sihombing, S.I.Kom",Individual,Perempuan,081210140050,saputramuni@example.com,Banjarmasin,Kalimantan Selatan,2024-10-08,1
3774,CUST-03774,R. Olivia Zulkarnain,Bisnis,Perempuan,081222388513,,Bandung,Jawa Barat,2025-04-23,1
3775,CUST-03775,Cakrawangsa Zulkarnain,Individual,Perempuan,081229383258,habibidarman@example.org,Balikpapan,Kalimantan Timur,2025-07-08,1
3776,CUST-03776,Balamantri Suartini,Individual,Perempuan,081247914046,gaiman27@example.com,Jakarta Pusat,DKI Jakarta,2025-08-01,1
3777,CUST-03777,Clara Budiyanto,Individual,Perempuan,081288013558,taufik43@example.net,Bandung,Jawa Barat,2026-02-27,1
3778,CUST-03778,Gawati Wibisono,Individual,Laki-laki,081218713597,tjanuar@example.net,Yogyakarta,DI Yogyakarta,2026-04-12,1
3779,CUST-03779,dr. Puspa Utama,Individual,Laki-laki,081256331220,prabawamarbun@example.com,Palembang,Sumatera Selatan,2024-09-30,1
3780,CUST-03780,Lili Habibi,Individual,Perempuan,081294274592,utamabagas@example.net,Jakarta Selatan,DKI Jakarta,2024-10-26,1
3781,CUST-03781,"Puti Saputra, M.M.",Korporat,Laki-laki,081220654274,prayoga23@example.com,Malang,Jawa Timur,2024-12-18,1
3782,CUST-03782,Ir. Hamima Siregar,Individual,Laki-laki,081258229653,legahasanah@example.com,Manado,Sulawesi Utara,2025-03-30,0
3783,CUST-03783,Kasim Maheswara,Individual,Laki-laki,081289451109,mangunsonghendra@example.net,Surabaya,Jawa Timur,2025-05-16,1
3784,CUST-03784,T. Jabal Situmorang,Korporat,Perempuan,081219110850,,Yogyakarta,DI Yogyakarta,2026-05-26,1
3785,CUST-03785,H. Taswir Maheswara,Korporat,Perempuan,081259837598,banawa32@example.org,Jakarta Selatan,DKI Jakarta,2025-10-03,1
3786,CUST-03786,Rusman Wahyuni,Individual,Laki-laki,081284519160,yuniaryunita@example.org,Bandung,Jawa Barat,2024-12-06,1
3787,CUST-03787,"Kairav Ardianto, S.Gz",Individual,Laki-laki,081265820730,hmelani@example.net,Makassar,Sulawesi Selatan,2026-02-17,1
3788,CUST-03788,Balijan Haryanto,Individual,Laki-laki,081236799689,hutasoitradit@example.net,Yogyakarta,DI Yogyakarta,2025-09-11,1
3789,CUST-03789,"Cecep Haryanti, S.IP",Korporat,Laki-laki,081244058740,rosman51@example.net,Denpasar,Bali,2024-11-29,1
3790,CUST-03790,Prayitna Pertiwi,Individual,Laki-laki,081226210075,dalimanlaksmiwati@example.net,Tangerang,Banten,2025-09-21,1
3791,CUST-03791,"Tgk. Darmana Farida, S.Farm",Individual,Perempuan,081247470055,anarpati@example.com,Semarang,Jawa Tengah,2024-11-18,1
3792,CUST-03792,"Karimah Suryono, S.Gz",Individual,Perempuan,081272360460,dalima67@example.org,Tangerang,Banten,2024-10-21,0
3793,CUST-03793,H. Paiman Purwanti,Korporat,Laki-laki,081256018769,jlestari@example.net,Yogyakarta,DI Yogyakarta,2025-09-25,1
3794,CUST-03794,Cawisono Waskita,Individual,Perempuan,081252326847,pranowobaktiono@example.net,Tangerang,Banten,2024-08-31,1
3795,CUST-03795,Aditya Wasita,Individual,Laki-laki,,khastuti@example.net,Balikpapan,Kalimantan Timur,2025-01-02,1
3796,CUST-03796,Gandi Fujiati,Individual,Perempuan,081223649897,rahimahgawati@example.org,Jakarta Selatan,DKI Jakarta,2025-03-08,1
3797,CUST-03797,Jaeman Pertiwi,Individual,Laki-laki,081217664584,caturprasasta@example.org,Malang,Jawa Timur,2026-02-10,1
3798,CUST-03798,Harjasa Suryatmi,Individual,Laki-laki,081252950992,atarihoran@example.net,Pekanbaru,Riau,2025-07-10,1
3799,CUST-03799,Diana Dongoran,Individual,Laki-laki,,,Palembang,Sumatera Selatan,2024-08-20,0
3800,CUST-03800,Tgk. Anita Sirait,Individual,Perempuan,081270141603,gangsarhasanah@example.net,Medan,Sumatera Utara,2024-11-12,1
3801,CUST-03801,Dalima Pranowo,Individual,Laki-laki,081222952232,tiaranurdiyanti@example.org,Pekanbaru,Riau,2025-08-17,1
3802,CUST-03802,"H. Endra Pudjiastuti, S.I.Kom",Individual,Laki-laki,081272963759,rudiwahyuni@example.org,Jakarta Selatan,DKI Jakarta,2026-06-02,1
3803,CUST-03803,Harimurti Wastuti,Bisnis,Laki-laki,081227315355,pmulyani@example.net,Padang,Sumatera Barat,2024-09-03,0
3804,CUST-03804,Shania Siregar,Bisnis,Perempuan,081277101236,jasmin50@example.com,Padang,Sumatera Barat,2025-06-11,1
3805,CUST-03805,"Tgk. Carla Irawan, S.Ked",Individual,Perempuan,081282272007,ouwais@example.net,Padang,Sumatera Barat,2025-12-15,1
3806,CUST-03806,Janet Lailasari,Bisnis,Laki-laki,,hardiansyahcarla@example.net,Pekanbaru,Riau,2025-05-19,1
3807,CUST-03807,Radika Laksita,Bisnis,Laki-laki,081285393376,anggrainivanya@example.net,Semarang,Jawa Tengah,2026-03-18,1
3808,CUST-03808,Cahyo Pradipta,Bisnis,Laki-laki,081228452024,csihombing@example.org,Bekasi,Jawa Barat,2024-09-28,1
3809,CUST-03809,"Dr. Raihan Puspita, S.Pd",Bisnis,Laki-laki,081288772393,uwaislasmono@example.org,Bekasi,Jawa Barat,2024-07-02,1
3810,CUST-03810,"Zaenab Sinaga, S.Kom",Individual,Perempuan,081249884683,puspitaatmaja@example.net,Pekanbaru,Riau,2024-12-28,1
3811,CUST-03811,Karen Hartati,Individual,Laki-laki,,simbolonyuni@example.net,Bekasi,Jawa Barat,2025-10-24,1
3812,CUST-03812,"Mila Namaga, M.M.",Individual,Perempuan,081239589538,jsiregar@example.org,Jakarta Pusat,DKI Jakarta,2025-10-27,1
3813,CUST-03813,"Maya Wibisono, M.Kom.",Individual,Laki-laki,081259731153,diantampubolon@example.net,Tangerang,Banten,2026-04-02,1
3814,CUST-03814,"Dr. Atmaja Pradipta, S.Farm",Individual,Perempuan,081235523003,jsuwarno@example.org,Surabaya,Jawa Timur,2025-05-16,1
3815,CUST-03815,Zelda Yuniar,Individual,Perempuan,081292865793,suartinicahyo@example.com,Manado,Sulawesi Utara,2025-10-11,1
3816,CUST-03816,Hartaka Nainggolan,Bisnis,Perempuan,081289762761,vega21@example.net,Tangerang,Banten,2026-06-03,1
3817,CUST-03817,Michelle Anggraini,Bisnis,Perempuan,081263928297,radensusanti@example.net,Medan,Sumatera Utara,2026-05-14,1
3818,CUST-03818,Ami Prakasa,Individual,Laki-laki,081224732948,maulanaendah@example.com,Semarang,Jawa Tengah,2025-11-26,1
3819,CUST-03819,Maria Jailani,Individual,Perempuan,081232134307,hthamrin@example.net,Medan,Sumatera Utara,2024-08-11,1
3820,CUST-03820,Daliman Purwanti,Individual,Laki-laki,081284187026,raisalazuardi@example.org,Palembang,Sumatera Selatan,2024-11-25,1
3821,CUST-03821,"Yuliana Nuraini, S.E.I",Individual,Laki-laki,,qsimbolon@example.org,Pekanbaru,Riau,2026-06-03,1
3822,CUST-03822,"Drs. Belinda Permadi, S.Gz",Individual,Perempuan,081264876779,laswisaputra@example.com,Medan,Sumatera Utara,2025-04-26,1
3823,CUST-03823,Zizi Anggraini,Individual,Perempuan,081293741144,xwasita@example.org,Pekanbaru,Riau,2025-12-05,1
3824,CUST-03824,Jelita Pudjiastuti,Individual,Perempuan,081263999005,vinsenhastuti@example.com,Bekasi,Jawa Barat,2025-10-21,1
3825,CUST-03825,Ir. Cakrajiya Situmorang,Individual,Perempuan,081212556910,wyuniar@example.org,Yogyakarta,DI Yogyakarta,2025-03-18,1
3826,CUST-03826,Sadina Oktaviani,Bisnis,Laki-laki,081219374123,qzulkarnain@example.net,Solo,Jawa Tengah,2025-06-15,1
3827,CUST-03827,Asmuni Haryanto,Individual,Perempuan,081280696818,sihombingelon@example.com,Batam,Kepulauan Riau,2025-12-24,1
3828,CUST-03828,Kunthara Nashiruddin,Korporat,Laki-laki,081283722363,ayulaksmiwati@example.com,Yogyakarta,DI Yogyakarta,2025-12-01,1
3829,CUST-03829,"R.A. Ajeng Rajasa, S.Ked",Individual,Perempuan,081295486144,kandriani@example.org,Manado,Sulawesi Utara,2026-04-16,1
3830,CUST-03830,Asirwada Nashiruddin,Individual,Laki-laki,081214570707,nababanrestu@example.org,Medan,Sumatera Utara,2025-11-23,1
3831,CUST-03831,Ir. Daryani Manullang,Individual,Perempuan,081231532477,,Manado,Sulawesi Utara,2026-05-22,1
3832,CUST-03832,"Erik Wijaya, S.Gz",Individual,Laki-laki,081295472011,gawatisitompul@example.org,Solo,Jawa Tengah,2025-08-31,1
3833,CUST-03833,Salsabila Iswahyudi,Individual,Perempuan,081253251587,gusada@example.org,Medan,Sumatera Utara,2024-07-24,1
3834,CUST-03834,"Pangeran Halimah, S.Ked",Individual,Laki-laki,081296305077,wirda16@example.net,Solo,Jawa Tengah,2024-09-24,1
3835,CUST-03835,"Shania Ardianto, M.Ak",Bisnis,Perempuan,081255766783,haryantoeli@example.org,Jakarta Selatan,DKI Jakarta,2025-03-24,1
3836,CUST-03836,Elma Nainggolan,Bisnis,Laki-laki,081240888137,tampubolonmargana@example.org,Jakarta Selatan,DKI Jakarta,2024-08-09,1
3837,CUST-03837,Amelia Salahudin,Individual,Perempuan,081275935938,ewijaya@example.org,Surabaya,Jawa Timur,2025-10-07,1
3838,CUST-03838,Lanang Tarihoran,Bisnis,Perempuan,081217699559,artawanpermadi@example.net,Bekasi,Jawa Barat,2025-11-20,1
3839,CUST-03839,"R.M. Jarwi Wahyudin, M.Ak",Individual,Laki-laki,081231255270,dalima09@example.org,Makassar,Sulawesi Selatan,2025-02-22,1
3840,CUST-03840,Gamanto Firgantoro,Individual,Laki-laki,081252157285,mnamaga@example.com,Palembang,Sumatera Selatan,2026-05-09,1
3841,CUST-03841,KH. Mitra Rajasa,Individual,Perempuan,081290215403,icha50@example.com,Jakarta Pusat,DKI Jakarta,2026-06-17,1
3842,CUST-03842,Dr. Salsabila Uwais,Individual,Laki-laki,081241169153,suryatmihasim@example.net,Padang,Sumatera Barat,2025-02-07,1
3843,CUST-03843,Adiarja Sirait,Korporat,Laki-laki,081254460182,prasetyodacin@example.com,Batam,Kepulauan Riau,2026-04-21,1
3844,CUST-03844,"dr. Syahrini Damanik, S.Pt",Individual,Laki-laki,081267028076,narpatimitra@example.com,Padang,Sumatera Barat,2025-07-22,1
3845,CUST-03845,Violet Prastuti,Bisnis,Perempuan,081263749908,bahuwarnapalastri@example.org,Balikpapan,Kalimantan Timur,2026-05-11,0
3846,CUST-03846,Jessica Dabukke,Bisnis,Laki-laki,081266351893,,Manado,Sulawesi Utara,2025-11-28,1
3847,CUST-03847,Sabrina Lailasari,Individual,Laki-laki,081295465787,zulkarnainkacung@example.org,Bekasi,Jawa Barat,2026-03-17,1
3848,CUST-03848,"Dt. Jaga Prasetyo, M.Ak",Bisnis,Laki-laki,081263425595,makaramayasari@example.org,Jakarta Pusat,DKI Jakarta,2025-04-17,1
3849,CUST-03849,Keisha Suartini,Bisnis,Laki-laki,081247647037,nasyiahjuli@example.com,Banjarmasin,Kalimantan Selatan,2025-05-07,1
3850,CUST-03850,Maida Saputra,Individual,Laki-laki,081287330587,mujursihombing@example.com,Jakarta Selatan,DKI Jakarta,2025-11-07,1
3851,CUST-03851,Shania Simbolon,Individual,Perempuan,081266187165,snurdiyanti@example.org,Medan,Sumatera Utara,2026-01-25,1
3852,CUST-03852,Tgk. Daruna Permadi,Individual,Laki-laki,081242295729,rnarpati@example.com,Tangerang,Banten,2026-01-25,1
3853,CUST-03853,Ratih Nasyidah,Individual,Perempuan,081299718126,wijayanajwa@example.net,Manado,Sulawesi Utara,2026-05-22,1
3854,CUST-03854,Rika Nasyiah,Individual,Perempuan,081293116418,permadicemplunk@example.org,Bekasi,Jawa Barat,2026-01-26,1
3855,CUST-03855,drg. Kiandra Maryati,Individual,Perempuan,081214834914,pujiutama@example.com,Tangerang,Banten,2025-11-05,1
3856,CUST-03856,Nadia Mahendra,Individual,Perempuan,081210670237,jmarpaung@example.com,Banjarmasin,Kalimantan Selatan,2026-06-11,1
3857,CUST-03857,dr. Victoria Nasyiah,Individual,Perempuan,081210129300,mahfudkusumo@example.org,Denpasar,Bali,2025-07-11,1
3858,CUST-03858,Lintang Laksmiwati,Individual,Perempuan,081253754474,usimbolon@example.net,Manado,Sulawesi Utara,2025-09-05,1
3859,CUST-03859,Alika Padmasari,Individual,Perempuan,081290027174,aprabowo@example.org,Makassar,Sulawesi Selatan,2025-05-08,1
3860,CUST-03860,"drg. Garda Kusumo, S.Pt",Individual,Perempuan,081263199959,lazuardijane@example.net,Padang,Sumatera Barat,2025-04-01,1
3861,CUST-03861,"Darmana Nasyidah, S.H.",Individual,Perempuan,081253324450,mursininwinarsih@example.com,Surabaya,Jawa Timur,2024-09-24,1
3862,CUST-03862,Ibun Permadi,Bisnis,Perempuan,,ehastuti@example.net,Surabaya,Jawa Timur,2025-07-22,1
3863,CUST-03863,Jane Novitasari,Individual,Perempuan,081287957237,mayasaricalista@example.org,Yogyakarta,DI Yogyakarta,2025-10-17,1
3864,CUST-03864,Hardi Saptono,Individual,Laki-laki,081299464836,usantoso@example.com,Medan,Sumatera Utara,2026-05-04,1
3865,CUST-03865,Dr. Tina Sitompul,Korporat,Laki-laki,081221895105,nyoman97@example.org,Palembang,Sumatera Selatan,2024-09-07,1
3866,CUST-03866,Wardi Yulianti,Individual,Laki-laki,081281514970,fpradana@example.com,Jakarta Selatan,DKI Jakarta,2026-01-19,1
3867,CUST-03867,Martani Zulkarnain,Individual,Laki-laki,,mansurhendra@example.com,Jakarta Pusat,DKI Jakarta,2025-10-08,1
3868,CUST-03868,"drg. Ikhsan Narpati, S.T.",Individual,Perempuan,081239031133,pwahyuni@example.net,Yogyakarta,DI Yogyakarta,2024-09-15,1
3869,CUST-03869,Endah Prabowo,Individual,Perempuan,081234579793,oanggraini@example.com,Palembang,Sumatera Selatan,2024-07-18,1
3870,CUST-03870,Malika Salahudin,Individual,Laki-laki,081278374271,puspitaeka@example.net,Tangerang,Banten,2025-12-31,1
3871,CUST-03871,"Maida Sitorus, S.Pt",Individual,Laki-laki,081278127198,daliono45@example.net,Pekanbaru,Riau,2024-09-07,1
3872,CUST-03872,Rahmi Lestari,Individual,Perempuan,081277112662,nugrohodipa@example.org,Padang,Sumatera Barat,2025-03-03,1
3873,CUST-03873,Mutia Mangunsong,Individual,Perempuan,081273622004,limar27@example.net,Semarang,Jawa Tengah,2024-08-21,1
3874,CUST-03874,Hj. Alika Ardianto,Individual,Laki-laki,,puputhalimah@example.net,Jakarta Selatan,DKI Jakarta,2026-05-02,0
3875,CUST-03875,"Aswani Dabukke, S.E.I",Individual,Laki-laki,081278215644,puspa44@example.net,Batam,Kepulauan Riau,2025-01-15,1
3876,CUST-03876,Laila Wulandari,Individual,Laki-laki,081226646783,,Palembang,Sumatera Selatan,2026-05-09,1
3877,CUST-03877,"drg. Elvina Pertiwi, M.Pd",Korporat,Perempuan,081265016224,fpuspita@example.com,Yogyakarta,DI Yogyakarta,2025-03-19,1
3878,CUST-03878,Lasmono Fujiati,Korporat,Laki-laki,081233833343,januarwani@example.net,Surabaya,Jawa Timur,2026-03-11,1
3879,CUST-03879,Melinda Hartati,Individual,Laki-laki,081263727885,prasastagaiman@example.org,Pekanbaru,Riau,2026-02-16,1
3880,CUST-03880,Ophelia Hartati,Bisnis,Perempuan,081250498769,,Malang,Jawa Timur,2025-08-10,1
3881,CUST-03881,Digdaya Marbun,Individual,Perempuan,081294764950,,Batam,Kepulauan Riau,2025-08-06,1
3882,CUST-03882,"T. Umay Nababan, S.Farm",Individual,Perempuan,081237737187,prabawamaheswara@example.com,Balikpapan,Kalimantan Timur,2025-02-05,1
3883,CUST-03883,"Tgk. Daniswara Maryati, S.E.I",Individual,Perempuan,081233439470,setiawankarimah@example.org,Denpasar,Bali,2024-12-18,1
3884,CUST-03884,Drajat Usamah,Individual,Laki-laki,081245891604,wanihariyah@example.com,Semarang,Jawa Tengah,2024-09-28,1
3885,CUST-03885,Sutan Cayadi Yuliarti,Individual,Perempuan,081274754049,astutiellis@example.com,Makassar,Sulawesi Selatan,2025-04-03,1
3886,CUST-03886,"Dr. Galih Saragih, M.M.",Korporat,Laki-laki,081243054545,kusumoraina@example.com,Jakarta Pusat,DKI Jakarta,2025-11-02,1
3887,CUST-03887,Ira Hutasoit,Korporat,Perempuan,081219014497,mustikakuswandari@example.com,Surabaya,Jawa Timur,2025-01-18,1
3888,CUST-03888,Gamblang Pradipta,Individual,Laki-laki,081274614375,maimunah60@example.org,Banjarmasin,Kalimantan Selatan,2025-01-06,1
3889,CUST-03889,Enteng Wibowo,Individual,Perempuan,081259928323,yolandasiska@example.com,Manado,Sulawesi Utara,2025-06-27,1
3890,CUST-03890,Ozy Nuraini,Bisnis,Laki-laki,081228960882,vega74@example.net,Bekasi,Jawa Barat,2026-02-17,1
3891,CUST-03891,"H. Kurnia Ardianto, M.Ak",Individual,Perempuan,081267056828,,Makassar,Sulawesi Selatan,2025-11-24,1
3892,CUST-03892,Titi Ardianto,Individual,Perempuan,,,Makassar,Sulawesi Selatan,2024-12-01,1
3893,CUST-03893,"Sutan Adinata Hartati, M.Ak",Individual,Laki-laki,081252587265,ihsansimbolon@example.org,Batam,Kepulauan Riau,2025-05-10,1
3894,CUST-03894,"R. Wawan Sihotang, S.I.Kom",Individual,Laki-laki,081282049339,prima86@example.org,Palembang,Sumatera Selatan,2025-07-21,1
3895,CUST-03895,"Jaga Sirait, M.Kom.",Bisnis,Perempuan,081265284633,cawisonodongoran@example.com,Pekanbaru,Riau,2024-07-15,1
3896,CUST-03896,Caket Novitasari,Bisnis,Laki-laki,081254806541,widodosurya@example.org,Makassar,Sulawesi Selatan,2024-10-30,1
3897,CUST-03897,Jessica Widiastuti,Individual,Laki-laki,081248360069,ghandayani@example.net,Jakarta Selatan,DKI Jakarta,2024-09-24,1
3898,CUST-03898,"Ellis Zulaika, S.I.Kom",Individual,Perempuan,081213484956,eyulianti@example.com,Denpasar,Bali,2026-05-27,1
3899,CUST-03899,Jane Permadi,Individual,Laki-laki,081220290854,adikamaheswara@example.com,Jakarta Pusat,DKI Jakarta,2025-02-16,0
3900,CUST-03900,"R. Restu Simbolon, M.M.",Bisnis,Perempuan,,wira28@example.org,Balikpapan,Kalimantan Timur,2026-05-12,1
3901,CUST-03901,Alambana Lestari,Individual,Laki-laki,081217723665,padmagunawan@example.com,Jakarta Selatan,DKI Jakarta,2025-05-16,1
3902,CUST-03902,R. Rahmat Nainggolan,Individual,Perempuan,081257718423,,Pekanbaru,Riau,2025-01-29,1
3903,CUST-03903,"Hasim Uwais, M.Ak",Individual,Perempuan,081296313896,ulyaanggraini@example.org,Banjarmasin,Kalimantan Selatan,2025-08-03,1
3904,CUST-03904,Ophelia Rahayu,Korporat,Laki-laki,081274345961,qkusumo@example.net,Banjarmasin,Kalimantan Selatan,2026-04-08,1
3905,CUST-03905,Yance Sudiati,Bisnis,Laki-laki,081279048281,kbudiyanto@example.org,Makassar,Sulawesi Selatan,2025-05-26,1
3906,CUST-03906,dr. Vanesa Wahyudin,Individual,Laki-laki,081270541018,futama@example.com,Malang,Jawa Timur,2025-06-26,1
3907,CUST-03907,Paris Wasita,Individual,Laki-laki,081264930549,lnovitasari@example.org,Medan,Sumatera Utara,2025-08-05,1
3908,CUST-03908,Ade Sirait,Individual,Perempuan,081253622159,rahmi36@example.org,Palembang,Sumatera Selatan,2024-09-03,1
3909,CUST-03909,Hani Uyainah,Individual,Perempuan,081292666920,vyulianti@example.com,Banjarmasin,Kalimantan Selatan,2026-02-03,1
3910,CUST-03910,Paramita Hutapea,Individual,Perempuan,081227160412,,Pekanbaru,Riau,2025-06-28,1
3911,CUST-03911,"Puti Riyanti, M.TI.",Individual,Perempuan,081270050319,,Manado,Sulawesi Utara,2024-12-15,1
3912,CUST-03912,"Drs. Kala Salahudin, S.E.",Individual,Perempuan,081287181380,daniswaralatupono@example.org,Surabaya,Jawa Timur,2024-09-02,1
3913,CUST-03913,Puji Hutagalung,Individual,Perempuan,081262192075,putusihotang@example.com,Yogyakarta,DI Yogyakarta,2026-02-11,1
3914,CUST-03914,Nilam Manullang,Individual,Perempuan,081238062784,,Malang,Jawa Timur,2024-08-22,1
3915,CUST-03915,Natalia Saefullah,Individual,Perempuan,081294555775,kuyainah@example.org,Semarang,Jawa Tengah,2024-10-02,1
3916,CUST-03916,Mutia Iswahyudi,Bisnis,Laki-laki,081293581178,jumariprasetyo@example.com,Balikpapan,Kalimantan Timur,2025-03-24,1
3917,CUST-03917,Cawuk Siregar,Individual,Perempuan,081259824866,sitioktaviani@example.org,Balikpapan,Kalimantan Timur,2024-07-03,1
3918,CUST-03918,Asmadi Lazuardi,Korporat,Perempuan,081277734176,galuhzulkarnain@example.net,Tangerang,Banten,2026-05-06,1
3919,CUST-03919,"Sutan Dipa Pradana, S.Farm",Individual,Laki-laki,081272148422,garang06@example.com,Malang,Jawa Timur,2025-10-16,1
3920,CUST-03920,Drs. Zulfa Santoso,Bisnis,Perempuan,081266900520,melanidagel@example.com,Denpasar,Bali,2025-10-10,1
3921,CUST-03921,Viktor Jailani,Bisnis,Laki-laki,081228469163,kenes10@example.net,Yogyakarta,DI Yogyakarta,2025-11-12,1
3922,CUST-03922,Kala Wasita,Bisnis,Perempuan,081262425715,taswir00@example.net,Palembang,Sumatera Selatan,2025-08-09,1
3923,CUST-03923,"Paramita Namaga, S.IP",Korporat,Laki-laki,081281215088,bahuwiryatampubolon@example.com,Medan,Sumatera Utara,2024-10-15,1
3924,CUST-03924,"Tgk. Taufik Wacana, S.Pd",Korporat,Laki-laki,081295172297,,Tangerang,Banten,2025-07-12,1
3925,CUST-03925,"Cut Fitria Utami, S.H.",Bisnis,Perempuan,081265838382,wnatsir@example.net,Medan,Sumatera Utara,2025-01-21,1
3926,CUST-03926,Paiman Dongoran,Korporat,Laki-laki,081213668364,afarida@example.net,Yogyakarta,DI Yogyakarta,2025-07-03,1
3927,CUST-03927,Novi Gunarto,Korporat,Laki-laki,081239046680,darsirahyuniar@example.com,Makassar,Sulawesi Selatan,2026-01-20,1
3928,CUST-03928,"Malik Halimah, S.E.I",Bisnis,Laki-laki,081230783676,sprastuti@example.org,Makassar,Sulawesi Selatan,2025-08-22,1
3929,CUST-03929,Devi Wacana,Individual,Perempuan,081287911591,ani06@example.net,Bekasi,Jawa Barat,2025-05-20,1
3930,CUST-03930,Hj. Keisha Novitasari,Bisnis,Perempuan,081295751254,wahyuprakasa@example.net,Jakarta Selatan,DKI Jakarta,2025-05-21,1
3931,CUST-03931,Cakrabuana Namaga,Individual,Perempuan,081257282591,kusumodagel@example.com,Jakarta Selatan,DKI Jakarta,2025-05-28,1
3932,CUST-03932,drg. Gangsa Nasyiah,Bisnis,Perempuan,081283171187,,Jakarta Pusat,DKI Jakarta,2025-08-19,0
3933,CUST-03933,"drg. Ade Safitri, S.Farm",Individual,Laki-laki,081261481574,baktiadihasanah@example.net,Yogyakarta,DI Yogyakarta,2026-01-27,1
3934,CUST-03934,Jamil Puspita,Bisnis,Laki-laki,081249653659,asuartini@example.org,Balikpapan,Kalimantan Timur,2025-09-11,1
3935,CUST-03935,Ifa Widiastuti,Individual,Perempuan,081289719824,danu96@example.net,Pekanbaru,Riau,2024-12-07,1
3936,CUST-03936,"Hj. Lili Simbolon, S.E.I",Individual,Laki-laki,,adhiarja05@example.org,Bandung,Jawa Barat,2026-03-28,1
3937,CUST-03937,Argono Laksmiwati,Individual,Perempuan,081252272085,cakrawangsasihombing@example.net,Solo,Jawa Tengah,2024-10-01,1
3938,CUST-03938,R.A. Violet Novitasari,Individual,Perempuan,081231197277,prastutixanana@example.com,Batam,Kepulauan Riau,2025-01-07,1
3939,CUST-03939,Nabila Wibowo,Individual,Perempuan,081220858716,ianjailani@example.net,Banjarmasin,Kalimantan Selatan,2025-11-21,1
3940,CUST-03940,Michelle Saragih,Individual,Laki-laki,081253047967,,Batam,Kepulauan Riau,2024-11-06,1
3941,CUST-03941,Cahyo Mayasari,Individual,Laki-laki,,ngunawan@example.net,Balikpapan,Kalimantan Timur,2026-01-17,1
3942,CUST-03942,"Daryani Oktaviani, M.TI.",Individual,Laki-laki,081280565638,widodoghani@example.net,Surabaya,Jawa Timur,2024-07-14,1
3943,CUST-03943,"Opung Pratiwi, S.T.",Individual,Laki-laki,081263600523,kasim10@example.com,Surabaya,Jawa Timur,2025-04-30,1
3944,CUST-03944,"Rizki Wahyuni, S.H.",Korporat,Perempuan,081275166080,syahrini59@example.org,Balikpapan,Kalimantan Timur,2025-03-23,1
3945,CUST-03945,Sarah Rajasa,Individual,Perempuan,081220756059,gadapalastri@example.com,Surabaya,Jawa Timur,2024-10-30,1
3946,CUST-03946,Yuliana Oktaviani,Individual,Laki-laki,081217498300,laswiutama@example.org,Makassar,Sulawesi Selatan,2025-07-25,1
3947,CUST-03947,Lutfan Rahmawati,Bisnis,Perempuan,081287480416,putriandriani@example.com,Batam,Kepulauan Riau,2025-08-19,1
3948,CUST-03948,Salwa Waluyo,Korporat,Perempuan,081269101768,bagyawidodo@example.net,Banjarmasin,Kalimantan Selatan,2026-02-13,1
3949,CUST-03949,Raina Yuliarti,Individual,Perempuan,081255205364,bwahyuni@example.net,Tangerang,Banten,2025-05-30,1
3950,CUST-03950,Pia Suryono,Individual,Laki-laki,081291089577,muni91@example.net,Makassar,Sulawesi Selatan,2024-06-21,1
3951,CUST-03951,Gaiman Hariyah,Individual,Perempuan,081252080049,azalealazuardi@example.org,Manado,Sulawesi Utara,2024-11-01,1
3952,CUST-03952,KH. Digdaya Aryani,Bisnis,Perempuan,081255874308,,Surabaya,Jawa Timur,2026-01-07,1
3953,CUST-03953,Galih Nainggolan,Individual,Perempuan,081251676670,,Surabaya,Jawa Timur,2025-10-23,1
3954,CUST-03954,Vinsen Wahyudin,Individual,Laki-laki,,irnanto40@example.com,Bandung,Jawa Barat,2026-06-16,1
3955,CUST-03955,Praba Usamah,Bisnis,Laki-laki,081282919966,qyulianti@example.com,Jakarta Selatan,DKI Jakarta,2025-01-16,1
3956,CUST-03956,"Drs. Gambira Aryani, S.Sos",Korporat,Laki-laki,081278051248,puji26@example.net,Solo,Jawa Tengah,2026-05-09,1
3957,CUST-03957,"Bancar Gunarto, S.Farm",Korporat,Perempuan,081273606912,hamzahfirmansyah@example.org,Yogyakarta,DI Yogyakarta,2025-01-21,1
3958,CUST-03958,Oman Hasanah,Korporat,Perempuan,081223427031,galuh30@example.org,Makassar,Sulawesi Selatan,2025-04-20,1
3959,CUST-03959,Laras Winarsih,Individual,Laki-laki,081293544171,johan90@example.net,Balikpapan,Kalimantan Timur,2025-09-21,1
3960,CUST-03960,"Ir. Irnanto Widiastuti, S.Pt",Individual,Perempuan,081299437133,hmahendra@example.net,Manado,Sulawesi Utara,2026-04-24,1
3961,CUST-03961,"Johan Kuswandari, S.I.Kom",Individual,Perempuan,081260130719,verasaragih@example.org,Jakarta Pusat,DKI Jakarta,2025-10-30,1
3962,CUST-03962,"Titi Siregar, S.Farm",Individual,Laki-laki,081250610605,prabowoeko@example.com,Surabaya,Jawa Timur,2026-06-06,1
3963,CUST-03963,"R. Aurora Laksita, M.M.",Bisnis,Perempuan,081215935569,wacanamartana@example.org,Tangerang,Banten,2025-05-12,1
3964,CUST-03964,Heryanto Saputra,Individual,Laki-laki,081233229165,luhung41@example.com,Tangerang,Banten,2026-01-14,1
3965,CUST-03965,"Nasrullah Ardianto, S.Kom",Individual,Laki-laki,081275140828,grajasa@example.com,Malang,Jawa Timur,2026-05-09,1
3966,CUST-03966,Mila Prakasa,Individual,Laki-laki,,uchita10@example.net,Batam,Kepulauan Riau,2025-07-29,1
3967,CUST-03967,"Hari Pertiwi, M.M.",Individual,Laki-laki,081233011793,,Surabaya,Jawa Timur,2025-12-06,0
3968,CUST-03968,Kamal Mansur,Bisnis,Laki-laki,081212512397,prayogo70@example.com,Bandung,Jawa Barat,2025-01-16,1
3969,CUST-03969,Lintang Halim,Bisnis,Perempuan,081263591152,perkasasihombing@example.net,Tangerang,Banten,2026-04-13,1
3970,CUST-03970,"Daruna Kurniawan, S.E.",Individual,Laki-laki,081210229633,adika57@example.com,Yogyakarta,DI Yogyakarta,2026-06-09,1
3971,CUST-03971,Melinda Prayoga,Individual,Perempuan,081272173743,upuspasari@example.org,Padang,Sumatera Barat,2026-01-04,1
3972,CUST-03972,Rosman Iswahyudi,Bisnis,Laki-laki,081260741914,kuswoyodaliman@example.net,Manado,Sulawesi Utara,2025-10-03,1
3973,CUST-03973,R. Harimurti Suartini,Bisnis,Perempuan,081267828234,crajata@example.org,Yogyakarta,DI Yogyakarta,2024-10-19,1
3974,CUST-03974,Jayeng Permata,Individual,Laki-laki,081295551396,nkuswandari@example.com,Yogyakarta,DI Yogyakarta,2025-01-26,1
3975,CUST-03975,Tgk. Gandi Mardhiyah,Individual,Perempuan,081283721738,ridwansalahudin@example.net,Manado,Sulawesi Utara,2026-01-17,1
3976,CUST-03976,Rahmi Widodo,Individual,Perempuan,,rajasakenari@example.org,Jakarta Pusat,DKI Jakarta,2025-12-10,1
3977,CUST-03977,"Dr. Lintang Wibisono, S.I.Kom",Individual,Perempuan,081257475995,lnuraini@example.com,Palembang,Sumatera Selatan,2025-10-28,1
3978,CUST-03978,"Drs. Yulia Simanjuntak, S.Pt",Bisnis,Laki-laki,081226237491,kwastuti@example.com,Malang,Jawa Timur,2026-05-18,1
3979,CUST-03979,Dt. Jefri Prasasta,Bisnis,Laki-laki,081213457234,elma99@example.org,Solo,Jawa Tengah,2026-01-30,1
3980,CUST-03980,R.A. Raisa Tampubolon,Individual,Perempuan,081243204105,sudiatiluwes@example.org,Manado,Sulawesi Utara,2026-02-20,1
3981,CUST-03981,Gabriella Hardiansyah,Bisnis,Perempuan,081286669157,damanikhumaira@example.org,Tangerang,Banten,2025-05-04,1
3982,CUST-03982,Martani Mahendra,Korporat,Perempuan,081264299664,wijayantivero@example.org,Jakarta Pusat,DKI Jakarta,2026-01-25,1
3983,CUST-03983,R. Akarsana Kusumo,Bisnis,Perempuan,081238155380,firmansyahelvina@example.org,Malang,Jawa Timur,2025-09-17,1
3984,CUST-03984,Nugraha Melani,Individual,Perempuan,081274227294,wardayasihombing@example.com,Bekasi,Jawa Barat,2025-01-09,1
3985,CUST-03985,Sakti Hutagalung,Individual,Laki-laki,081221979466,tamilaksmiwati@example.net,Jakarta Selatan,DKI Jakarta,2026-01-02,1
3986,CUST-03986,Drs. Zahra Sinaga,Individual,Laki-laki,081214893926,wawanpratiwi@example.com,Bandung,Jawa Barat,2024-10-24,1
3987,CUST-03987,Ophelia Halimah,Bisnis,Perempuan,081247140260,nyana74@example.org,Yogyakarta,DI Yogyakarta,2025-03-15,1
3988,CUST-03988,Uchita Mardhiyah,Individual,Perempuan,,susantiazalea@example.org,Yogyakarta,DI Yogyakarta,2025-11-22,1
3989,CUST-03989,Pia Lailasari,Individual,Perempuan,081251909285,mahdi22@example.net,Balikpapan,Kalimantan Timur,2025-01-22,1
3990,CUST-03990,Paulin Nasyiah,Individual,Laki-laki,081241596944,puspitaismail@example.org,Semarang,Jawa Tengah,2025-07-29,1
3991,CUST-03991,"drg. Syahrini Mandasari, S.Gz",Individual,Perempuan,081224279979,nasrullahsihombing@example.com,Palembang,Sumatera Selatan,2024-12-07,1
3992,CUST-03992,"R. Michelle Utami, S.Kom",Individual,Laki-laki,,xsihombing@example.com,Semarang,Jawa Tengah,2025-08-09,1
3993,CUST-03993,Gamani Budiman,Korporat,Perempuan,081292056986,rahmawatidarmanto@example.org,Yogyakarta,DI Yogyakarta,2024-11-08,1
3994,CUST-03994,Yuni Pudjiastuti,Individual,Perempuan,081242260640,suryatmipurwanto@example.com,Batam,Kepulauan Riau,2024-11-17,1
3995,CUST-03995,Cut Ifa Novitasari,Bisnis,Laki-laki,081285673251,astutiilyas@example.com,Balikpapan,Kalimantan Timur,2026-02-05,1
3996,CUST-03996,Taufik Simbolon,Bisnis,Perempuan,081230026810,onatsir@example.org,Bekasi,Jawa Barat,2025-05-04,1
3997,CUST-03997,Kamal Natsir,Korporat,Laki-laki,081261731778,dwilaksmiwati@example.org,Denpasar,Bali,2026-01-04,1
3998,CUST-03998,Muhammad Kuswoyo,Individual,Perempuan,081273181047,kmelani@example.org,Jakarta Pusat,DKI Jakarta,2025-08-21,1
3999,CUST-03999,Calista Pudjiastuti,Bisnis,Laki-laki,081219670561,rnatsir@example.net,Jakarta Selatan,DKI Jakarta,2025-07-26,1
4000,CUST-04000,Dinda Hidayat,Individual,Laki-laki,081233917491,siregarelon@example.com,Palembang,Sumatera Selatan,2025-08-18,1
4001,CUST-04001,Aisyah Prastuti,Individual,Perempuan,081240299638,marpaungika@example.com,Banjarmasin,Kalimantan Selatan,2024-12-29,1
4002,CUST-04002,Lili Wijayanti,Bisnis,Perempuan,081265468584,gsinaga@example.net,Bandung,Jawa Barat,2026-06-18,1
4003,CUST-04003,Olivia Safitri,Individual,Perempuan,081248197037,hutagalungikhsan@example.net,Solo,Jawa Tengah,2026-01-04,1
4004,CUST-04004,Bagus Manullang,Individual,Perempuan,081294992234,gatot90@example.com,Tangerang,Banten,2026-02-05,1
4005,CUST-04005,Dr. Qori Halimah,Individual,Perempuan,081239406806,viktorsuartini@example.org,Padang,Sumatera Barat,2026-04-19,1
4006,CUST-04006,Jaeman Hakim,Individual,Perempuan,081295261730,heryantopermata@example.net,Palembang,Sumatera Selatan,2026-04-08,1
4007,CUST-04007,"Hj. Lili Lailasari, S.I.Kom",Individual,Perempuan,081253882619,latuponomichelle@example.org,Palembang,Sumatera Selatan,2025-08-16,1
4008,CUST-04008,Sarah Hutapea,Individual,Perempuan,081278219147,rnajmudin@example.net,Jakarta Pusat,DKI Jakarta,2024-07-17,1
4009,CUST-04009,Ajimat Pratiwi,Bisnis,Laki-laki,081258128777,heru85@example.com,Jakarta Selatan,DKI Jakarta,2024-11-01,1
4010,CUST-04010,"Kayun Nababan, S.Pt",Individual,Perempuan,081228781576,tusada@example.org,Makassar,Sulawesi Selatan,2025-08-02,1
4011,CUST-04011,Latif Saputra,Individual,Perempuan,081292446948,jonopuspasari@example.net,Jakarta Selatan,DKI Jakarta,2026-03-11,1
4012,CUST-04012,Ibrahim Maheswara,Individual,Laki-laki,081285836973,siraitsabrina@example.net,Jakarta Selatan,DKI Jakarta,2026-01-01,1
4013,CUST-04013,Timbul Laksita,Individual,Perempuan,,sramadan@example.org,Denpasar,Bali,2026-06-04,1
4014,CUST-04014,Oliva Manullang,Individual,Perempuan,081225929508,rosman26@example.com,Pekanbaru,Riau,2026-02-26,1
4015,CUST-04015,Lili Prasetyo,Bisnis,Laki-laki,,luwes42@example.org,Pekanbaru,Riau,2025-05-25,1
4016,CUST-04016,Kadir Anggraini,Individual,Perempuan,081218274533,mursita45@example.com,Jakarta Pusat,DKI Jakarta,2024-11-20,1
4017,CUST-04017,Agnes Gunawan,Individual,Perempuan,,jessica27@example.org,Bekasi,Jawa Barat,2024-12-03,1
4018,CUST-04018,Panji Farida,Bisnis,Perempuan,081271262617,pratiwidanuja@example.com,Manado,Sulawesi Utara,2024-08-08,1
4019,CUST-04019,Belinda Purnawati,Individual,Laki-laki,081214149900,uyainahradika@example.org,Jakarta Selatan,DKI Jakarta,2024-09-23,1
4020,CUST-04020,"Bakda Lestari, S.Psi",Individual,Perempuan,081267897666,harjo59@example.net,Surabaya,Jawa Timur,2025-01-14,1
4021,CUST-04021,Elma Nugroho,Individual,Perempuan,081241968686,daryani06@example.net,Solo,Jawa Tengah,2025-08-21,1
4022,CUST-04022,"Sutan Ganjaran Novitasari, S.T.",Individual,Perempuan,081271892035,whakim@example.net,Denpasar,Bali,2025-03-09,1
4023,CUST-04023,Lalita Mustofa,Individual,Perempuan,081258248696,dariati04@example.org,Bekasi,Jawa Barat,2026-01-25,1
4024,CUST-04024,Puput Maheswara,Individual,Perempuan,081298874939,puspitagina@example.org,Jakarta Pusat,DKI Jakarta,2024-10-11,1
4025,CUST-04025,Uli Haryanto,Individual,Perempuan,081255187443,prasetyabakiono@example.com,Manado,Sulawesi Utara,2025-10-22,1
4026,CUST-04026,Drs. Umaya Uyainah,Individual,Laki-laki,081222805245,wardi63@example.com,Malang,Jawa Timur,2026-06-16,1
4027,CUST-04027,Rini Permata,Bisnis,Laki-laki,081222032950,klestari@example.org,Semarang,Jawa Tengah,2025-06-27,1
4028,CUST-04028,"Tgk. Cagak Mardhiyah, S.Gz",Individual,Perempuan,081239724316,padmasaritari@example.net,Balikpapan,Kalimantan Timur,2025-05-03,1
4029,CUST-04029,Eva Maheswara,Individual,Laki-laki,081230335552,,Tangerang,Banten,2025-06-12,1
4030,CUST-04030,drg. Jaka Januar,Individual,Perempuan,081257752974,rbudiman@example.org,Manado,Sulawesi Utara,2025-12-30,1
4031,CUST-04031,Harsanto Wasita,Bisnis,Laki-laki,081245202274,verodabukke@example.org,Solo,Jawa Tengah,2025-12-06,1
4032,CUST-04032,Garang Samosir,Individual,Laki-laki,,smanullang@example.com,Jakarta Selatan,DKI Jakarta,2025-07-21,1
4033,CUST-04033,Putri Mansur,Individual,Perempuan,081278467554,bakiadimarpaung@example.net,Bekasi,Jawa Barat,2025-10-30,1
4034,CUST-04034,Usyi Siregar,Bisnis,Laki-laki,081264927335,murti17@example.com,Padang,Sumatera Barat,2024-11-20,1
4035,CUST-04035,"Nabila Padmasari, S.E.I",Individual,Perempuan,081259566296,balamantri58@example.com,Palembang,Sumatera Selatan,2026-05-03,1
4036,CUST-04036,"drg. Karen Sihotang, M.Ak",Individual,Perempuan,081294709819,langgengmandasari@example.net,Malang,Jawa Timur,2026-03-02,1
4037,CUST-04037,R.A. Zulfa Utama,Bisnis,Laki-laki,081215433156,,Tangerang,Banten,2024-07-22,0
4038,CUST-04038,Fitria Prabowo,Individual,Perempuan,081216792421,ypermata@example.org,Bandung,Jawa Barat,2026-03-12,1
4039,CUST-04039,"Dt. Hardi Susanti, S.Sos",Korporat,Perempuan,081216705010,respatilestari@example.net,Medan,Sumatera Utara,2025-06-07,1
4040,CUST-04040,Asirwanda Saputra,Individual,Perempuan,081228133751,jonousada@example.net,Bandung,Jawa Barat,2026-01-31,1
4041,CUST-04041,Puti Siti Nasyiah,Individual,Laki-laki,081211231144,,Manado,Sulawesi Utara,2024-08-26,1
4042,CUST-04042,Drs. Kani Najmudin,Bisnis,Perempuan,081280013606,,Makassar,Sulawesi Selatan,2025-06-04,1
4043,CUST-04043,Ellis Purnawati,Bisnis,Perempuan,081234204225,wijayantijoko@example.org,Batam,Kepulauan Riau,2026-03-20,1
4044,CUST-04044,"R.A. Julia Nurdiyanti, S.Psi",Korporat,Perempuan,081216484472,eusamah@example.com,Jakarta Selatan,DKI Jakarta,2024-12-24,1
4045,CUST-04045,Banara Napitupulu,Individual,Laki-laki,081261727321,hanggraini@example.org,Balikpapan,Kalimantan Timur,2025-01-14,1
4046,CUST-04046,"Lembah Narpati, S.E.I",Individual,Laki-laki,081220783459,eli06@example.org,Tangerang,Banten,2024-12-20,1
4047,CUST-04047,Timbul Kuswandari,Individual,Laki-laki,081248516255,taufikjanuar@example.com,Batam,Kepulauan Riau,2026-01-31,1
4048,CUST-04048,Elisa Hastuti,Bisnis,Laki-laki,081252127289,,Jakarta Pusat,DKI Jakarta,2026-06-16,1
4049,CUST-04049,drg. Tantri Kusumo,Individual,Laki-laki,081268241961,agustinadimaz@example.org,Yogyakarta,DI Yogyakarta,2026-02-11,1
4050,CUST-04050,"Elvin Utami, S.Pt",Individual,Laki-laki,081267130078,anastasiaharyanto@example.com,Batam,Kepulauan Riau,2025-04-16,1
4051,CUST-04051,Cahyono Suwarno,Korporat,Perempuan,,pia65@example.org,Padang,Sumatera Barat,2024-10-08,1
4052,CUST-04052,Zizi Prasetyo,Korporat,Perempuan,081257515403,bagaswacana@example.com,Manado,Sulawesi Utara,2026-02-13,1
4053,CUST-04053,"Jindra Farida, S.H.",Individual,Perempuan,081270341331,luis81@example.org,Surabaya,Jawa Timur,2026-04-15,1
4054,CUST-04054,Jaya Novitasari,Individual,Laki-laki,081259666365,zulaikauda@example.org,Malang,Jawa Timur,2024-10-10,1
4055,CUST-04055,Tania Laksita,Individual,Laki-laki,081251788974,lmaheswara@example.com,Denpasar,Bali,2025-07-26,1
4056,CUST-04056,"drg. Endah Prasasta, S.IP",Individual,Laki-laki,081279238945,kenes21@example.org,Pekanbaru,Riau,2024-07-07,1
4057,CUST-04057,Sutan Lasmanto Mulyani,Individual,Laki-laki,081290952794,prakasacinthia@example.com,Manado,Sulawesi Utara,2026-04-27,1
4058,CUST-04058,"Dinda Prakasa, S.Ked",Korporat,Laki-laki,081248386483,wriyanti@example.org,Denpasar,Bali,2026-02-16,1
4059,CUST-04059,"Sutan Nyoman Sudiati, S.T.",Individual,Perempuan,081266626094,eli82@example.com,Padang,Sumatera Barat,2026-06-20,0
4060,CUST-04060,Lantar Tampubolon,Individual,Laki-laki,081247412527,utamipuspa@example.com,Bekasi,Jawa Barat,2025-03-31,1
4061,CUST-04061,"Tina Kurniawan, S.E.I",Korporat,Perempuan,081244845050,,Jakarta Selatan,DKI Jakarta,2025-06-09,1
4062,CUST-04062,"Darmanto Saputra, M.Pd",Individual,Perempuan,081259085253,ipranowo@example.com,Bekasi,Jawa Barat,2025-07-25,1
4063,CUST-04063,Adika Oktaviani,Individual,Laki-laki,081239699735,okto47@example.com,Medan,Sumatera Utara,2026-06-08,1
4064,CUST-04064,Wirda Budiyanto,Bisnis,Laki-laki,081246920532,laras74@example.net,Denpasar,Bali,2024-11-21,1
4065,CUST-04065,Rizki Palastri,Individual,Laki-laki,081289614444,fhandayani@example.com,Manado,Sulawesi Utara,2026-01-14,1
4066,CUST-04066,Drs. Wage Mardhiyah,Individual,Perempuan,081240747210,cemeti57@example.net,Bandung,Jawa Barat,2025-06-26,1
4067,CUST-04067,Dt. Prayitna Yulianti,Individual,Laki-laki,081249886162,rwahyudin@example.net,Malang,Jawa Timur,2026-02-17,1
4068,CUST-04068,Zulfa Saragih,Korporat,Perempuan,,kanihalim@example.org,Solo,Jawa Tengah,2026-03-17,1
4069,CUST-04069,Aditya Kurniawan,Bisnis,Laki-laki,081290412442,ghardiansyah@example.com,Tangerang,Banten,2025-09-09,1
4070,CUST-04070,"drg. Satya Prasetyo, S.Gz",Individual,Perempuan,081249358473,wirabudiman@example.com,Medan,Sumatera Utara,2024-10-28,1
4071,CUST-04071,Puti Pratiwi,Individual,Perempuan,081295335558,limar19@example.com,Jakarta Selatan,DKI Jakarta,2026-03-02,1
4072,CUST-04072,Paris Prastuti,Individual,Laki-laki,081250238106,eko85@example.com,Pekanbaru,Riau,2025-01-23,1
4073,CUST-04073,"Talia Widiastuti, M.Pd",Individual,Laki-laki,081252700432,asmuni37@example.org,Padang,Sumatera Barat,2024-09-27,1
4074,CUST-04074,"Ismail Siregar, S.E.",Individual,Laki-laki,081290741403,ltampubolon@example.org,Surabaya,Jawa Timur,2025-04-06,1
4075,CUST-04075,R.A. Elma Waskita,Individual,Laki-laki,081263429631,yosef99@example.com,Solo,Jawa Tengah,2024-08-19,1
4076,CUST-04076,Belinda Mayasari,Individual,Perempuan,081257002609,nugrohohamima@example.net,Manado,Sulawesi Utara,2025-11-08,1
4077,CUST-04077,R.A. Devi Kuswoyo,Bisnis,Laki-laki,081268781684,tirtayasamulyani@example.org,Surabaya,Jawa Timur,2025-08-06,1
4078,CUST-04078,"drg. Mulya Rajata, S.Ked",Individual,Perempuan,081233623776,marsudi29@example.org,Solo,Jawa Tengah,2024-08-15,1
4079,CUST-04079,R.A. Ratih Saputra,Individual,Perempuan,081265581549,muyainah@example.org,Padang,Sumatera Barat,2024-11-04,1
4080,CUST-04080,Harjo Suryatmi,Individual,Laki-laki,081219551653,kenzie87@example.net,Yogyakarta,DI Yogyakarta,2024-12-26,1
4081,CUST-04081,Ciaobella Sitompul,Bisnis,Perempuan,081222094133,adriansyahvicky@example.com,Solo,Jawa Tengah,2026-06-02,1
4082,CUST-04082,Dr. Victoria Januar,Individual,Laki-laki,081269493777,,Jakarta Selatan,DKI Jakarta,2026-02-19,1
4083,CUST-04083,Jagapati Firgantoro,Individual,Perempuan,081211388410,oandriani@example.com,Banjarmasin,Kalimantan Selatan,2025-01-23,1
4084,CUST-04084,Prayoga Kusmawati,Bisnis,Laki-laki,081221735470,niyagadongoran@example.net,Pekanbaru,Riau,2025-01-29,1
4085,CUST-04085,"Prasetyo Jailani, S.Pd",Individual,Laki-laki,081237069364,mandalasamsul@example.org,Medan,Sumatera Utara,2024-10-07,1
4086,CUST-04086,Lukita Budiyanto,Individual,Perempuan,081287555781,karsanakusmawati@example.com,Palembang,Sumatera Selatan,2024-10-29,1
4087,CUST-04087,Ellis Kusumo,Individual,Laki-laki,081223318429,krahmawati@example.net,Semarang,Jawa Tengah,2026-01-10,1
4088,CUST-04088,"Dr. Ciaobella Zulkarnain, S.IP",Individual,Laki-laki,081279642327,jessicamustofa@example.net,Makassar,Sulawesi Selatan,2026-04-06,1
4089,CUST-04089,Gawati Agustina,Korporat,Perempuan,081243680387,rhartati@example.net,Bandung,Jawa Barat,2025-01-11,1
4090,CUST-04090,Dr. Amalia Hassanah,Individual,Laki-laki,081237191430,prasetyoadhiarja@example.net,Tangerang,Banten,2025-02-15,1
4091,CUST-04091,"Balapati Rajasa, M.Ak",Korporat,Laki-laki,081240299808,anom17@example.org,Malang,Jawa Timur,2024-12-23,1
4092,CUST-04092,Hani Sihombing,Individual,Laki-laki,081219169687,hartana62@example.org,Malang,Jawa Timur,2025-10-15,1
4093,CUST-04093,Anggabaya Mangunsong,Korporat,Laki-laki,081299803986,rudi28@example.net,Banjarmasin,Kalimantan Selatan,2025-03-27,1
4094,CUST-04094,KH. Endra Napitupulu,Individual,Perempuan,081282164589,wijayantigangsa@example.org,Bekasi,Jawa Barat,2024-07-16,1
4095,CUST-04095,"dr. Harjasa Firgantoro, M.TI.",Individual,Laki-laki,,thastuti@example.net,Jakarta Pusat,DKI Jakarta,2026-04-14,1
4096,CUST-04096,"Tgk. Emong Mangunsong, S.Pd",Individual,Perempuan,081297531682,wsamosir@example.org,Pekanbaru,Riau,2024-10-17,1
4097,CUST-04097,drg. Hartana Usada,Individual,Perempuan,081249013970,hpuspita@example.com,Pekanbaru,Riau,2025-10-31,1
4098,CUST-04098,"R.A. Kamaria Budiyanto, S.Farm",Individual,Perempuan,081225201560,,Banjarmasin,Kalimantan Selatan,2025-07-27,1
4099,CUST-04099,"T. Daryani Nashiruddin, S.Sos",Individual,Perempuan,081252226966,balidinnarpati@example.org,Jakarta Selatan,DKI Jakarta,2025-11-19,1
4100,CUST-04100,Drs. Rahmi Hastuti,Individual,Laki-laki,081297414424,cagustina@example.com,Yogyakarta,DI Yogyakarta,2024-09-19,1
4101,CUST-04101,Hana Yuliarti,Individual,Perempuan,081254997474,namagagandewa@example.com,Palembang,Sumatera Selatan,2025-05-06,1
4102,CUST-04102,dr. Lutfan Irawan,Individual,Laki-laki,081216255524,candrakanta78@example.net,Bekasi,Jawa Barat,2025-11-03,1
4103,CUST-04103,dr. Banara Sitorus,Bisnis,Perempuan,081289920304,,Pekanbaru,Riau,2025-04-09,1
4104,CUST-04104,Cahya Astuti,Individual,Perempuan,081294876282,artantonugroho@example.net,Jakarta Pusat,DKI Jakarta,2025-10-05,1
4105,CUST-04105,Kasiyah Sinaga,Individual,Perempuan,081269730609,hakimkeisha@example.org,Yogyakarta,DI Yogyakarta,2024-12-16,1
4106,CUST-04106,"Gadang Widodo, M.Ak",Individual,Laki-laki,081214129898,ulva41@example.com,Solo,Jawa Tengah,2025-02-13,1
4107,CUST-04107,Puti Shakila Nasyiah,Individual,Laki-laki,081265471403,januaranastasia@example.org,Bekasi,Jawa Barat,2025-01-27,1
4108,CUST-04108,Opan Mandasari,Individual,Perempuan,081227920595,purwantijulia@example.org,Jakarta Selatan,DKI Jakarta,2024-10-01,1
4109,CUST-04109,Prayitna Adriansyah,Individual,Perempuan,081296591605,melaniluwar@example.net,Semarang,Jawa Tengah,2025-07-16,1
4110,CUST-04110,Putri Wijaya,Individual,Laki-laki,081275343405,,Yogyakarta,DI Yogyakarta,2025-11-28,1
4111,CUST-04111,Ir. Sakura Wasita,Individual,Perempuan,081241396875,hendramanullang@example.net,Pekanbaru,Riau,2025-04-23,1
4112,CUST-04112,Naradi Pangestu,Individual,Laki-laki,081214017276,pangestucahya@example.com,Denpasar,Bali,2026-03-09,1
4113,CUST-04113,Dr. Patricia Rajasa,Individual,Perempuan,081253737851,zsuwarno@example.net,Manado,Sulawesi Utara,2024-07-20,1
4114,CUST-04114,"Darimin Firmansyah, S.T.",Bisnis,Laki-laki,081271177170,haryantokani@example.com,Malang,Jawa Timur,2025-02-14,1
4115,CUST-04115,"Ir. Harimurti Setiawan, S.Sos",Individual,Perempuan,081225923518,jhardiansyah@example.com,Jakarta Selatan,DKI Jakarta,2026-01-31,1
4116,CUST-04116,Dr. Marsudi Yuniar,Individual,Laki-laki,081252328101,lestariwira@example.com,Batam,Kepulauan Riau,2024-12-14,1
4117,CUST-04117,Agnes Nuraini,Individual,Laki-laki,081210521068,ibun68@example.com,Palembang,Sumatera Selatan,2025-12-18,1
4118,CUST-04118,"Zelda Sudiati, M.TI.",Individual,Laki-laki,081246246032,restu28@example.org,Manado,Sulawesi Utara,2024-11-13,0
4119,CUST-04119,Martani Tamba,Individual,Perempuan,,nwibowo@example.com,Batam,Kepulauan Riau,2025-08-16,1
4120,CUST-04120,dr. Setya Habibi,Korporat,Laki-laki,081284478430,winarsihtantri@example.org,Bekasi,Jawa Barat,2025-07-15,1
4121,CUST-04121,Gabriella Riyanti,Individual,Perempuan,081280956312,oliviahariyah@example.com,Tangerang,Banten,2025-07-24,0
4122,CUST-04122,Gaduh Hassanah,Individual,Perempuan,081290798339,cahyanto09@example.net,Denpasar,Bali,2025-01-14,1
4123,CUST-04123,"Gangsa Nababan, M.TI.",Bisnis,Perempuan,081285887935,darmanpermata@example.com,Medan,Sumatera Utara,2025-10-17,1
4124,CUST-04124,"dr. Jaya Hassanah, M.Pd",Individual,Perempuan,081296846445,zulkarnainyosef@example.net,Jakarta Selatan,DKI Jakarta,2025-06-26,1
4125,CUST-04125,Harjaya Namaga,Individual,Perempuan,081224534871,tmansur@example.org,Palembang,Sumatera Selatan,2026-03-31,1
4126,CUST-04126,Tomi Dongoran,Individual,Perempuan,081285812183,hidayantolabuh@example.org,Padang,Sumatera Barat,2025-04-01,1
4127,CUST-04127,Kani Manullang,Individual,Perempuan,081272146057,nwastuti@example.com,Tangerang,Banten,2024-08-15,1
4128,CUST-04128,Prabu Sihotang,Individual,Perempuan,081248486601,perkasa91@example.org,Bekasi,Jawa Barat,2025-07-22,1
4129,CUST-04129,Opan Pudjiastuti,Individual,Perempuan,081225658629,mdamanik@example.org,Bandung,Jawa Barat,2026-02-10,1
4130,CUST-04130,"Simon Usamah, S.Pd",Individual,Perempuan,081235518260,garang81@example.com,Makassar,Sulawesi Selatan,2025-02-04,1
4131,CUST-04131,Dr. Vivi Hakim,Individual,Perempuan,081221380390,utamamujur@example.org,Medan,Sumatera Utara,2024-11-05,1
4132,CUST-04132,Purwa Farida,Individual,Laki-laki,081235739981,melanigilda@example.net,Semarang,Jawa Tengah,2026-04-20,1
4133,CUST-04133,Karma Gunarto,Korporat,Perempuan,081291979873,handayaninarji@example.org,Bekasi,Jawa Barat,2024-12-01,1
4134,CUST-04134,"R.A. Talia Permadi, S.Farm",Individual,Laki-laki,,luis79@example.org,Banjarmasin,Kalimantan Selatan,2025-06-27,1
4135,CUST-04135,Tgk. Samiah Adriansyah,Individual,Perempuan,081267795409,wasitamichelle@example.com,Medan,Sumatera Utara,2026-05-09,1
4136,CUST-04136,Cayadi Laksmiwati,Individual,Perempuan,081295124456,,Semarang,Jawa Tengah,2025-02-03,1
4137,CUST-04137,Gatot Salahudin,Bisnis,Laki-laki,081222417319,hamima32@example.com,Semarang,Jawa Tengah,2024-07-17,1
4138,CUST-04138,Calista Wibisono,Individual,Perempuan,081223756145,hakimkezia@example.net,Surabaya,Jawa Timur,2024-08-25,1
4139,CUST-04139,Dr. Gantar Suryatmi,Individual,Laki-laki,081257623153,hasna76@example.org,Bandung,Jawa Barat,2024-08-05,1
4140,CUST-04140,"Ridwan Yuliarti, S.Farm",Korporat,Laki-laki,081235861821,,Jakarta Pusat,DKI Jakarta,2025-09-16,1
4141,CUST-04141,Diah Permadi,Bisnis,Perempuan,081233411241,teddywijayanti@example.com,Denpasar,Bali,2025-02-18,1
4142,CUST-04142,Galuh Wulandari,Bisnis,Perempuan,081238825147,oadriansyah@example.com,Surabaya,Jawa Timur,2025-09-09,1
4143,CUST-04143,Genta Situmorang,Individual,Laki-laki,081288758625,,Solo,Jawa Tengah,2025-09-27,0
4144,CUST-04144,Parman Agustina,Individual,Perempuan,081216195315,jarwadiprasasta@example.com,Makassar,Sulawesi Selatan,2025-09-24,1
4145,CUST-04145,Hendri Utami,Individual,Laki-laki,081271959858,wmangunsong@example.com,Bandung,Jawa Barat,2025-07-17,1
4146,CUST-04146,Kawaya Uyainah,Individual,Laki-laki,081294084504,vpertiwi@example.com,Bandung,Jawa Barat,2025-04-02,1
4147,CUST-04147,"Dewi Damanik, S.H.",Individual,Laki-laki,081215020924,ratih64@example.net,Manado,Sulawesi Utara,2025-11-19,1
4148,CUST-04148,Eman Putra,Individual,Laki-laki,081288679329,febipadmasari@example.net,Malang,Jawa Timur,2025-04-11,1
4149,CUST-04149,"H. Cahyanto Hassanah, S.T.",Individual,Laki-laki,081217803888,lpertiwi@example.net,Bandung,Jawa Barat,2026-03-27,1
4150,CUST-04150,Calista Yolanda,Individual,Perempuan,081284209200,rahmawatimitra@example.com,Manado,Sulawesi Utara,2025-07-22,1
4151,CUST-04151,Ajimin Andriani,Korporat,Laki-laki,081250764599,lega84@example.org,Banjarmasin,Kalimantan Selatan,2024-11-09,1
4152,CUST-04152,Purwa Waskita,Individual,Laki-laki,081249463396,ysaptono@example.org,Solo,Jawa Tengah,2025-08-07,1
4153,CUST-04153,dr. Septi Usamah,Korporat,Laki-laki,081211129313,argonolestari@example.com,Bekasi,Jawa Barat,2024-09-21,1
4154,CUST-04154,Almira Pradipta,Korporat,Laki-laki,081223905995,rinimarbun@example.org,Balikpapan,Kalimantan Timur,2024-10-04,1
4155,CUST-04155,Jane Safitri,Individual,Perempuan,081242022181,hidayatlamar@example.org,Banjarmasin,Kalimantan Selatan,2026-02-20,1
4156,CUST-04156,Wani Usamah,Individual,Laki-laki,081224890159,gsitumorang@example.org,Padang,Sumatera Barat,2025-09-09,1
4157,CUST-04157,Michelle Hassanah,Individual,Laki-laki,081271006317,yuliantiaurora@example.org,Malang,Jawa Timur,2026-01-31,1
4158,CUST-04158,"Puti Hasna Winarsih, M.Pd",Individual,Perempuan,081282038375,pranata18@example.net,Medan,Sumatera Utara,2025-03-18,1
4159,CUST-04159,Prasetyo Aryani,Korporat,Laki-laki,081279239962,restusuartini@example.net,Yogyakarta,DI Yogyakarta,2025-01-24,1
4160,CUST-04160,Septi Iswahyudi,Individual,Perempuan,081269164495,genta28@example.net,Tangerang,Banten,2025-12-18,1
4161,CUST-04161,Sadina Budiman,Individual,Perempuan,081227168536,devi19@example.com,Palembang,Sumatera Selatan,2025-04-27,1
4162,CUST-04162,Tgk. Zulfa Nasyiah,Individual,Laki-laki,081265175862,,Bekasi,Jawa Barat,2026-03-30,1
4163,CUST-04163,R.M. Hendri Wahyuni,Individual,Laki-laki,081217025856,vprasetyo@example.org,Medan,Sumatera Utara,2025-04-18,1
4164,CUST-04164,R. Ellis Saefullah,Bisnis,Laki-laki,081275988864,siraitrahmi@example.org,Bandung,Jawa Barat,2025-12-11,1
4165,CUST-04165,Diana Utami,Individual,Laki-laki,081241538164,bmelani@example.net,Tangerang,Banten,2024-09-22,1
4166,CUST-04166,Umi Haryanti,Individual,Laki-laki,081213685425,hastutifathonah@example.com,Banjarmasin,Kalimantan Selatan,2025-11-16,1
4167,CUST-04167,"Puti Zulaikha Nurdiyanti, S.Pt",Individual,Perempuan,081295461791,padmi57@example.com,Tangerang,Banten,2024-11-25,1
4168,CUST-04168,Melinda Adriansyah,Bisnis,Laki-laki,081250283001,msinaga@example.net,Pekanbaru,Riau,2025-08-25,1
4169,CUST-04169,Hani Nashiruddin,Korporat,Perempuan,081230035289,dongorangaduh@example.com,Palembang,Sumatera Selatan,2025-11-13,1
4170,CUST-04170,Salsabila Wijayanti,Individual,Perempuan,081267000717,ichasudiati@example.net,Makassar,Sulawesi Selatan,2025-05-12,1
4171,CUST-04171,Sakura Siregar,Bisnis,Perempuan,081212683688,kenziesirait@example.net,Malang,Jawa Timur,2024-12-06,1
4172,CUST-04172,Mulyono Purwanti,Individual,Perempuan,081255456064,opadmasari@example.net,Bandung,Jawa Barat,2026-01-20,1
4173,CUST-04173,"R.M. Asmianto Pranowo, S.Psi",Individual,Perempuan,081275316727,uthamrin@example.org,Padang,Sumatera Barat,2025-01-05,1
4174,CUST-04174,"dr. Bakianto Budiman, M.Kom.",Korporat,Perempuan,081292826095,melinda26@example.net,Medan,Sumatera Utara,2025-09-11,1
4175,CUST-04175,Lulut Zulkarnain,Individual,Perempuan,081241075655,mayasarijanet@example.com,Malang,Jawa Timur,2025-02-13,1
4176,CUST-04176,Umi Prasetya,Individual,Perempuan,,vsusanti@example.org,Solo,Jawa Tengah,2025-12-11,1
4177,CUST-04177,"R.A. Zelaya Wacana, M.Ak",Korporat,Perempuan,081296070728,danuja36@example.org,Banjarmasin,Kalimantan Selatan,2026-04-02,1
4178,CUST-04178,"Jaiman Firgantoro, S.H.",Bisnis,Perempuan,081283938172,suryatmiira@example.net,Balikpapan,Kalimantan Timur,2024-12-16,1
4179,CUST-04179,Galiono Wibowo,Bisnis,Laki-laki,081264153451,citra55@example.org,Palembang,Sumatera Selatan,2026-03-17,1
4180,CUST-04180,Jamil Marpaung,Individual,Laki-laki,081234932863,ufirgantoro@example.com,Banjarmasin,Kalimantan Selatan,2025-11-22,1
4181,CUST-04181,Farah Sihombing,Individual,Laki-laki,081298651736,sitompulkairav@example.org,Denpasar,Bali,2025-09-03,1
4182,CUST-04182,Darmaji Suryatmi,Individual,Laki-laki,081287926496,bagiya84@example.org,Surabaya,Jawa Timur,2024-08-01,1
4183,CUST-04183,Genta Halim,Individual,Laki-laki,081229508029,dwi41@example.net,Jakarta Selatan,DKI Jakarta,2025-12-07,1
4184,CUST-04184,"Joko Farida, S.Gz",Individual,Perempuan,081260605444,shakilawacana@example.org,Solo,Jawa Tengah,2025-01-07,1
4185,CUST-04185,Aswani Mulyani,Individual,Laki-laki,081220834089,karmansuryono@example.org,Surabaya,Jawa Timur,2024-09-23,1
4186,CUST-04186,Lantar Utama,Individual,Perempuan,081244911391,rjailani@example.com,Balikpapan,Kalimantan Timur,2024-11-17,1
4187,CUST-04187,Kenes Samosir,Individual,Laki-laki,081242820185,umulyani@example.org,Palembang,Sumatera Selatan,2026-01-15,1
4188,CUST-04188,Shakila Wahyudin,Individual,Laki-laki,081270738578,situmorangmaida@example.com,Semarang,Jawa Tengah,2025-10-29,1
4189,CUST-04189,Eko Najmudin,Individual,Laki-laki,081219985410,rafidhardiansyah@example.com,Pekanbaru,Riau,2025-04-24,0
4190,CUST-04190,Bagya Melani,Individual,Perempuan,081250933218,manullangirsad@example.net,Jakarta Selatan,DKI Jakarta,2025-01-02,1
4191,CUST-04191,Cemani Kuswoyo,Individual,Perempuan,081214278854,pangestumartaka@example.org,Solo,Jawa Tengah,2025-08-25,1
4192,CUST-04192,Halima Anggriawan,Bisnis,Perempuan,081216512638,hutapeaslamet@example.net,Pekanbaru,Riau,2025-04-04,1
4193,CUST-04193,"R. Ulva Ardianto, S.Farm",Individual,Laki-laki,081248046072,vickypadmasari@example.net,Tangerang,Banten,2025-02-04,1
4194,CUST-04194,"R. Prabawa Ramadan, S.Psi",Individual,Laki-laki,081281241493,artamanullang@example.com,Balikpapan,Kalimantan Timur,2025-02-04,1
4195,CUST-04195,Bella Wahyudin,Individual,Laki-laki,081245983938,martaniwinarsih@example.net,Denpasar,Bali,2024-11-02,1
4196,CUST-04196,Carla Kuswandari,Individual,Laki-laki,081250048210,ozysinaga@example.org,Solo,Jawa Tengah,2024-08-17,1
4197,CUST-04197,Jinawi Hardiansyah,Bisnis,Perempuan,081289692679,laswisaptono@example.org,Solo,Jawa Tengah,2025-01-03,1
4198,CUST-04198,"Dr. Cinthia Mustofa, S.I.Kom",Bisnis,Laki-laki,081298686648,prasastahendri@example.org,Jakarta Pusat,DKI Jakarta,2024-09-11,1
4199,CUST-04199,Gina Hassanah,Individual,Laki-laki,081262655134,ikhsankusumo@example.net,Manado,Sulawesi Utara,2025-06-17,1
4200,CUST-04200,Sabar Padmasari,Individual,Laki-laki,081274727284,olivanashiruddin@example.com,Pekanbaru,Riau,2025-08-08,1
4201,CUST-04201,Olga Suryatmi,Bisnis,Laki-laki,081276669882,pbudiyanto@example.org,Padang,Sumatera Barat,2026-03-24,1
4202,CUST-04202,Aisyah Hidayat,Bisnis,Laki-laki,081291034573,tiara55@example.com,Jakarta Pusat,DKI Jakarta,2025-01-12,1
4203,CUST-04203,Ganjaran Usamah,Individual,Perempuan,081255972768,hamima63@example.net,Tangerang,Banten,2025-09-20,1
4204,CUST-04204,Jaya Nuraini,Individual,Laki-laki,081286739975,prabawa30@example.org,Palembang,Sumatera Selatan,2025-08-05,1
4205,CUST-04205,"Cut Sadina Prastuti, M.Kom.",Individual,Perempuan,081215727950,zpermadi@example.com,Jakarta Selatan,DKI Jakarta,2025-07-15,1
4206,CUST-04206,"Harjasa Anggraini, M.Pd",Individual,Laki-laki,081227465212,titimaryati@example.net,Medan,Sumatera Utara,2025-06-18,1
4207,CUST-04207,Pia Waskita,Individual,Perempuan,081282709418,radika57@example.net,Balikpapan,Kalimantan Timur,2025-07-22,1
4208,CUST-04208,Jabal Widiastuti,Individual,Laki-laki,081292111709,,Bekasi,Jawa Barat,2025-07-08,0
4209,CUST-04209,Prabawa Andriani,Bisnis,Perempuan,081241429300,,Manado,Sulawesi Utara,2025-05-18,1
4210,CUST-04210,Salsabila Suwarno,Bisnis,Perempuan,081286925102,siraittari@example.com,Medan,Sumatera Utara,2025-05-18,1
4211,CUST-04211,"Tgk. Fitria Hidayat, S.E.I",Bisnis,Laki-laki,081247435211,danuanggraini@example.org,Batam,Kepulauan Riau,2026-05-29,1
4212,CUST-04212,"Amelia Nashiruddin, S.E.",Individual,Laki-laki,,,Manado,Sulawesi Utara,2024-12-08,1
4213,CUST-04213,Ratna Hastuti,Korporat,Perempuan,,zeldarahmawati@example.com,Tangerang,Banten,2025-07-30,1
4214,CUST-04214,Oni Santoso,Korporat,Perempuan,081267648483,fmayasari@example.com,Padang,Sumatera Barat,2024-10-13,1
4215,CUST-04215,Lanang Wijayanti,Korporat,Perempuan,081244782536,rmanullang@example.org,Solo,Jawa Tengah,2025-10-21,1
4216,CUST-04216,Tgk. Ifa Suwarno,Individual,Laki-laki,081249240480,astutivanesa@example.com,Makassar,Sulawesi Selatan,2026-02-04,1
4217,CUST-04217,"Zelaya Usamah, S.IP",Bisnis,Perempuan,081219292716,,Jakarta Pusat,DKI Jakarta,2026-01-23,1
4218,CUST-04218,"dr. Farhunnisa Rahmawati, S.Sos",Individual,Perempuan,081283093757,adriansyahtasnim@example.com,Pekanbaru,Riau,2025-06-18,1
4219,CUST-04219,Tgk. Usyi Nugroho,Individual,Perempuan,081242550137,heryantohasanah@example.com,Yogyakarta,DI Yogyakarta,2025-09-19,1
4220,CUST-04220,Cahyadi Jailani,Individual,Laki-laki,081275328257,,Manado,Sulawesi Utara,2026-01-31,1
4221,CUST-04221,"Dr. Zamira Wasita, S.Farm",Bisnis,Laki-laki,081214736644,mpadmasari@example.org,Denpasar,Bali,2025-05-04,1
4222,CUST-04222,Catur Sirait,Individual,Laki-laki,081275722426,jati12@example.org,Jakarta Pusat,DKI Jakarta,2026-03-06,1
4223,CUST-04223,Sutan Cahya Mandasari,Korporat,Laki-laki,081276597728,widiastutidarmana@example.org,Denpasar,Bali,2025-05-08,1
4224,CUST-04224,"drg. Hendri Thamrin, M.Kom.",Individual,Laki-laki,081283709454,mahmudjanuar@example.com,Banjarmasin,Kalimantan Selatan,2026-01-12,1
4225,CUST-04225,Ina Lazuardi,Individual,Laki-laki,081223827390,asmadi29@example.net,Palembang,Sumatera Selatan,2025-04-12,1
4226,CUST-04226,dr. Novi Fujiati,Bisnis,Perempuan,081237872969,isaptono@example.com,Padang,Sumatera Barat,2024-11-07,0
4227,CUST-04227,Kasim Hutagalung,Bisnis,Laki-laki,081265288022,thamrinarsipatra@example.com,Batam,Kepulauan Riau,2026-06-14,0
4228,CUST-04228,Nugraha Hartati,Individual,Laki-laki,081299100341,gunartobaktiono@example.com,Semarang,Jawa Tengah,2025-01-20,1
4229,CUST-04229,Reza Rajasa,Individual,Perempuan,081275955497,prastutieka@example.net,Solo,Jawa Tengah,2024-07-27,1
4230,CUST-04230,"Jamal Anggraini, M.TI.",Individual,Perempuan,081241384048,kusumoabyasa@example.com,Semarang,Jawa Tengah,2026-04-10,1
4231,CUST-04231,"dr. Emong Permadi, M.M.",Individual,Perempuan,081233311583,fhidayat@example.org,Palembang,Sumatera Selatan,2024-12-29,1
4232,CUST-04232,Ghaliyati Nuraini,Individual,Laki-laki,081217286802,garyani@example.net,Palembang,Sumatera Selatan,2025-09-22,1
4233,CUST-04233,Yosef Astuti,Individual,Perempuan,081253649091,wulandariirfan@example.org,Palembang,Sumatera Selatan,2025-08-21,1
4234,CUST-04234,Hani Nainggolan,Individual,Laki-laki,081266782338,,Bandung,Jawa Barat,2026-05-17,1
4235,CUST-04235,R.A. Rika Pradana,Individual,Laki-laki,081266671709,,Padang,Sumatera Barat,2026-03-01,1
4236,CUST-04236,"Aslijan Simanjuntak, S.E.I",Individual,Laki-laki,081239999174,kuswandarisalimah@example.net,Batam,Kepulauan Riau,2026-01-27,1
4237,CUST-04237,"Ir. Vero Narpati, S.IP",Individual,Perempuan,081211621448,wahyudinkenzie@example.org,Palembang,Sumatera Selatan,2025-10-19,1
4238,CUST-04238,KH. Paiman Laksita,Individual,Laki-laki,081268423081,eko36@example.com,Pekanbaru,Riau,2025-02-07,1
4239,CUST-04239,R. Ade Wasita,Individual,Perempuan,081273386063,harimurtiwahyuni@example.com,Makassar,Sulawesi Selatan,2024-07-12,1
4240,CUST-04240,Bakda Prasetya,Individual,Perempuan,081212089310,drajasa@example.org,Palembang,Sumatera Selatan,2025-07-28,1
4241,CUST-04241,Nadia Melani,Individual,Perempuan,081217716228,damarpradipta@example.org,Balikpapan,Kalimantan Timur,2024-07-16,1
4242,CUST-04242,"Kayla Wibowo, M.TI.",Individual,Perempuan,081282419729,muhammad60@example.net,Bandung,Jawa Barat,2025-07-08,1
4243,CUST-04243,"Sutan Gatot Pratiwi, M.Farm",Bisnis,Laki-laki,081265725837,uwaisteguh@example.org,Surabaya,Jawa Timur,2025-04-12,0
4244,CUST-04244,Ayu Anggraini,Individual,Laki-laki,081234851844,saptonocatur@example.com,Banjarmasin,Kalimantan Selatan,2026-06-16,1
4245,CUST-04245,Ira Najmudin,Individual,Laki-laki,081260555775,oliviaprabowo@example.net,Batam,Kepulauan Riau,2026-02-17,1
4246,CUST-04246,Adinata Putra,Korporat,Perempuan,081283662367,widiastutiviman@example.org,Balikpapan,Kalimantan Timur,2024-11-15,1
4247,CUST-04247,Ikhsan Nashiruddin,Individual,Laki-laki,081276917444,tomi02@example.com,Palembang,Sumatera Selatan,2025-05-18,1
4248,CUST-04248,"Mutia Simanjuntak, S.E.I",Individual,Perempuan,081234737505,fwahyuni@example.net,Banjarmasin,Kalimantan Selatan,2024-07-15,1
4249,CUST-04249,Puti Kania Simbolon,Individual,Perempuan,081231918777,mariaoktaviani@example.com,Surabaya,Jawa Timur,2024-07-04,1
4250,CUST-04250,"H. Olga Nainggolan, M.TI.",Individual,Perempuan,081211257623,tania78@example.com,Batam,Kepulauan Riau,2025-04-11,1
4251,CUST-04251,Hasna Pratiwi,Individual,Perempuan,081242047875,usman14@example.org,Batam,Kepulauan Riau,2024-07-08,1
4252,CUST-04252,Sabri Sinaga,Individual,Laki-laki,081248597680,kurniawanargono@example.org,Jakarta Pusat,DKI Jakarta,2025-09-26,1
4253,CUST-04253,Asmuni Palastri,Bisnis,Perempuan,081250194054,purwasihotang@example.com,Medan,Sumatera Utara,2025-06-14,1
4254,CUST-04254,"Hj. Maimunah Natsir, S.Farm",Individual,Perempuan,,dsuryono@example.com,Jakarta Selatan,DKI Jakarta,2026-04-06,1
4255,CUST-04255,Sabrina Ardianto,Individual,Laki-laki,081252206186,busada@example.net,Bandung,Jawa Barat,2025-01-08,1
4256,CUST-04256,Xanana Yolanda,Bisnis,Laki-laki,081217379175,endra72@example.org,Manado,Sulawesi Utara,2024-08-25,1
4257,CUST-04257,"Drs. Gandi Puspasari, S.Ked",Individual,Perempuan,081290192396,evaoktaviani@example.org,Bekasi,Jawa Barat,2024-08-15,1
4258,CUST-04258,"R.A. Iriana Gunawan, S.Sos",Individual,Perempuan,081260610528,zmulyani@example.com,Padang,Sumatera Barat,2025-10-30,1
4259,CUST-04259,Kasiran Hardiansyah,Individual,Laki-laki,081227617945,mulyantohakim@example.net,Pekanbaru,Riau,2025-11-27,1
4260,CUST-04260,Puti Mandasari,Individual,Perempuan,081286001459,nyanadongoran@example.net,Banjarmasin,Kalimantan Selatan,2026-03-28,1
4261,CUST-04261,drg. Yance Wijaya,Individual,Laki-laki,081276808673,artantopratama@example.com,Surabaya,Jawa Timur,2026-03-31,1
4262,CUST-04262,Lega Mandasari,Individual,Perempuan,081271627180,gada49@example.org,Palembang,Sumatera Selatan,2025-02-03,1
4263,CUST-04263,"Drs. Rahmat Sitompul, S.E.I",Individual,Perempuan,081299969553,waluyoajimin@example.org,Jakarta Pusat,DKI Jakarta,2025-07-26,1
4264,CUST-04264,Gaman Wibisono,Individual,Laki-laki,081295025432,,Tangerang,Banten,2025-01-16,1
4265,CUST-04265,Farah Hardiansyah,Individual,Perempuan,081298518125,malik53@example.net,Batam,Kepulauan Riau,2026-04-03,1
4266,CUST-04266,Lukita Pradana,Individual,Perempuan,081284666307,hidayantoprabawa@example.net,Medan,Sumatera Utara,2024-08-18,1
4267,CUST-04267,T. Jumari Rahayu,Individual,Laki-laki,081246024701,syahrini66@example.net,Denpasar,Bali,2024-12-17,1
4268,CUST-04268,Kajen Purwanti,Individual,Laki-laki,081267431091,devi80@example.com,Semarang,Jawa Tengah,2024-07-08,1
4269,CUST-04269,KH. Radit Sitompul,Bisnis,Perempuan,081298612122,qhalim@example.com,Manado,Sulawesi Utara,2025-12-16,1
4270,CUST-04270,Banawa Pratiwi,Individual,Perempuan,081236510216,usuwarno@example.org,Bekasi,Jawa Barat,2026-05-25,1
4271,CUST-04271,Adika Wastuti,Individual,Laki-laki,081249408958,purnawatiaditya@example.net,Bandung,Jawa Barat,2025-09-05,1
4272,CUST-04272,Kiandra Natsir,Individual,Laki-laki,081239615402,,Surabaya,Jawa Timur,2026-01-19,1
4273,CUST-04273,Hartana Kusumo,Individual,Perempuan,081277874241,cjanuar@example.net,Palembang,Sumatera Selatan,2026-04-14,1
4274,CUST-04274,"R. Limar Tampubolon, S.I.Kom",Individual,Laki-laki,081268192728,ksalahudin@example.org,Manado,Sulawesi Utara,2024-10-15,1
4275,CUST-04275,drg. Bajragin Jailani,Individual,Perempuan,081276193189,tiranashiruddin@example.com,Pekanbaru,Riau,2025-10-23,1
4276,CUST-04276,Maryadi Sudiati,Individual,Perempuan,081294390783,nyana91@example.org,Denpasar,Bali,2025-10-04,1
4277,CUST-04277,"Cinta Suryono, S.T.",Bisnis,Perempuan,081266023263,balapatiwasita@example.net,Banjarmasin,Kalimantan Selatan,2025-09-26,1
4278,CUST-04278,Tedi Hidayat,Individual,Laki-laki,081257279364,salwa76@example.com,Padang,Sumatera Barat,2025-08-18,1
4279,CUST-04279,Garan Nasyidah,Individual,Perempuan,081245068299,wahyu52@example.org,Pekanbaru,Riau,2024-11-23,1
4280,CUST-04280,Dr. Darman Laksmiwati,Individual,Laki-laki,081220935603,saifulanggriawan@example.org,Medan,Sumatera Utara,2024-08-26,0
4281,CUST-04281,"Cecep Mustofa, M.Kom.",Bisnis,Laki-laki,081254741220,kania30@example.net,Pekanbaru,Riau,2025-09-13,1
4282,CUST-04282,"Himawan Permadi, S.H.",Korporat,Laki-laki,081213478000,praba46@example.com,Manado,Sulawesi Utara,2025-07-24,1
4283,CUST-04283,"Warsita Prastuti, S.Pd",Korporat,Perempuan,081271630774,budinarpati@example.net,Yogyakarta,DI Yogyakarta,2025-05-01,1
4284,CUST-04284,Taufik Nashiruddin,Individual,Laki-laki,081277768391,,Palembang,Sumatera Selatan,2025-03-08,1
4285,CUST-04285,Titin Suryatmi,Individual,Laki-laki,081218000834,napitupuluophelia@example.net,Denpasar,Bali,2025-12-12,1
4286,CUST-04286,Najwa Lazuardi,Individual,Laki-laki,081288864604,indranasyiah@example.net,Makassar,Sulawesi Selatan,2026-02-23,1
4287,CUST-04287,Slamet Tamba,Individual,Laki-laki,,cawisadinainggolan@example.com,Pekanbaru,Riau,2025-09-26,1
4288,CUST-04288,Simon Rajasa,Individual,Perempuan,081295891919,jefri54@example.org,Semarang,Jawa Tengah,2025-07-26,1
4289,CUST-04289,Hana Prastuti,Korporat,Perempuan,081267574351,siraithardi@example.net,Surabaya,Jawa Timur,2024-06-30,1
4290,CUST-04290,Bancar Wahyudin,Individual,Perempuan,081273061974,cakrabuananovitasari@example.org,Manado,Sulawesi Utara,2025-04-27,1
4291,CUST-04291,Wirda Wasita,Individual,Laki-laki,081210339486,belindariyanti@example.org,Balikpapan,Kalimantan Timur,2026-04-18,1
4292,CUST-04292,"Dr. Aslijan Farida, S.Farm",Individual,Laki-laki,081210054438,futama@example.org,Pekanbaru,Riau,2024-09-08,1
4293,CUST-04293,Asmianto Purnawati,Bisnis,Laki-laki,081292319979,kuncarahidayanto@example.net,Yogyakarta,DI Yogyakarta,2026-01-02,1
4294,CUST-04294,Ayu Wulandari,Individual,Laki-laki,081221340906,gadang40@example.org,Pekanbaru,Riau,2024-12-16,1
4295,CUST-04295,"dr. Tirtayasa Saragih, M.Ak",Individual,Laki-laki,081225767965,rudi27@example.net,Tangerang,Banten,2025-06-29,1
4296,CUST-04296,"R. Mahdi Hutagalung, M.Pd",Bisnis,Laki-laki,081293791114,natalia20@example.org,Bekasi,Jawa Barat,2026-06-04,1
4297,CUST-04297,Lalita Safitri,Individual,Laki-laki,081215776493,tambagantar@example.com,Palembang,Sumatera Selatan,2026-04-29,1
4298,CUST-04298,"H. Dirja Utami, M.Pd",Individual,Perempuan,,dartonozulkarnain@example.org,Malang,Jawa Timur,2026-05-11,1
4299,CUST-04299,"drg. Heryanto Sudiati, S.Pt",Individual,Perempuan,081252482031,wahyudinyosef@example.net,Solo,Jawa Tengah,2025-04-22,1
4300,CUST-04300,Mutia Santoso,Individual,Perempuan,081248897543,qprakasa@example.net,Padang,Sumatera Barat,2025-01-20,1
4301,CUST-04301,Citra Gunarto,Individual,Laki-laki,081293288459,daryani43@example.net,Jakarta Selatan,DKI Jakarta,2025-09-22,1
4302,CUST-04302,"drg. Sarah Mangunsong, S.Farm",Individual,Laki-laki,081263161581,karmanpurnawati@example.com,Makassar,Sulawesi Selatan,2025-06-14,1
4303,CUST-04303,Rahman Novitasari,Individual,Laki-laki,081272264586,mangunsongmartani@example.net,Semarang,Jawa Tengah,2025-01-26,1
4304,CUST-04304,Irsad Aryani,Bisnis,Perempuan,081210659964,raina45@example.com,Jakarta Selatan,DKI Jakarta,2025-04-12,1
4305,CUST-04305,Zelda Permadi,Individual,Perempuan,081231403012,ramadanjoko@example.com,Tangerang,Banten,2025-05-23,1
4306,CUST-04306,Timbul Santoso,Individual,Perempuan,081221494983,mardhiyahfarah@example.org,Pekanbaru,Riau,2024-10-17,1
4307,CUST-04307,"Heru Fujiati, S.Pd",Individual,Laki-laki,081218583151,khandayani@example.com,Bekasi,Jawa Barat,2025-01-10,1
4308,CUST-04308,Aditya Wasita,Korporat,Perempuan,081243188228,najwawahyudin@example.org,Padang,Sumatera Barat,2026-01-21,1
4309,CUST-04309,Lukita Hidayat,Individual,Laki-laki,081236644336,utarihoran@example.org,Medan,Sumatera Utara,2024-12-26,1
4310,CUST-04310,"Rina Pratama, M.M.",Bisnis,Laki-laki,081279883572,danang89@example.com,Semarang,Jawa Tengah,2024-07-04,1
4311,CUST-04311,Kezia Nuraini,Bisnis,Laki-laki,081261548019,mangunsongjessica@example.com,Padang,Sumatera Barat,2025-04-12,1
4312,CUST-04312,Balangga Lestari,Korporat,Perempuan,081218384523,gmansur@example.com,Surabaya,Jawa Timur,2025-06-16,1
4313,CUST-04313,"Dt. Hari Fujiati, M.TI.",Individual,Perempuan,081252369569,panggraini@example.org,Bandung,Jawa Barat,2024-11-03,1
4314,CUST-04314,Silvia Kuswoyo,Individual,Perempuan,081260928080,mahdi10@example.net,Palembang,Sumatera Selatan,2025-08-10,1
4315,CUST-04315,Lanjar Putra,Individual,Perempuan,081292318037,tomisudiati@example.net,Solo,Jawa Tengah,2024-12-27,1
4316,CUST-04316,Ida Hasanah,Bisnis,Laki-laki,081212680826,,Bekasi,Jawa Barat,2024-08-09,1
4317,CUST-04317,"Sutan Martana Utami, S.H.",Individual,Laki-laki,081214204980,sihombingcalista@example.org,Medan,Sumatera Utara,2026-05-09,1
4318,CUST-04318,Chandra Najmudin,Korporat,Perempuan,081283660792,yiswahyudi@example.com,Padang,Sumatera Barat,2025-04-04,1
4319,CUST-04319,Putri Sinaga,Individual,Laki-laki,081217803000,karman01@example.net,Bekasi,Jawa Barat,2025-02-03,1
4320,CUST-04320,"Soleh Sirait, S.I.Kom",Bisnis,Perempuan,,thamrinikhsan@example.com,Balikpapan,Kalimantan Timur,2025-03-09,1
4321,CUST-04321,"Sabrina Damanik, S.Psi",Korporat,Perempuan,081238599231,pia20@example.org,Solo,Jawa Tengah,2025-12-08,1
4322,CUST-04322,Luis Wibisono,Korporat,Perempuan,081289280299,sakurasamosir@example.net,Jakarta Pusat,DKI Jakarta,2024-07-08,1
4323,CUST-04323,"Ir. Dian Novitasari, S.Psi",Bisnis,Laki-laki,081262908165,sabarhasanah@example.org,Makassar,Sulawesi Selatan,2026-02-16,1
4324,CUST-04324,Hesti Andriani,Individual,Laki-laki,081292228753,,Banjarmasin,Kalimantan Selatan,2024-12-27,1
4325,CUST-04325,Indra Prayoga,Individual,Perempuan,081280321902,nurul16@example.org,Malang,Jawa Timur,2025-11-15,1
4326,CUST-04326,Dr. Padma Adriansyah,Individual,Laki-laki,081290941115,jono50@example.com,Pekanbaru,Riau,2025-01-01,1
4327,CUST-04327,"Dt. Najam Saefullah, S.Farm",Individual,Laki-laki,081242307542,,Balikpapan,Kalimantan Timur,2025-06-08,1
4328,CUST-04328,"T. Cecep Adriansyah, S.Pd",Individual,Laki-laki,081284807864,yadriansyah@example.com,Manado,Sulawesi Utara,2025-11-24,1
4329,CUST-04329,Mahfud Widodo,Individual,Perempuan,081242125059,bakti23@example.org,Banjarmasin,Kalimantan Selatan,2025-04-24,1
4330,CUST-04330,Umi Sitorus,Individual,Perempuan,081211162402,nasrullah31@example.org,Jakarta Selatan,DKI Jakarta,2024-10-04,1
4331,CUST-04331,Atma Puspasari,Individual,Laki-laki,081291193684,warsitanasyidah@example.org,Pekanbaru,Riau,2025-10-18,1
4332,CUST-04332,Ifa Riyanti,Individual,Laki-laki,081231163027,gmarbun@example.org,Pekanbaru,Riau,2026-04-22,1
4333,CUST-04333,Lamar Kuswoyo,Individual,Laki-laki,081268312633,kusmawaticandrakanta@example.net,Tangerang,Banten,2025-03-28,1
4334,CUST-04334,Prayogo Hidayat,Individual,Perempuan,081264794601,cawisadi15@example.com,Semarang,Jawa Tengah,2024-10-09,1
4335,CUST-04335,"Sutan Imam Gunarto, S.Sos",Individual,Perempuan,081285267165,mustofamursita@example.net,Jakarta Selatan,DKI Jakarta,2025-02-06,1
4336,CUST-04336,"Hj. Maria Prasetya, S.I.Kom",Korporat,Perempuan,081277036645,ofirgantoro@example.org,Bekasi,Jawa Barat,2026-03-22,1
4337,CUST-04337,"R. Ghaliyati Agustina, S.Pd",Korporat,Laki-laki,081248901898,namagatania@example.net,Bandung,Jawa Barat,2025-03-09,1
4338,CUST-04338,Kania Agustina,Bisnis,Perempuan,081247924871,caket82@example.org,Denpasar,Bali,2024-09-27,1
4339,CUST-04339,Drs. Jatmiko Wibisono,Individual,Perempuan,081227100852,gandiharyanto@example.net,Jakarta Pusat,DKI Jakarta,2024-12-07,1
4340,CUST-04340,Laras Wahyuni,Individual,Perempuan,081252356904,vickylaksita@example.org,Manado,Sulawesi Utara,2025-07-30,1
4341,CUST-04341,Fitriani Tamba,Individual,Perempuan,081251822892,safitriumay@example.net,Balikpapan,Kalimantan Timur,2025-09-14,1
4342,CUST-04342,"Vero Saragih, M.Ak",Individual,Laki-laki,081250191859,cnamaga@example.org,Semarang,Jawa Tengah,2025-06-05,1
4343,CUST-04343,Wulan Hutasoit,Individual,Perempuan,081260423404,salahudinbalamantri@example.net,Yogyakarta,DI Yogyakarta,2024-07-17,1
4344,CUST-04344,Bakianto Pradana,Individual,Laki-laki,081226037876,xgunawan@example.org,Surabaya,Jawa Timur,2025-02-02,1
4345,CUST-04345,Ibrani Halim,Bisnis,Perempuan,081257399299,gardanurdiyanti@example.com,Jakarta Pusat,DKI Jakarta,2025-09-30,1
4346,CUST-04346,"Ir. Elvina Siregar, S.I.Kom",Individual,Perempuan,081292267508,grajasa@example.com,Solo,Jawa Tengah,2025-09-16,1
4347,CUST-04347,Sabrina Winarsih,Individual,Perempuan,081232609258,murti39@example.com,Banjarmasin,Kalimantan Selatan,2024-10-10,1
4348,CUST-04348,Cemeti Uwais,Individual,Laki-laki,081228719621,jayadiirawan@example.org,Tangerang,Banten,2026-06-13,1
4349,CUST-04349,Sakura Kusumo,Individual,Laki-laki,081259782115,jail97@example.org,Malang,Jawa Timur,2025-01-18,0
4350,CUST-04350,"Diah Pudjiastuti, S.E.",Individual,Perempuan,081246002286,bambang98@example.org,Makassar,Sulawesi Selatan,2025-06-30,1
4351,CUST-04351,Bagya Pudjiastuti,Korporat,Perempuan,081279627835,jakarahmawati@example.org,Banjarmasin,Kalimantan Selatan,2025-08-15,1
4352,CUST-04352,Maryanto Prasasta,Individual,Perempuan,081271678286,marpaungsalman@example.com,Semarang,Jawa Tengah,2025-07-23,1
4353,CUST-04353,Soleh Yolanda,Korporat,Laki-laki,081255541272,hardiansyahgaiman@example.org,Tangerang,Banten,2025-05-31,1
4354,CUST-04354,"Yulia Halim, M.Pd",Individual,Perempuan,081247633933,ilsathamrin@example.org,Medan,Sumatera Utara,2025-05-13,1
4355,CUST-04355,Ir. Ida Maryadi,Individual,Perempuan,081271745527,zhutapea@example.com,Malang,Jawa Timur,2025-05-09,1
4356,CUST-04356,Cindy Wijaya,Individual,Laki-laki,081273920818,andrianinabila@example.net,Surabaya,Jawa Timur,2025-09-09,1
4357,CUST-04357,"Tgk. Laras Hakim, S.T.",Bisnis,Laki-laki,081250574735,verawinarno@example.com,Padang,Sumatera Barat,2025-11-14,1
4358,CUST-04358,Tgk. Patricia Saragih,Bisnis,Laki-laki,081247309365,emaryadi@example.com,Semarang,Jawa Tengah,2026-01-28,1
4359,CUST-04359,R. Lutfan Pratiwi,Individual,Laki-laki,081254653032,novibudiyanto@example.org,Bandung,Jawa Barat,2025-01-08,1
4360,CUST-04360,Ellis Prakasa,Bisnis,Laki-laki,081216669721,elaksmiwati@example.net,Solo,Jawa Tengah,2024-11-10,1
4361,CUST-04361,Mursita Uwais,Individual,Perempuan,081222848286,mansurutama@example.net,Malang,Jawa Timur,2026-05-06,1
4362,CUST-04362,"Ir. Najwa Maulana, S.Farm",Individual,Perempuan,081228005132,bagiyamansur@example.net,Semarang,Jawa Tengah,2024-11-05,1
4363,CUST-04363,"R.A. Salwa Utama, S.Pt",Bisnis,Perempuan,081240100745,kacungwidodo@example.org,Malang,Jawa Timur,2024-12-01,1
4364,CUST-04364,H. Virman Farida,Individual,Perempuan,081225908773,amalia87@example.org,Batam,Kepulauan Riau,2026-04-05,1
4365,CUST-04365,Unggul Prasetyo,Individual,Laki-laki,,gentawastuti@example.org,Solo,Jawa Tengah,2025-08-03,1
4366,CUST-04366,Drs. Rafid Nuraini,Individual,Perempuan,081221838230,mpadmasari@example.net,Tangerang,Banten,2024-11-01,1
4367,CUST-04367,"dr. Irwan Wahyuni, M.TI.",Bisnis,Laki-laki,081290415210,uli09@example.com,Jakarta Selatan,DKI Jakarta,2024-07-23,1
4368,CUST-04368,Ir. Bagiya Suryatmi,Bisnis,Perempuan,081225121580,hkuswoyo@example.org,Pekanbaru,Riau,2026-02-15,1
4369,CUST-04369,Lamar Adriansyah,Korporat,Perempuan,,karma49@example.net,Jakarta Pusat,DKI Jakarta,2025-12-13,1
4370,CUST-04370,Kanda Yolanda,Individual,Perempuan,081293182363,faridacici@example.com,Semarang,Jawa Tengah,2025-08-27,1
4371,CUST-04371,Gabriella Purnawati,Individual,Perempuan,081251872218,ipermadi@example.org,Surabaya,Jawa Timur,2025-09-03,1
4372,CUST-04372,"Ir. Ganda Wahyudin, S.Pd",Bisnis,Perempuan,081270636992,nsihombing@example.net,Manado,Sulawesi Utara,2025-05-08,1
4373,CUST-04373,Dr. Gabriella Wacana,Individual,Perempuan,081221118274,aswanikuswandari@example.net,Malang,Jawa Timur,2025-01-13,1
4374,CUST-04374,Maida Kusmawati,Individual,Laki-laki,081219352371,asmunirajasa@example.net,Jakarta Pusat,DKI Jakarta,2025-09-09,1
4375,CUST-04375,Yani Pratama,Individual,Laki-laki,081213781915,gprabowo@example.org,Bandung,Jawa Barat,2025-02-19,1
4376,CUST-04376,Gadang Utami,Individual,Laki-laki,081296413991,timbul85@example.com,Bandung,Jawa Barat,2024-12-08,1
4377,CUST-04377,Sutan Eja Gunarto,Individual,Laki-laki,081251230619,adikaraprasetya@example.net,Palembang,Sumatera Selatan,2025-01-05,1
4378,CUST-04378,Karna Latupono,Individual,Laki-laki,,vsuwarno@example.org,Malang,Jawa Timur,2025-10-23,1
4379,CUST-04379,Hartana Pradana,Individual,Laki-laki,081211720399,adinataharyanto@example.net,Bekasi,Jawa Barat,2026-05-20,1
4380,CUST-04380,Jamil Nasyiah,Individual,Laki-laki,081284892864,samosirrudi@example.org,Makassar,Sulawesi Selatan,2025-02-28,1
4381,CUST-04381,Ani Adriansyah,Individual,Perempuan,081218628560,hana57@example.org,Denpasar,Bali,2025-07-15,1
4382,CUST-04382,Safina Tarihoran,Individual,Perempuan,081266386717,raharjamansur@example.com,Medan,Sumatera Utara,2026-02-10,1
4383,CUST-04383,Paris Yulianti,Individual,Laki-laki,,yoga27@example.net,Malang,Jawa Timur,2025-11-30,1
4384,CUST-04384,Upik Wulandari,Bisnis,Laki-laki,081216773504,dalimasitorus@example.com,Padang,Sumatera Barat,2025-11-25,1
4385,CUST-04385,Darijan Hartati,Individual,Perempuan,081212800271,,Palembang,Sumatera Selatan,2026-02-25,1
4386,CUST-04386,Safina Lazuardi,Individual,Perempuan,081284317951,padmasariwarta@example.net,Pekanbaru,Riau,2025-07-08,1
4387,CUST-04387,"Winda Wijayanti, M.TI.",Bisnis,Perempuan,081272422568,rahimahwarta@example.com,Malang,Jawa Timur,2025-10-31,1
4388,CUST-04388,Drs. Mutia Natsir,Individual,Laki-laki,,galuhsuryatmi@example.org,Yogyakarta,DI Yogyakarta,2025-02-11,1
4389,CUST-04389,"Sutan Kenzie Wahyudin, S.Pt",Individual,Perempuan,081291747855,,Bandung,Jawa Barat,2025-06-21,1
4390,CUST-04390,"Pranawa Uwais, M.Farm",Bisnis,Perempuan,081239676544,jono90@example.org,Padang,Sumatera Barat,2025-07-21,0
4391,CUST-04391,Salman Usamah,Individual,Perempuan,081278536465,embuh85@example.net,Banjarmasin,Kalimantan Selatan,2025-06-10,1
4392,CUST-04392,"Siska Yuliarti, S.Pt",Individual,Laki-laki,081217538968,wulandarihendra@example.org,Jakarta Pusat,DKI Jakarta,2024-06-23,1
4393,CUST-04393,"R.A. Ayu Pratama, S.Farm",Bisnis,Perempuan,081274865688,jiswahyudi@example.org,Palembang,Sumatera Selatan,2024-10-27,1
4394,CUST-04394,"R. Aslijan Hidayat, S.T.",Korporat,Laki-laki,081270937651,,Manado,Sulawesi Utara,2025-06-06,1
4395,CUST-04395,Putri Maryati,Individual,Perempuan,081261314177,evahalim@example.com,Padang,Sumatera Barat,2026-06-02,0
4396,CUST-04396,Ophelia Suwarno,Individual,Perempuan,081260453988,darsirah32@example.net,Solo,Jawa Tengah,2026-03-19,1
4397,CUST-04397,"T. Edi Safitri, S.Kom",Individual,Laki-laki,081245615557,waluyogalih@example.com,Tangerang,Banten,2026-05-16,1
4398,CUST-04398,Queen Waluyo,Individual,Perempuan,081233120690,uprayoga@example.com,Balikpapan,Kalimantan Timur,2026-01-21,1
4399,CUST-04399,Dt. Among Mulyani,Individual,Laki-laki,081239527851,jakamaryati@example.com,Pekanbaru,Riau,2026-02-13,1
4400,CUST-04400,Harjo Najmudin,Individual,Laki-laki,081232556795,catur47@example.org,Semarang,Jawa Tengah,2025-02-07,1
4401,CUST-04401,Garda Safitri,Individual,Perempuan,081245463346,,Balikpapan,Kalimantan Timur,2025-03-03,1
4402,CUST-04402,Marsito Hastuti,Bisnis,Laki-laki,,zusamah@example.com,Jakarta Selatan,DKI Jakarta,2025-11-04,1
4403,CUST-04403,Paris Iswahyudi,Individual,Perempuan,081256574947,niyaga47@example.com,Surabaya,Jawa Timur,2024-06-22,1
4404,CUST-04404,"Laras Haryanto, M.TI.",Individual,Perempuan,081230366561,capa09@example.org,Malang,Jawa Timur,2026-01-05,1
4405,CUST-04405,Lurhur Gunarto,Individual,Laki-laki,081293261377,winarsihcager@example.com,Yogyakarta,DI Yogyakarta,2025-10-28,1
4406,CUST-04406,Yulia Hasanah,Korporat,Perempuan,081221015380,santosoprasetyo@example.com,Balikpapan,Kalimantan Timur,2025-04-19,1
4407,CUST-04407,Kala Nurdiyanti,Individual,Laki-laki,081270908398,zprastuti@example.com,Jakarta Pusat,DKI Jakarta,2024-09-17,1
4408,CUST-04408,"Drs. Titi Lestari, S.Sos",Individual,Perempuan,081213567015,corneliapradipta@example.net,Banjarmasin,Kalimantan Selatan,2025-11-22,1
4409,CUST-04409,Carla Namaga,Individual,Laki-laki,081221812622,qnuraini@example.com,Malang,Jawa Timur,2026-04-02,1
4410,CUST-04410,Chelsea Suryono,Individual,Perempuan,081291398798,hasim56@example.com,Batam,Kepulauan Riau,2024-10-12,1
4411,CUST-04411,"Hj. Hilda Marpaung, S.Ked",Individual,Laki-laki,081247881871,aryanikamila@example.com,Bekasi,Jawa Barat,2024-09-03,1
4412,CUST-04412,Tgk. Artawan Agustina,Bisnis,Laki-laki,081265233247,maidalaksmiwati@example.org,Padang,Sumatera Barat,2025-08-11,1
4413,CUST-04413,Bakiadi Mayasari,Individual,Laki-laki,,rwibowo@example.com,Palembang,Sumatera Selatan,2025-09-21,1
4414,CUST-04414,Hj. Tami Permadi,Individual,Perempuan,081297507308,padmi52@example.com,Solo,Jawa Tengah,2026-01-14,1
4415,CUST-04415,Unggul Pudjiastuti,Individual,Laki-laki,081218274989,wisnu00@example.net,Surabaya,Jawa Timur,2025-08-12,1
4416,CUST-04416,Taufik Ardianto,Individual,Laki-laki,081226086872,mariawaluyo@example.net,Makassar,Sulawesi Selatan,2024-11-11,1
4417,CUST-04417,Najib Kuswoyo,Bisnis,Laki-laki,081230109971,riyantidina@example.net,Jakarta Pusat,DKI Jakarta,2025-06-16,1
4418,CUST-04418,"Nabila Halim, S.IP",Individual,Laki-laki,081244585257,akarsanausada@example.com,Padang,Sumatera Barat,2026-04-06,1
4419,CUST-04419,Bahuwirya Lestari,Individual,Laki-laki,081259450451,pia54@example.org,Semarang,Jawa Tengah,2025-11-28,1
4420,CUST-04420,Elma Mardhiyah,Bisnis,Perempuan,081219686473,jarwisuryatmi@example.com,Tangerang,Banten,2024-09-17,1
4421,CUST-04421,"R.A. Jamalia Narpati, S.Pt",Individual,Laki-laki,081277930327,kuntharajailani@example.com,Solo,Jawa Tengah,2026-02-14,1
4422,CUST-04422,"Laswi Permata, M.Pd",Individual,Perempuan,081212664790,harjasa39@example.com,Pekanbaru,Riau,2026-05-01,0
4423,CUST-04423,Widya Prastuti,Bisnis,Laki-laki,081277554790,knasyiah@example.org,Makassar,Sulawesi Selatan,2024-08-30,0
4424,CUST-04424,Puti Rahayu Puspasari,Individual,Perempuan,081224405597,gina65@example.net,Bandung,Jawa Barat,2025-08-19,1
4425,CUST-04425,Vivi Santoso,Individual,Perempuan,081261131431,vmarbun@example.com,Yogyakarta,DI Yogyakarta,2025-05-29,1
4426,CUST-04426,Among Setiawan,Individual,Laki-laki,081260386758,paulinwasita@example.com,Solo,Jawa Tengah,2025-10-18,1
4427,CUST-04427,Sakura Melani,Individual,Perempuan,081241128076,kdamanik@example.net,Semarang,Jawa Tengah,2025-04-13,1
4428,CUST-04428,Artawan Mansur,Individual,Laki-laki,081255720170,vyolanda@example.com,Solo,Jawa Tengah,2025-12-20,1
4429,CUST-04429,Safina Simanjuntak,Individual,Perempuan,081241187562,halimahomar@example.net,Bandung,Jawa Barat,2026-05-02,1
4430,CUST-04430,dr. Putri Waskita,Bisnis,Perempuan,081241283892,cemetinasyidah@example.org,Malang,Jawa Timur,2024-09-12,1
4431,CUST-04431,Maida Usamah,Individual,Laki-laki,081286768562,umimardhiyah@example.com,Tangerang,Banten,2026-04-13,1
4432,CUST-04432,Najwa Saragih,Individual,Laki-laki,081262307205,nardianto@example.org,Makassar,Sulawesi Selatan,2026-03-11,1
4433,CUST-04433,"Farhunnisa Mandala, M.Kom.",Individual,Laki-laki,081296781091,yunita03@example.org,Surabaya,Jawa Timur,2024-06-27,1
4434,CUST-04434,Asmadi Hartati,Bisnis,Perempuan,081222190762,qyuniar@example.net,Solo,Jawa Tengah,2026-01-17,1
4435,CUST-04435,Endra Hariyah,Individual,Laki-laki,081288698554,awacana@example.org,Padang,Sumatera Barat,2024-11-11,1
4436,CUST-04436,Drs. Bahuraksa Permadi,Korporat,Perempuan,081296737456,,Solo,Jawa Tengah,2026-05-30,1
4437,CUST-04437,"Dr. Betania Purwanti, S.Farm",Individual,Laki-laki,081290980336,widiastutigatot@example.net,Semarang,Jawa Tengah,2025-02-20,1
4438,CUST-04438,"H. Cengkir Napitupulu, S.Psi",Bisnis,Laki-laki,081273342339,jwaskita@example.org,Surabaya,Jawa Timur,2024-06-28,1
4439,CUST-04439,"Tgk. Laras Andriani, S.Kom",Bisnis,Perempuan,081282003892,wawan69@example.com,Bandung,Jawa Barat,2026-02-01,1
4440,CUST-04440,"drg. Aisyah Pradipta, M.Kom.",Individual,Perempuan,081250701422,oyuniar@example.com,Surabaya,Jawa Timur,2026-01-07,1
4441,CUST-04441,Bakiman Zulkarnain,Bisnis,Laki-laki,081287230644,muniputra@example.org,Palembang,Sumatera Selatan,2024-11-17,1
4442,CUST-04442,Purwanto Prastuti,Individual,Perempuan,081233077443,embuh90@example.com,Padang,Sumatera Barat,2025-11-03,0
4443,CUST-04443,Irnanto Iswahyudi,Individual,Perempuan,081299806813,purwawinarno@example.com,Palembang,Sumatera Selatan,2026-01-03,0
4444,CUST-04444,Bakiman Dabukke,Individual,Perempuan,081218652656,dadap76@example.com,Palembang,Sumatera Selatan,2024-08-02,1
4445,CUST-04445,Ir. Lukman Hartati,Individual,Perempuan,081210989272,mala91@example.org,Jakarta Selatan,DKI Jakarta,2025-02-07,1
4446,CUST-04446,Tantri Suwarno,Individual,Perempuan,081247709156,laksitabelinda@example.net,Tangerang,Banten,2025-12-31,0
4447,CUST-04447,Lala Usada,Individual,Perempuan,081223230388,fujiatimalik@example.net,Semarang,Jawa Tengah,2025-10-09,1
4448,CUST-04448,Wasis Rahayu,Bisnis,Perempuan,081258317709,belindapuspasari@example.net,Yogyakarta,DI Yogyakarta,2025-07-21,1
4449,CUST-04449,"R.A. Maida Halim, M.Pd",Individual,Laki-laki,081222707179,rahayuvero@example.net,Palembang,Sumatera Selatan,2025-04-16,1
4450,CUST-04450,"Drs. Karma Widodo, S.Farm",Individual,Laki-laki,081224402681,wuwais@example.com,Solo,Jawa Tengah,2024-08-15,1
4451,CUST-04451,Tasdik Haryanto,Individual,Perempuan,081224975911,aswani57@example.net,Malang,Jawa Timur,2025-01-27,1
4452,CUST-04452,"Vinsen Nashiruddin, S.I.Kom",Individual,Perempuan,081250601129,salman57@example.com,Pekanbaru,Riau,2025-11-19,0
4453,CUST-04453,Atmaja Megantara,Korporat,Laki-laki,081273318473,siregarjinawi@example.net,Malang,Jawa Timur,2024-07-23,1
4454,CUST-04454,Daruna Mandala,Bisnis,Perempuan,081290255500,ibrahimpratiwi@example.org,Jakarta Pusat,DKI Jakarta,2025-05-29,1
4455,CUST-04455,"Dr. Rachel Wijaya, S.Gz",Individual,Laki-laki,081233367758,mamanmaulana@example.net,Batam,Kepulauan Riau,2024-10-13,0
4456,CUST-04456,"R. Aditya Lestari, S.IP",Individual,Laki-laki,081297738912,ppudjiastuti@example.org,Manado,Sulawesi Utara,2026-04-22,1
4457,CUST-04457,"Elma Wasita, M.TI.",Individual,Perempuan,081265371908,hwaluyo@example.net,Bekasi,Jawa Barat,2025-02-18,1
4458,CUST-04458,Jasmin Permadi,Individual,Laki-laki,081258349142,reksa58@example.org,Banjarmasin,Kalimantan Selatan,2024-08-30,1
4459,CUST-04459,Tgk. Prima Padmasari,Bisnis,Laki-laki,081236721621,mwacana@example.net,Bekasi,Jawa Barat,2025-01-07,1
4460,CUST-04460,Jamalia Farida,Bisnis,Laki-laki,081282364900,,Solo,Jawa Tengah,2024-12-26,1
4461,CUST-04461,Ir. Oni Wacana,Individual,Laki-laki,081252973717,jaemandamanik@example.net,Balikpapan,Kalimantan Timur,2024-08-24,1
4462,CUST-04462,Adhiarja Mansur,Individual,Laki-laki,081274247557,nasyiahbalijan@example.com,Surabaya,Jawa Timur,2024-10-16,1
4463,CUST-04463,Prasetya Marpaung,Individual,Perempuan,081223027733,dwahyuni@example.net,Pekanbaru,Riau,2024-10-12,1
4464,CUST-04464,Puspa Prastuti,Bisnis,Perempuan,081297531245,astutigaran@example.com,Pekanbaru,Riau,2024-07-13,1
4465,CUST-04465,Belinda Marbun,Bisnis,Laki-laki,081217432007,daniswaranasyiah@example.org,Jakarta Selatan,DKI Jakarta,2026-04-07,1
4466,CUST-04466,R. Dono Hartati,Individual,Laki-laki,081287569780,darsirah01@example.org,Bekasi,Jawa Barat,2025-12-03,1
4467,CUST-04467,Pandu Sihombing,Individual,Perempuan,081225015569,hidayatputri@example.com,Surabaya,Jawa Timur,2024-12-30,1
4468,CUST-04468,Harjaya Palastri,Individual,Laki-laki,081268131467,fitria84@example.net,Denpasar,Bali,2025-06-11,1
4469,CUST-04469,"Tgk. Indra Uyainah, M.M.",Individual,Perempuan,081248015035,vegaharyanti@example.net,Bekasi,Jawa Barat,2024-12-27,0
4470,CUST-04470,"Hj. Ida Halim, M.Farm",Bisnis,Perempuan,081261846370,maheswarajumadi@example.net,Padang,Sumatera Barat,2024-08-09,1
4471,CUST-04471,Ganjaran Pratiwi,Individual,Laki-laki,081254794083,,Jakarta Pusat,DKI Jakarta,2025-12-12,1
4472,CUST-04472,Cahyo Napitupulu,Korporat,Perempuan,081223763388,eka86@example.com,Jakarta Selatan,DKI Jakarta,2026-05-28,1
4473,CUST-04473,Padmi Mahendra,Individual,Laki-laki,081294397223,putu66@example.org,Palembang,Sumatera Selatan,2025-04-19,1
4474,CUST-04474,"Wani Kusumo, S.Gz",Korporat,Perempuan,081213870275,emongharyanti@example.com,Manado,Sulawesi Utara,2026-02-24,1
4475,CUST-04475,Vivi Riyanti,Individual,Laki-laki,081275156171,emplukwaskita@example.com,Balikpapan,Kalimantan Timur,2026-06-02,1
4476,CUST-04476,Rina Irawan,Individual,Laki-laki,,hartanalaksmiwati@example.org,Yogyakarta,DI Yogyakarta,2025-01-25,1
4477,CUST-04477,Indra Suryono,Individual,Laki-laki,081289378027,jamilprasetya@example.org,Manado,Sulawesi Utara,2026-05-07,1
4478,CUST-04478,Iriana Hassanah,Individual,Perempuan,081237256422,hildalaksmiwati@example.org,Balikpapan,Kalimantan Timur,2025-11-28,1
4479,CUST-04479,"Marsito Purnawati, S.Gz",Bisnis,Perempuan,081210027646,enainggolan@example.org,Jakarta Pusat,DKI Jakarta,2025-12-28,1
4480,CUST-04480,Elvin Lailasari,Korporat,Laki-laki,081292809947,,Padang,Sumatera Barat,2025-08-13,1
4481,CUST-04481,dr. Rusman Simbolon,Individual,Laki-laki,081285794842,uhakim@example.org,Palembang,Sumatera Selatan,2026-06-05,1
4482,CUST-04482,Nurul Saefullah,Korporat,Perempuan,081211000427,rinilestari@example.net,Yogyakarta,DI Yogyakarta,2024-09-27,1
4483,CUST-04483,Asirwanda Setiawan,Individual,Perempuan,,asirwadayuliarti@example.net,Batam,Kepulauan Riau,2026-04-22,1
4484,CUST-04484,"Drs. Cinthia Pradana, M.M.",Individual,Perempuan,081274249121,malamelani@example.org,Solo,Jawa Tengah,2025-12-11,1
4485,CUST-04485,Dina Oktaviani,Individual,Laki-laki,081291442731,melinda15@example.net,Batam,Kepulauan Riau,2025-12-12,1
4486,CUST-04486,Tgk. Eka Purwanti,Bisnis,Laki-laki,081293280762,xdamanik@example.net,Manado,Sulawesi Utara,2026-03-10,1
4487,CUST-04487,"H. Pangestu Tarihoran, M.Pd",Individual,Perempuan,081263060768,nababanteguh@example.com,Banjarmasin,Kalimantan Selatan,2026-01-05,1
4488,CUST-04488,Maimunah Najmudin,Individual,Laki-laki,081265883373,rosmanharyanto@example.net,Padang,Sumatera Barat,2024-08-24,1
4489,CUST-04489,R.M. Jayadi Halimah,Individual,Perempuan,081292918230,utamagaliono@example.net,Batam,Kepulauan Riau,2025-12-01,1
4490,CUST-04490,"Tgk. Manah Nasyiah, S.Farm",Individual,Perempuan,081283591967,usamahopan@example.com,Malang,Jawa Timur,2025-02-26,1
4491,CUST-04491,"Ir. Gawati Budiyanto, M.M.",Individual,Laki-laki,081265654975,ciaobellawacana@example.org,Surabaya,Jawa Timur,2026-05-11,1
4492,CUST-04492,"dr. Puspa Prastuti, S.Gz",Individual,Perempuan,081227606402,kuswoyohasan@example.net,Padang,Sumatera Barat,2026-05-03,1
4493,CUST-04493,T. Prabowo Maryati,Individual,Perempuan,081236607165,mayasarisabri@example.com,Jakarta Selatan,DKI Jakarta,2026-03-20,1
4494,CUST-04494,Kusuma Utama,Individual,Perempuan,081284653568,zulaikhahutapea@example.com,Pekanbaru,Riau,2025-10-15,1
4495,CUST-04495,Ikhsan Rahayu,Individual,Laki-laki,,astutikariman@example.org,Pekanbaru,Riau,2025-08-20,1
4496,CUST-04496,Hamima Setiawan,Individual,Perempuan,081220197961,caturangga40@example.net,Denpasar,Bali,2025-01-30,1
4497,CUST-04497,Iriana Prastuti,Individual,Laki-laki,081257948025,karen24@example.net,Medan,Sumatera Utara,2025-11-25,1
4498,CUST-04498,"R.M. Banawa Pangestu, S.Kom",Individual,Perempuan,081231079763,dimazsitompul@example.org,Tangerang,Banten,2026-05-06,1
4499,CUST-04499,drg. Latika Lailasari,Individual,Perempuan,081252458350,oyolanda@example.net,Surabaya,Jawa Timur,2024-12-12,1
4500,CUST-04500,Raina Hartati,Bisnis,Perempuan,081266046356,kmangunsong@example.net,Jakarta Pusat,DKI Jakarta,2025-03-26,1
4501,CUST-04501,Kanda Wasita,Individual,Perempuan,081222096302,ypangestu@example.com,Padang,Sumatera Barat,2026-05-22,1
4502,CUST-04502,Elvin Nababan,Individual,Perempuan,081283369677,bhutasoit@example.org,Jakarta Selatan,DKI Jakarta,2025-01-06,1
4503,CUST-04503,"T. Martana Saputra, S.Farm",Bisnis,Perempuan,,najamkuswoyo@example.com,Bekasi,Jawa Barat,2026-01-05,1
4504,CUST-04504,Anastasia Siregar,Individual,Perempuan,081219638787,vmaryati@example.com,Balikpapan,Kalimantan Timur,2025-09-14,1
4505,CUST-04505,"Lega Mulyani, M.M.",Individual,Laki-laki,081279004449,rizkibudiyanto@example.com,Surabaya,Jawa Timur,2025-11-24,1
4506,CUST-04506,"Gatra Laksita, M.TI.",Individual,Laki-laki,081215298717,imam94@example.org,Tangerang,Banten,2025-01-30,1
4507,CUST-04507,Ade Pratiwi,Korporat,Perempuan,081252226595,karimahkuswoyo@example.net,Tangerang,Banten,2026-02-23,1
4508,CUST-04508,Damu Agustina,Individual,Perempuan,081297333628,wahyunipadmi@example.org,Jakarta Selatan,DKI Jakarta,2025-01-08,1
4509,CUST-04509,"Dt. Muni Gunawan, S.IP",Individual,Laki-laki,081267004171,langgengsetiawan@example.net,Denpasar,Bali,2025-03-16,1
4510,CUST-04510,Hesti Aryani,Individual,Perempuan,081222072680,jaballaksmiwati@example.com,Balikpapan,Kalimantan Timur,2025-08-09,1
4511,CUST-04511,Ani Yuliarti,Bisnis,Perempuan,081293834594,kusmawatiluwar@example.net,Palembang,Sumatera Selatan,2026-01-31,0
4512,CUST-04512,Ir. Yusuf Wulandari,Bisnis,Perempuan,081232277525,lailasaricici@example.org,Medan,Sumatera Utara,2025-12-21,1
4513,CUST-04513,Ir. Harjasa Tamba,Bisnis,Perempuan,081241489553,gunawandirja@example.net,Tangerang,Banten,2024-09-12,1
4514,CUST-04514,Artawan Astuti,Individual,Laki-laki,081264956716,karjaastuti@example.net,Solo,Jawa Tengah,2026-01-05,1
4515,CUST-04515,Asirwanda Hidayanto,Individual,Laki-laki,081238416024,blaksita@example.org,Palembang,Sumatera Selatan,2025-09-14,1
4516,CUST-04516,"Dr. Ana Purnawati, S.Psi",Bisnis,Perempuan,081249490494,jaeman65@example.net,Denpasar,Bali,2026-06-02,1
4517,CUST-04517,"Kasiyah Narpati, S.Ked",Individual,Laki-laki,081259251142,tasdiksantoso@example.org,Batam,Kepulauan Riau,2025-03-31,1
4518,CUST-04518,"Yosef Kusumo, M.TI.",Bisnis,Laki-laki,081234992412,jumadisuryatmi@example.com,Makassar,Sulawesi Selatan,2025-04-11,1
4519,CUST-04519,Violet Waskita,Korporat,Perempuan,081277861770,cager18@example.org,Yogyakarta,DI Yogyakarta,2025-12-27,1
4520,CUST-04520,Elvina Siregar,Bisnis,Laki-laki,081214481983,wmarbun@example.org,Bekasi,Jawa Barat,2025-01-10,1
4521,CUST-04521,Hj. Puti Aryani,Individual,Perempuan,081296133275,nilamwijaya@example.org,Bandung,Jawa Barat,2026-01-09,1
4522,CUST-04522,H. Damar Samosir,Individual,Laki-laki,081232438371,suryatmidirja@example.net,Malang,Jawa Timur,2024-06-26,1
4523,CUST-04523,Raina Yuniar,Individual,Perempuan,081297693057,laksitacemplunk@example.com,Padang,Sumatera Barat,2025-05-19,0
4524,CUST-04524,R.M. Erik Nuraini,Korporat,Perempuan,081263794809,dinapuspasari@example.net,Denpasar,Bali,2026-03-30,1
4525,CUST-04525,Oni Nababan,Korporat,Perempuan,081291838225,rahimahsiti@example.net,Bekasi,Jawa Barat,2024-09-06,1
4526,CUST-04526,Irsad Halimah,Individual,Perempuan,081274732499,vkusmawati@example.org,Batam,Kepulauan Riau,2025-10-01,1
4527,CUST-04527,"Maryadi Maheswara, S.T.",Korporat,Perempuan,081221308385,maryatirahayu@example.com,Batam,Kepulauan Riau,2025-08-12,1
4528,CUST-04528,"Ida Megantara, S.Ked",Bisnis,Laki-laki,081282183307,mustofamaheswara@example.net,Balikpapan,Kalimantan Timur,2025-08-30,1
4529,CUST-04529,Ulva Hutasoit,Individual,Perempuan,081222484916,wisnuadriansyah@example.org,Tangerang,Banten,2026-02-03,1
4530,CUST-04530,Raden Ramadan,Individual,Perempuan,081251336602,vwidiastuti@example.com,Manado,Sulawesi Utara,2025-06-30,1
4531,CUST-04531,Hartaka Kusmawati,Bisnis,Laki-laki,,damanikviolet@example.org,Jakarta Selatan,DKI Jakarta,2026-04-08,1
4532,CUST-04532,"Labuh Prabowo, M.Kom.",Individual,Laki-laki,081287193518,maimunah63@example.net,Malang,Jawa Timur,2025-08-06,1
4533,CUST-04533,Rahmi Hasanah,Individual,Laki-laki,081276227384,rosman17@example.net,Padang,Sumatera Barat,2024-11-07,1
4534,CUST-04534,Rachel Yolanda,Individual,Laki-laki,081242277377,hardana26@example.org,Jakarta Pusat,DKI Jakarta,2024-07-02,1
4535,CUST-04535,"Artawan Saputra, S.Ked",Individual,Perempuan,081246526686,haryantiemin@example.com,Bekasi,Jawa Barat,2026-02-19,1
4536,CUST-04536,Limar Sirait,Individual,Perempuan,081264852371,ghani02@example.com,Tangerang,Banten,2025-05-27,1
4537,CUST-04537,Cici Sinaga,Individual,Perempuan,081246939792,edi46@example.org,Semarang,Jawa Tengah,2025-08-18,1
4538,CUST-04538,"Cengkir Uyainah, S.Psi",Individual,Perempuan,081272333303,ajiono16@example.org,Medan,Sumatera Utara,2026-05-24,1
4539,CUST-04539,Uli Pradana,Bisnis,Laki-laki,081221657501,jprasetyo@example.com,Tangerang,Banten,2026-03-12,1
4540,CUST-04540,"Hj. Restu Mardhiyah, S.I.Kom",Bisnis,Perempuan,081263118003,jrahmawati@example.org,Medan,Sumatera Utara,2025-07-27,1
4541,CUST-04541,Uda Usamah,Korporat,Perempuan,081217126546,tampubolonkasiran@example.com,Malang,Jawa Timur,2025-05-22,1
4542,CUST-04542,Kasiyah Mansur,Individual,Laki-laki,081246826721,riyantigalur@example.com,Batam,Kepulauan Riau,2024-09-17,1
4543,CUST-04543,Damar Gunawan,Korporat,Perempuan,081251367152,yusuf30@example.org,Denpasar,Bali,2025-07-06,1
4544,CUST-04544,Ir. Karya Mahendra,Individual,Laki-laki,081242323383,purnawatibagus@example.com,Palembang,Sumatera Selatan,2024-11-28,1
4545,CUST-04545,Koko Saefullah,Bisnis,Perempuan,081243440616,tami21@example.com,Makassar,Sulawesi Selatan,2025-09-06,1
4546,CUST-04546,Mutia Purnawati,Individual,Perempuan,,paramitawaluyo@example.com,Solo,Jawa Tengah,2025-05-24,1
4547,CUST-04547,"Opung Suryatmi, S.H.",Individual,Perempuan,081268401937,lalapudjiastuti@example.com,Makassar,Sulawesi Selatan,2024-10-22,1
4548,CUST-04548,Darijan Nainggolan,Individual,Perempuan,081259787016,,Makassar,Sulawesi Selatan,2026-02-25,1
4549,CUST-04549,H. Upik Latupono,Individual,Laki-laki,,lsihotang@example.com,Malang,Jawa Timur,2024-11-04,1
4550,CUST-04550,"Dewi Melani, S.E.",Individual,Laki-laki,081252355404,megantaraputi@example.net,Malang,Jawa Timur,2024-09-08,1
4551,CUST-04551,Luis Wacana,Individual,Perempuan,081237942255,jokoastuti@example.net,Solo,Jawa Tengah,2024-07-30,1
4552,CUST-04552,Putri Suryono,Individual,Perempuan,081216398745,yuliartirangga@example.org,Denpasar,Bali,2025-05-20,1
4553,CUST-04553,Ilyas Nuraini,Individual,Laki-laki,081298369112,laksitagaran@example.net,Bandung,Jawa Barat,2025-10-20,1
4554,CUST-04554,Tri Ramadan,Individual,Laki-laki,081249266661,cinthiawastuti@example.net,Semarang,Jawa Tengah,2026-06-03,1
4555,CUST-04555,H. Irnanto Hassanah,Individual,Laki-laki,081272867287,alambanamustofa@example.com,Medan,Sumatera Utara,2025-08-01,1
4556,CUST-04556,Tgk. Utama Mayasari,Individual,Perempuan,081278475508,zoktaviani@example.com,Makassar,Sulawesi Selatan,2026-04-25,1
4557,CUST-04557,"Rafid Wacana, S.Sos",Individual,Laki-laki,081257849235,,Malang,Jawa Timur,2026-06-05,1
4558,CUST-04558,Hani Damanik,Individual,Perempuan,081233433883,taswirsitumorang@example.com,Manado,Sulawesi Utara,2026-02-18,1
4559,CUST-04559,Bakti Puspita,Individual,Laki-laki,081241656839,nasyidahganjaran@example.net,Palembang,Sumatera Selatan,2025-10-18,1
4560,CUST-04560,Nadine Simbolon,Individual,Laki-laki,081276404436,phabibi@example.com,Denpasar,Bali,2026-06-08,1
4561,CUST-04561,"Gara Mayasari, S.Psi",Individual,Laki-laki,081226571953,aisyahsirait@example.net,Malang,Jawa Timur,2026-04-13,1
4562,CUST-04562,"Sutan Usman Santoso, S.I.Kom",Individual,Laki-laki,081218005715,ausada@example.com,Yogyakarta,DI Yogyakarta,2024-11-06,1
4563,CUST-04563,Rosman Pradana,Bisnis,Perempuan,081298909105,laksitaheryanto@example.com,Pekanbaru,Riau,2025-06-29,1
4564,CUST-04564,"Kamila Hutapea, S.E.",Korporat,Perempuan,081238874644,kamaria66@example.org,Tangerang,Banten,2025-12-10,1
4565,CUST-04565,drg. Martaka Iswahyudi,Individual,Laki-laki,081245829188,spudjiastuti@example.org,Yogyakarta,DI Yogyakarta,2024-09-02,1
4566,CUST-04566,Panji Nuraini,Individual,Laki-laki,081283728190,,Semarang,Jawa Tengah,2025-05-17,1
4567,CUST-04567,R.M. Eka Prakasa,Individual,Perempuan,081218451088,,Solo,Jawa Tengah,2025-07-13,1
4568,CUST-04568,R. Tami Purnawati,Individual,Perempuan,081269169997,rpurwanti@example.com,Semarang,Jawa Tengah,2024-12-23,1
4569,CUST-04569,Emin Permadi,Individual,Laki-laki,081293053609,tnajmudin@example.net,Denpasar,Bali,2026-03-20,1
4570,CUST-04570,Ajeng Rahmawati,Individual,Laki-laki,081248211720,winarnonasab@example.com,Padang,Sumatera Barat,2025-03-10,1
4571,CUST-04571,Mila Melani,Korporat,Perempuan,081293897734,purnawatimariadi@example.com,Batam,Kepulauan Riau,2024-10-20,1
4572,CUST-04572,Syahrini Wulandari,Individual,Perempuan,081244082906,wahyudinfathonah@example.com,Jakarta Pusat,DKI Jakarta,2025-09-18,1
4573,CUST-04573,"Dt. Sabar Mangunsong, M.Farm",Individual,Perempuan,081213766256,nhabibi@example.net,Banjarmasin,Kalimantan Selatan,2025-03-28,1
4574,CUST-04574,Mahdi Wijayanti,Individual,Laki-laki,081224734605,oktasiregar@example.com,Manado,Sulawesi Utara,2025-06-16,1
4575,CUST-04575,Prasetya Hutagalung,Individual,Laki-laki,081286414830,nrima75@example.com,Banjarmasin,Kalimantan Selatan,2026-02-13,1
4576,CUST-04576,drg. Paramita Wastuti,Bisnis,Laki-laki,081287224453,uwahyuni@example.com,Bandung,Jawa Barat,2025-04-19,1
4577,CUST-04577,Harjasa Maulana,Individual,Laki-laki,081221163558,praba13@example.net,Jakarta Selatan,DKI Jakarta,2026-05-11,1
4578,CUST-04578,"Drs. Almira Haryanti, S.E.",Individual,Perempuan,081292140109,nashiruddintitin@example.org,Solo,Jawa Tengah,2025-04-03,1
4579,CUST-04579,Mahfud Halim,Korporat,Perempuan,081218203047,gandapadmasari@example.net,Bandung,Jawa Barat,2026-02-08,1
4580,CUST-04580,"Hj. Kani Mustofa, S.H.",Individual,Perempuan,081257003698,maryadisaiful@example.net,Bandung,Jawa Barat,2024-09-11,1
4581,CUST-04581,"Warsa Aryani, S.T.",Bisnis,Laki-laki,081227682825,vnababan@example.net,Pekanbaru,Riau,2025-03-01,1
4582,CUST-04582,Hafshah Jailani,Korporat,Laki-laki,081215460470,umar57@example.net,Makassar,Sulawesi Selatan,2024-07-26,1
4583,CUST-04583,Ayu Lailasari,Bisnis,Laki-laki,081286052856,purwantipandu@example.net,Jakarta Selatan,DKI Jakarta,2026-06-14,1
4584,CUST-04584,"Uli Wasita, S.I.Kom",Individual,Perempuan,,maryadikajen@example.com,Bekasi,Jawa Barat,2024-10-03,1
4585,CUST-04585,"Ir. Hairyanto Natsir, S.Gz",Bisnis,Perempuan,081243128872,brajasa@example.com,Manado,Sulawesi Utara,2024-10-07,1
4586,CUST-04586,Nilam Pangestu,Individual,Laki-laki,081299358369,evasiregar@example.com,Jakarta Selatan,DKI Jakarta,2026-04-19,1
4587,CUST-04587,dr. Hartana Wastuti,Bisnis,Perempuan,081230295999,banawi82@example.org,Surabaya,Jawa Timur,2025-09-14,1
4588,CUST-04588,Natalia Hassanah,Bisnis,Perempuan,081277382491,tarihoranpranawa@example.org,Palembang,Sumatera Selatan,2025-07-06,1
4589,CUST-04589,Ghaliyati Siregar,Korporat,Laki-laki,081288516721,huwais@example.net,Padang,Sumatera Barat,2025-01-21,0
4590,CUST-04590,Ika Pertiwi,Individual,Perempuan,081263754969,nrimaastuti@example.org,Balikpapan,Kalimantan Timur,2025-08-07,1
4591,CUST-04591,KH. Luthfi Uwais,Bisnis,Laki-laki,081263678610,jarwipangestu@example.com,Batam,Kepulauan Riau,2025-06-07,1
4592,CUST-04592,"Drs. Raden Hidayat, M.Pd",Korporat,Laki-laki,081244426771,estiawan00@example.com,Semarang,Jawa Tengah,2025-11-24,1
4593,CUST-04593,Fathonah Winarno,Individual,Perempuan,081215420536,nyana57@example.com,Batam,Kepulauan Riau,2025-03-06,1
4594,CUST-04594,Digdaya Maheswara,Individual,Laki-laki,081293112300,khidayanto@example.org,Batam,Kepulauan Riau,2025-04-22,1
4595,CUST-04595,"Rina Mandala, S.Gz",Individual,Perempuan,081278117432,asirwada02@example.net,Medan,Sumatera Utara,2025-10-23,1
4596,CUST-04596,Murti Budiyanto,Individual,Perempuan,081248313414,mulyasamosir@example.net,Tangerang,Banten,2024-06-21,1
4597,CUST-04597,"Kasiran Laksita, S.IP",Individual,Laki-laki,081239151278,mahesapudjiastuti@example.org,Tangerang,Banten,2026-02-28,1
4598,CUST-04598,Jamalia Nashiruddin,Korporat,Perempuan,081279232428,ganda11@example.net,Malang,Jawa Timur,2024-12-25,1
4599,CUST-04599,Jefri Gunarto,Individual,Perempuan,081298830635,cahyo28@example.com,Semarang,Jawa Tengah,2025-03-13,1
4600,CUST-04600,Patricia Simbolon,Bisnis,Laki-laki,081255183855,najmudinfarah@example.org,Yogyakarta,DI Yogyakarta,2025-01-25,1
4601,CUST-04601,Gasti Suartini,Individual,Laki-laki,081289454408,kusumoelma@example.org,Balikpapan,Kalimantan Timur,2025-01-17,1
4602,CUST-04602,Aslijan Januar,Individual,Laki-laki,081231226362,tambatiara@example.com,Solo,Jawa Tengah,2025-02-07,1
4603,CUST-04603,Warsita Utama,Bisnis,Laki-laki,081228751460,wijayantikenari@example.net,Semarang,Jawa Tengah,2024-10-22,1
4604,CUST-04604,"Cici Yuliarti, S.Pt",Individual,Perempuan,081253922167,lmaryadi@example.com,Makassar,Sulawesi Selatan,2025-10-06,1
4605,CUST-04605,Lili Hardiansyah,Individual,Perempuan,081261260539,,Manado,Sulawesi Utara,2025-11-18,1
4606,CUST-04606,Tri Prakasa,Individual,Perempuan,081237635655,ibranizulkarnain@example.org,Yogyakarta,DI Yogyakarta,2026-01-26,1
4607,CUST-04607,Asmuni Mulyani,Individual,Perempuan,081267171021,pujiprabowo@example.com,Malang,Jawa Timur,2024-10-16,1
4608,CUST-04608,Gasti Permata,Individual,Perempuan,081294454340,karnahassanah@example.com,Solo,Jawa Tengah,2025-07-05,1
4609,CUST-04609,Taswir Hutasoit,Bisnis,Laki-laki,081256373626,ihsanbudiyanto@example.net,Yogyakarta,DI Yogyakarta,2024-09-05,0
4610,CUST-04610,Dirja Yulianti,Individual,Laki-laki,081235483508,thamrinharjasa@example.org,Padang,Sumatera Barat,2024-10-12,1
4611,CUST-04611,Nova Hutasoit,Individual,Perempuan,081260599220,mila56@example.org,Jakarta Selatan,DKI Jakarta,2025-10-26,1
4612,CUST-04612,Dt. Akarsana Nasyiah,Korporat,Laki-laki,081217740636,nsimbolon@example.org,Bekasi,Jawa Barat,2026-03-10,1
4613,CUST-04613,"Cut Nilam Farida, M.M.",Individual,Laki-laki,081275787191,nurdiyantiputri@example.net,Jakarta Selatan,DKI Jakarta,2024-10-13,1
4614,CUST-04614,Edward Kusumo,Individual,Perempuan,081236206373,megantarahartaka@example.com,Yogyakarta,DI Yogyakarta,2026-06-02,1
4615,CUST-04615,Titi Halimah,Individual,Laki-laki,081254277383,palastriagnes@example.com,Tangerang,Banten,2025-01-17,1
4616,CUST-04616,Michelle Pangestu,Bisnis,Laki-laki,081214278167,diansimanjuntak@example.org,Padang,Sumatera Barat,2026-06-14,1
4617,CUST-04617,"H. Dirja Fujiati, S.E.",Individual,Perempuan,081214730298,cinthiasiregar@example.net,Solo,Jawa Tengah,2024-11-22,1
4618,CUST-04618,"Yono Hastuti, S.Pd",Korporat,Perempuan,,elipermadi@example.org,Balikpapan,Kalimantan Timur,2025-09-01,1
4619,CUST-04619,Bakijan Fujiati,Individual,Laki-laki,081241030966,,Malang,Jawa Timur,2024-11-15,1
4620,CUST-04620,"Darijan Puspita, M.Ak",Individual,Perempuan,081229940989,rachelwacana@example.com,Medan,Sumatera Utara,2025-06-25,1
4621,CUST-04621,"Ida Rajasa, S.Sos",Individual,Laki-laki,081291687174,nrahmawati@example.net,Malang,Jawa Timur,2025-08-30,1
4622,CUST-04622,Devi Halimah,Individual,Perempuan,081291022835,vhutapea@example.com,Bandung,Jawa Barat,2025-04-07,1
4623,CUST-04623,Estiono Pratiwi,Individual,Laki-laki,081267174681,,Makassar,Sulawesi Selatan,2025-05-25,1
4624,CUST-04624,Prayitna Suryono,Individual,Perempuan,081255131216,usiregar@example.net,Denpasar,Bali,2024-11-01,1
4625,CUST-04625,Gilang Napitupulu,Individual,Laki-laki,,muyainah@example.com,Palembang,Sumatera Selatan,2024-09-21,1
4626,CUST-04626,"Dr. Nabila Hidayanto, M.M.",Individual,Laki-laki,081285204096,zaenabwaskita@example.org,Malang,Jawa Timur,2024-09-30,1
4627,CUST-04627,Prayoga Suryatmi,Individual,Perempuan,081239860916,olivia00@example.org,Pekanbaru,Riau,2026-01-13,1
4628,CUST-04628,"Cut Zelda Natsir, S.Gz",Individual,Laki-laki,081257764068,sihotanglurhur@example.net,Makassar,Sulawesi Selatan,2025-09-26,1
4629,CUST-04629,Dr. Cahyo Fujiati,Individual,Perempuan,081253815618,,Pekanbaru,Riau,2025-12-08,1
4630,CUST-04630,Ira Mulyani,Individual,Perempuan,081273200390,sitompuljatmiko@example.com,Padang,Sumatera Barat,2026-05-19,1
4631,CUST-04631,Viman Hutasoit,Individual,Perempuan,081244977149,dirjasusanti@example.net,Bekasi,Jawa Barat,2025-08-14,1
4632,CUST-04632,Puji Firmansyah,Individual,Laki-laki,081297657420,,Jakarta Selatan,DKI Jakarta,2025-11-30,1
4633,CUST-04633,Padmi Yolanda,Bisnis,Laki-laki,081265116628,nurdiyantinugraha@example.com,Denpasar,Bali,2026-06-14,1
4634,CUST-04634,"R. Timbul Sudiati, S.Pt",Individual,Perempuan,081280093341,restu52@example.com,Surabaya,Jawa Timur,2024-09-07,1
4635,CUST-04635,Drs. Devi Novitasari,Individual,Laki-laki,081237761286,pradanahasna@example.net,Banjarmasin,Kalimantan Selatan,2025-08-24,1
4636,CUST-04636,Cinta Samosir,Individual,Laki-laki,081295253699,adinata21@example.org,Banjarmasin,Kalimantan Selatan,2025-02-18,1
4637,CUST-04637,T. Dasa Wacana,Individual,Laki-laki,081214590215,,Pekanbaru,Riau,2025-01-15,1
4638,CUST-04638,"Bajragin Kuswandari, S.Pd",Korporat,Perempuan,081214755000,slametmansur@example.net,Semarang,Jawa Tengah,2024-09-26,1
4639,CUST-04639,"R.M. Ozy Melani, M.TI.",Bisnis,Perempuan,081244839532,emas76@example.org,Denpasar,Bali,2025-12-30,1
4640,CUST-04640,Septi Hassanah,Individual,Laki-laki,081229385741,natsirprabu@example.org,Surabaya,Jawa Timur,2025-06-09,1
4641,CUST-04641,"Prabawa Hariyah, S.Sos",Bisnis,Perempuan,081246294644,jprastuti@example.com,Jakarta Selatan,DKI Jakarta,2024-10-09,1
4642,CUST-04642,Sari Suartini,Individual,Laki-laki,081225979447,,Batam,Kepulauan Riau,2024-08-06,0
4643,CUST-04643,"R.A. Siti Waluyo, M.TI.",Individual,Laki-laki,,prima59@example.net,Bekasi,Jawa Barat,2025-04-05,1
4644,CUST-04644,"Puti Gabriella Purnawati, S.Sos",Individual,Perempuan,081287424051,anom02@example.org,Padang,Sumatera Barat,2025-06-29,1
4645,CUST-04645,"drg. Kajen Widiastuti, S.I.Kom",Individual,Perempuan,081266941961,shakila45@example.org,Bandung,Jawa Barat,2026-01-21,1
4646,CUST-04646,Cut Cindy Maryati,Individual,Laki-laki,081274139953,gandewauwais@example.org,Makassar,Sulawesi Selatan,2025-12-14,0
4647,CUST-04647,"Tgk. Jarwa Jailani, S.H.",Individual,Laki-laki,081240832279,ihsansihotang@example.org,Bekasi,Jawa Barat,2024-12-30,1
4648,CUST-04648,Belinda Purwanti,Individual,Laki-laki,081211509829,alambana61@example.org,Denpasar,Bali,2025-09-13,0
4649,CUST-04649,"Jais Aryani, S.E.I",Individual,Laki-laki,081281958497,dirjasitorus@example.org,Batam,Kepulauan Riau,2024-08-30,1
4650,CUST-04650,Ir. Ega Manullang,Individual,Perempuan,081220931575,zmardhiyah@example.com,Jakarta Pusat,DKI Jakarta,2024-10-28,1
4651,CUST-04651,Eka Uwais,Bisnis,Laki-laki,081285509515,ghakim@example.org,Balikpapan,Kalimantan Timur,2025-12-29,1
4652,CUST-04652,Simon Hastuti,Korporat,Perempuan,081229256058,halimahgara@example.com,Makassar,Sulawesi Selatan,2026-03-20,1
4653,CUST-04653,"H. Hardana Mardhiyah, S.H.",Individual,Perempuan,081241636215,bmarpaung@example.org,Padang,Sumatera Barat,2026-05-30,1
4654,CUST-04654,"Dr. Kani Kuswoyo, M.Ak",Bisnis,Perempuan,081264747233,pprayoga@example.com,Balikpapan,Kalimantan Timur,2025-02-06,1
4655,CUST-04655,Tgk. Kasiran Hastuti,Individual,Perempuan,081211969856,santosowadi@example.net,Palembang,Sumatera Selatan,2025-11-07,1
4656,CUST-04656,Tira Kuswandari,Individual,Perempuan,081260983520,maman83@example.org,Makassar,Sulawesi Selatan,2024-09-14,1
4657,CUST-04657,Puti Siska Thamrin,Individual,Laki-laki,081269658491,umar82@example.net,Banjarmasin,Kalimantan Selatan,2026-02-04,1
4658,CUST-04658,"Drs. Mutia Haryanti, S.E.",Korporat,Laki-laki,081276953093,manullangluwar@example.com,Surabaya,Jawa Timur,2025-04-11,1
4659,CUST-04659,"Cayadi Hardiansyah, S.Gz",Bisnis,Perempuan,081244719094,gandewafujiati@example.org,Tangerang,Banten,2025-03-11,1
4660,CUST-04660,"Banara Siregar, S.Pd",Individual,Perempuan,081297628414,agnes27@example.com,Batam,Kepulauan Riau,2025-04-15,1
4661,CUST-04661,Wulan Permadi,Bisnis,Perempuan,081296022176,pertiwigalih@example.org,Semarang,Jawa Tengah,2026-05-06,1
4662,CUST-04662,Tira Saputra,Individual,Perempuan,081289088480,sudiatiarsipatra@example.com,Bandung,Jawa Barat,2024-06-21,1
4663,CUST-04663,Johan Wibowo,Individual,Laki-laki,081282388532,martani94@example.net,Batam,Kepulauan Riau,2025-02-01,1
4664,CUST-04664,Kusuma Rajasa,Individual,Perempuan,081273275557,pmangunsong@example.net,Semarang,Jawa Tengah,2025-03-06,1
4665,CUST-04665,Satya Simanjuntak,Bisnis,Laki-laki,081283349919,yuni34@example.net,Palembang,Sumatera Selatan,2026-03-28,1
4666,CUST-04666,Zamira Melani,Bisnis,Perempuan,081245709240,eanggraini@example.net,Solo,Jawa Tengah,2024-06-23,1
4667,CUST-04667,Drs. Usyi Kuswoyo,Individual,Laki-laki,081278033120,pdamanik@example.org,Denpasar,Bali,2026-02-03,1
4668,CUST-04668,Yuliana Pudjiastuti,Bisnis,Perempuan,081233146631,bahuraksa21@example.net,Manado,Sulawesi Utara,2025-11-04,1
4669,CUST-04669,Zahra Sinaga,Individual,Laki-laki,081270517415,galurriyanti@example.net,Jakarta Pusat,DKI Jakarta,2026-01-12,1
4670,CUST-04670,Gatot Jailani,Individual,Perempuan,081241259994,handayanivivi@example.org,Semarang,Jawa Tengah,2025-03-13,1
4671,CUST-04671,"R. Mujur Budiman, S.H.",Individual,Perempuan,081218730422,winarnohani@example.net,Bandung,Jawa Barat,2025-12-12,1
4672,CUST-04672,Oliva Padmasari,Bisnis,Perempuan,081220111363,dadap43@example.org,Solo,Jawa Tengah,2026-02-09,1
4673,CUST-04673,Keisha Mayasari,Korporat,Laki-laki,081249878753,hartana48@example.com,Malang,Jawa Timur,2026-02-19,1
4674,CUST-04674,H. Ajiono Andriani,Individual,Perempuan,,waskitanova@example.net,Pekanbaru,Riau,2025-02-23,1
4675,CUST-04675,"Cemplunk Lailasari, S.Farm",Individual,Laki-laki,081284734881,hmayasari@example.com,Bandung,Jawa Barat,2026-01-09,1
4676,CUST-04676,"KH. Harjaya Wahyudin, S.Sos",Individual,Perempuan,081262735277,bakidinjailani@example.net,Yogyakarta,DI Yogyakarta,2025-03-21,1
4677,CUST-04677,Ira Sirait,Individual,Perempuan,081296693761,ajimansantoso@example.com,Banjarmasin,Kalimantan Selatan,2025-08-17,1
4678,CUST-04678,Cut Winda Megantara,Individual,Perempuan,081292712501,bahuwarnamarpaung@example.net,Semarang,Jawa Tengah,2026-05-27,1
4679,CUST-04679,Zizi Usamah,Individual,Perempuan,081230259752,phardiansyah@example.com,Makassar,Sulawesi Selatan,2025-02-15,1
4680,CUST-04680,Ami Wastuti,Bisnis,Perempuan,081250114660,wahyu71@example.org,Banjarmasin,Kalimantan Selatan,2026-01-04,1
4681,CUST-04681,"dr. Garang Nashiruddin, S.I.Kom",Individual,Perempuan,081227506029,atma92@example.org,Denpasar,Bali,2024-12-25,1
4682,CUST-04682,Umay Nainggolan,Individual,Perempuan,081278427960,hmansur@example.net,Padang,Sumatera Barat,2025-05-19,1
4683,CUST-04683,Edi Saptono,Individual,Laki-laki,081287475790,amalia00@example.com,Manado,Sulawesi Utara,2025-01-29,1
4684,CUST-04684,"Cinta Tarihoran, S.IP",Bisnis,Perempuan,081217332487,quwais@example.com,Makassar,Sulawesi Selatan,2025-10-06,1
4685,CUST-04685,Intan Utami,Individual,Perempuan,081249817394,,Padang,Sumatera Barat,2025-07-10,1
4686,CUST-04686,Daruna Suryono,Individual,Perempuan,081230792248,,Makassar,Sulawesi Selatan,2026-02-27,1
4687,CUST-04687,"Jaiman Oktaviani, S.I.Kom",Individual,Perempuan,081296852632,adityasitumorang@example.org,Makassar,Sulawesi Selatan,2026-02-24,1
4688,CUST-04688,Usyi Hidayanto,Individual,Perempuan,081244459802,rezaprabowo@example.net,Solo,Jawa Tengah,2026-01-07,1
4689,CUST-04689,"Dr. Karman Iswahyudi, S.Ked",Bisnis,Laki-laki,081226275186,naradiprasetya@example.net,Yogyakarta,DI Yogyakarta,2025-11-07,1
4690,CUST-04690,Cinta Sirait,Bisnis,Laki-laki,081279103477,tyuliarti@example.net,Solo,Jawa Tengah,2026-06-01,1
4691,CUST-04691,"Dr. Murti Nainggolan, S.Kom",Individual,Laki-laki,081295008311,mayafirmansyah@example.net,Jakarta Selatan,DKI Jakarta,2026-06-19,1
4692,CUST-04692,Danu Widodo,Individual,Laki-laki,081296056694,safitrinadine@example.com,Solo,Jawa Tengah,2025-04-21,0
4693,CUST-04693,Elvina Handayani,Individual,Laki-laki,081286556169,xaryani@example.com,Pekanbaru,Riau,2025-09-24,1
4694,CUST-04694,Wisnu Latupono,Bisnis,Laki-laki,081297089412,ulailasari@example.org,Makassar,Sulawesi Selatan,2024-11-25,1
4695,CUST-04695,Lidya Nurdiyanti,Korporat,Laki-laki,,taufanoktaviani@example.net,Bekasi,Jawa Barat,2025-03-06,1
4696,CUST-04696,Genta Mulyani,Individual,Laki-laki,081223072269,ajimatsafitri@example.org,Pekanbaru,Riau,2026-05-21,1
4697,CUST-04697,Bakti Laksita,Individual,Laki-laki,081283898871,anastasia47@example.org,Yogyakarta,DI Yogyakarta,2025-05-22,1
4698,CUST-04698,"Jati Natsir, S.Gz",Individual,Perempuan,081237443160,radenramadan@example.net,Banjarmasin,Kalimantan Selatan,2025-08-12,1
4699,CUST-04699,"Tgk. Michelle Marpaung, S.Pt",Individual,Perempuan,081213955336,nababangara@example.com,Batam,Kepulauan Riau,2025-11-18,1
4700,CUST-04700,Gawati Rahayu,Individual,Laki-laki,081251691172,hakimfebi@example.com,Banjarmasin,Kalimantan Selatan,2024-07-13,1
4701,CUST-04701,Lidya Gunarto,Individual,Perempuan,081228059545,,Medan,Sumatera Utara,2025-09-29,1
4702,CUST-04702,"Tgk. Agnes Budiyanto, S.Psi",Individual,Laki-laki,081280993427,lanjarnashiruddin@example.net,Palembang,Sumatera Selatan,2025-12-23,1
4703,CUST-04703,Cayadi Utama,Individual,Laki-laki,081284269547,permatacakrabirawa@example.org,Solo,Jawa Tengah,2024-12-20,1
4704,CUST-04704,Drs. Salimah Budiman,Individual,Laki-laki,081242529283,dadi25@example.net,Manado,Sulawesi Utara,2025-11-16,1
4705,CUST-04705,"Devi Hutasoit, S.Pd",Korporat,Laki-laki,081267516815,,Semarang,Jawa Tengah,2025-03-10,0
4706,CUST-04706,Cengkir Mangunsong,Bisnis,Perempuan,081292771693,wulandariuli@example.org,Jakarta Pusat,DKI Jakarta,2025-06-20,1
4707,CUST-04707,Patricia Iswahyudi,Individual,Perempuan,081243409135,ehutasoit@example.net,Pekanbaru,Riau,2025-11-16,1
4708,CUST-04708,Banara Mustofa,Individual,Laki-laki,081250200127,bambang13@example.org,Balikpapan,Kalimantan Timur,2025-10-04,1
4709,CUST-04709,"Hamima Mulyani, S.Gz",Bisnis,Laki-laki,081280555388,prasastarafid@example.net,Yogyakarta,DI Yogyakarta,2024-10-10,1
4710,CUST-04710,Yessi Tarihoran,Individual,Laki-laki,081230042675,silviasetiawan@example.net,Banjarmasin,Kalimantan Selatan,2025-02-21,1
4711,CUST-04711,Nasim Rahimah,Individual,Laki-laki,081242255921,kayun88@example.net,Denpasar,Bali,2025-02-02,1
4712,CUST-04712,Asmuni Narpati,Individual,Laki-laki,081214868588,maheswarakenari@example.org,Jakarta Selatan,DKI Jakarta,2025-02-01,1
4713,CUST-04713,KH. Jais Purwanti,Individual,Perempuan,081243186969,mahdihassanah@example.org,Bekasi,Jawa Barat,2025-02-17,1
4714,CUST-04714,Mariadi Latupono,Individual,Perempuan,,fathonah22@example.com,Denpasar,Bali,2024-06-26,1
4715,CUST-04715,Sutan Gaman Palastri,Individual,Laki-laki,081249954680,karimansantoso@example.com,Pekanbaru,Riau,2025-02-25,1
4716,CUST-04716,Uchita Mahendra,Bisnis,Laki-laki,081251967365,butama@example.com,Manado,Sulawesi Utara,2026-04-22,1
4717,CUST-04717,"Praba Wastuti, S.Pd",Individual,Laki-laki,081262860673,oktavianicengkir@example.net,Batam,Kepulauan Riau,2024-11-01,1
4718,CUST-04718,Ir. Queen Prakasa,Korporat,Perempuan,081227806168,kusumolidya@example.com,Pekanbaru,Riau,2025-05-07,1
4719,CUST-04719,Kezia Prasasta,Individual,Laki-laki,081273283335,yuliartielvin@example.com,Jakarta Pusat,DKI Jakarta,2025-12-05,1
4720,CUST-04720,Humaira Mandala,Individual,Perempuan,081235608539,bakianto86@example.com,Surabaya,Jawa Timur,2026-01-08,1
4721,CUST-04721,"drg. Joko Saragih, S.IP",Individual,Perempuan,081223993905,qhastuti@example.net,Yogyakarta,DI Yogyakarta,2026-04-29,1
4722,CUST-04722,Ciaobella Natsir,Individual,Laki-laki,081294538860,esuryono@example.net,Bekasi,Jawa Barat,2024-09-15,1
4723,CUST-04723,Zelda Rahimah,Individual,Laki-laki,,daryani10@example.com,Bekasi,Jawa Barat,2026-04-24,1
4724,CUST-04724,Paiman Mardhiyah,Individual,Laki-laki,081275327055,suwarnomarwata@example.org,Medan,Sumatera Utara,2025-07-10,1
4725,CUST-04725,Kartika Santoso,Individual,Laki-laki,081242291486,candra76@example.org,Bekasi,Jawa Barat,2025-05-07,1
4726,CUST-04726,"Ir. Panca Lestari, S.Psi",Individual,Perempuan,081240176567,nasyidahjabal@example.com,Manado,Sulawesi Utara,2026-05-14,1
4727,CUST-04727,Dimas Latupono,Individual,Laki-laki,081255938450,timbulsinaga@example.com,Surabaya,Jawa Timur,2025-10-23,1
4728,CUST-04728,Cagak Nurdiyanti,Individual,Laki-laki,081255471070,qgunarto@example.com,Malang,Jawa Timur,2024-11-04,0
4729,CUST-04729,Muhammad Dongoran,Bisnis,Laki-laki,081282343712,,Banjarmasin,Kalimantan Selatan,2024-08-12,1
4730,CUST-04730,KH. Himawan Padmasari,Individual,Laki-laki,081241310924,praba58@example.org,Palembang,Sumatera Selatan,2026-03-20,1
4731,CUST-04731,Lalita Utami,Individual,Laki-laki,081295497193,samsulyolanda@example.org,Palembang,Sumatera Selatan,2025-07-12,1
4732,CUST-04732,Gabriella Rahmawati,Individual,Laki-laki,081229153295,indahyuliarti@example.net,Bekasi,Jawa Barat,2025-01-04,1
4733,CUST-04733,Jail Suryono,Individual,Laki-laki,081257964586,devisusanti@example.org,Yogyakarta,DI Yogyakarta,2024-07-06,1
4734,CUST-04734,Mustofa Wulandari,Individual,Laki-laki,081223807689,mardhiyahlaras@example.com,Denpasar,Bali,2025-03-19,1
4735,CUST-04735,R.A. Malika Yuliarti,Individual,Perempuan,081299840809,,Denpasar,Bali,2025-01-28,1
4736,CUST-04736,Intan Sihotang,Bisnis,Perempuan,081249719000,ulilatupono@example.com,Bandung,Jawa Barat,2026-06-08,1
4737,CUST-04737,"dr. Unjani Hariyah, S.E.I",Individual,Laki-laki,081276955381,darijan98@example.net,Makassar,Sulawesi Selatan,2024-07-02,1
4738,CUST-04738,Azalea Rahimah,Individual,Perempuan,081218404916,saputralaras@example.org,Manado,Sulawesi Utara,2026-01-31,1
4739,CUST-04739,"Edison Manullang, S.Psi",Individual,Laki-laki,081217165562,dariminwahyudin@example.org,Malang,Jawa Timur,2025-05-21,1
4740,CUST-04740,Qori Riyanti,Individual,Perempuan,081223796533,yusuf48@example.net,Solo,Jawa Tengah,2026-03-30,1
4741,CUST-04741,Nadine Permata,Bisnis,Laki-laki,081296399614,esimanjuntak@example.org,Bekasi,Jawa Barat,2024-09-19,1
4742,CUST-04742,Cahyono Manullang,Individual,Laki-laki,081247195862,tbudiyanto@example.org,Palembang,Sumatera Selatan,2024-09-18,1
4743,CUST-04743,Daru Nashiruddin,Individual,Laki-laki,081226351984,karma76@example.org,Pekanbaru,Riau,2024-10-03,1
4744,CUST-04744,Zalindra Najmudin,Individual,Perempuan,081228860461,,Manado,Sulawesi Utara,2025-09-13,1
4745,CUST-04745,"Sutan Setya Maulana, S.H.",Individual,Laki-laki,081265666325,pertiwiedi@example.org,Jakarta Selatan,DKI Jakarta,2024-10-26,1
4746,CUST-04746,Candra Lailasari,Bisnis,Laki-laki,081278139015,suci21@example.net,Jakarta Selatan,DKI Jakarta,2024-11-16,0
4747,CUST-04747,Wirda Tampubolon,Bisnis,Perempuan,081257383469,mala65@example.net,Semarang,Jawa Tengah,2025-09-25,1
4748,CUST-04748,Adikara Yulianti,Individual,Perempuan,081287589683,astutimalik@example.net,Surabaya,Jawa Timur,2024-12-08,1
4749,CUST-04749,"KH. Ganep Pertiwi, S.Gz",Bisnis,Laki-laki,081216478600,wpudjiastuti@example.org,Medan,Sumatera Utara,2025-05-09,1
4750,CUST-04750,"drg. Aisyah Rahayu, S.E.",Individual,Perempuan,081251039793,,Balikpapan,Kalimantan Timur,2024-10-11,1
4751,CUST-04751,H. Malik Wulandari,Individual,Perempuan,081236226518,,Surabaya,Jawa Timur,2025-06-28,1
4752,CUST-04752,Paris Jailani,Individual,Perempuan,081218322152,cwinarno@example.net,Batam,Kepulauan Riau,2025-12-27,1
4753,CUST-04753,Raharja Najmudin,Individual,Laki-laki,081239900671,omarrajata@example.com,Bekasi,Jawa Barat,2026-05-13,1
4754,CUST-04754,Galang Pertiwi,Individual,Perempuan,081228413640,gadawibowo@example.net,Semarang,Jawa Tengah,2025-01-16,1
4755,CUST-04755,Cayadi Setiawan,Individual,Laki-laki,081245243069,agustinacahyadi@example.net,Palembang,Sumatera Selatan,2025-08-21,1
4756,CUST-04756,"dr. Olivia Riyanti, S.Sos",Individual,Laki-laki,,najmudinbajragin@example.net,Bekasi,Jawa Barat,2026-05-14,1
4757,CUST-04757,Sakura Santoso,Bisnis,Laki-laki,081248516239,unapitupulu@example.com,Batam,Kepulauan Riau,2025-11-24,1
4758,CUST-04758,Mujur Maryati,Individual,Perempuan,081260033008,pdabukke@example.net,Medan,Sumatera Utara,2026-05-28,1
4759,CUST-04759,dr. Najam Kuswandari,Individual,Laki-laki,081243548014,marsito32@example.org,Surabaya,Jawa Timur,2024-09-26,1
4760,CUST-04760,Sari Prasetya,Individual,Laki-laki,081260171339,vwahyudin@example.net,Jakarta Selatan,DKI Jakarta,2024-08-11,1
4761,CUST-04761,"R. Siti Andriani, M.Pd",Individual,Laki-laki,081291337711,mahfudkusumo@example.com,Solo,Jawa Tengah,2025-01-29,1
4762,CUST-04762,Salman Prasetya,Individual,Perempuan,081231164662,hari86@example.org,Padang,Sumatera Barat,2025-08-05,0
4763,CUST-04763,"Shakila Rahimah, M.TI.",Bisnis,Laki-laki,081239505520,glaksmiwati@example.net,Pekanbaru,Riau,2024-10-30,1
4764,CUST-04764,"Drs. Ganjaran Halim, S.Kom",Individual,Perempuan,081223005202,,Makassar,Sulawesi Selatan,2026-03-01,1
4765,CUST-04765,"Anastasia Hutasoit, S.Sos",Korporat,Laki-laki,081226635841,ghalim@example.com,Manado,Sulawesi Utara,2025-07-17,1
4766,CUST-04766,"Heru Mangunsong, S.IP",Individual,Perempuan,081251837447,suryonobakiadi@example.com,Manado,Sulawesi Utara,2026-05-02,1
4767,CUST-04767,"KH. Ibun Mulyani, S.Psi",Bisnis,Laki-laki,081233386969,pangestuwaluyo@example.net,Bandung,Jawa Barat,2025-12-11,1
4768,CUST-04768,"Restu Yolanda, S.Kom",Individual,Laki-laki,081240929314,,Surabaya,Jawa Timur,2025-02-01,1
4769,CUST-04769,"Salman Najmudin, S.Pt",Individual,Laki-laki,081284012969,qadriansyah@example.com,Bekasi,Jawa Barat,2025-10-05,1
4770,CUST-04770,Diana Maheswara,Individual,Laki-laki,081218188106,,Jakarta Pusat,DKI Jakarta,2026-04-11,1
4771,CUST-04771,Cut Malika Hutasoit,Korporat,Perempuan,081283158131,ajimatfujiati@example.net,Yogyakarta,DI Yogyakarta,2026-01-15,1
4772,CUST-04772,Tina Wasita,Korporat,Laki-laki,081287458653,bdongoran@example.net,Surabaya,Jawa Timur,2024-09-29,1
4773,CUST-04773,Calista Saefullah,Korporat,Perempuan,081227378248,vanyautami@example.net,Padang,Sumatera Barat,2024-10-05,1
4774,CUST-04774,Raisa Tamba,Korporat,Laki-laki,081211292765,jasmin73@example.org,Pekanbaru,Riau,2024-11-03,1
4775,CUST-04775,Tari Purwanti,Individual,Laki-laki,081295781660,pfirmansyah@example.net,Surabaya,Jawa Timur,2025-01-24,1
4776,CUST-04776,"drg. Kalim Manullang, S.E.",Individual,Laki-laki,081294991006,hariyahluhung@example.org,Malang,Jawa Timur,2024-08-20,1
4777,CUST-04777,"Rahman Nugroho, S.H.",Bisnis,Perempuan,081273970923,oliva96@example.com,Banjarmasin,Kalimantan Selatan,2026-01-12,1
4778,CUST-04778,Sutan Kayun Sihombing,Individual,Perempuan,081239315667,carlakusumo@example.com,Malang,Jawa Timur,2025-04-30,1
4779,CUST-04779,Cemani Maryadi,Individual,Perempuan,081243907374,hidayatjaga@example.net,Balikpapan,Kalimantan Timur,2025-11-09,1
4780,CUST-04780,Gabriella Latupono,Individual,Laki-laki,081252671764,suartinibaktianto@example.com,Padang,Sumatera Barat,2025-05-10,1
4781,CUST-04781,Siti Maryadi,Individual,Perempuan,081242611165,danujamangunsong@example.org,Balikpapan,Kalimantan Timur,2024-12-22,1
4782,CUST-04782,"Agus Latupono, S.I.Kom",Individual,Laki-laki,081253144808,aniprasetya@example.com,Bandung,Jawa Barat,2025-05-24,1
4783,CUST-04783,Vino Palastri,Individual,Laki-laki,081237230544,yuliana51@example.net,Pekanbaru,Riau,2024-12-31,1
4784,CUST-04784,Agnes Purnawati,Korporat,Perempuan,081236825112,ridwanmardhiyah@example.net,Pekanbaru,Riau,2025-05-19,1
4785,CUST-04785,"Titin Rahayu, M.Pd",Individual,Perempuan,081277800766,cagerharyanto@example.net,Denpasar,Bali,2024-11-03,1
4786,CUST-04786,"R. Gawati Suryatmi, S.Farm",Individual,Laki-laki,081279883344,puspasarianita@example.net,Jakarta Pusat,DKI Jakarta,2025-12-22,1
4787,CUST-04787,Dariati Simanjuntak,Individual,Laki-laki,081232146089,lgunawan@example.net,Semarang,Jawa Tengah,2025-04-16,1
4788,CUST-04788,Mahfud Habibi,Bisnis,Laki-laki,081280370194,bsuartini@example.org,Medan,Sumatera Utara,2025-02-06,1
4789,CUST-04789,"Eva Januar, S.Gz",Individual,Perempuan,081219639729,lnasyidah@example.com,Pekanbaru,Riau,2024-10-09,1
4790,CUST-04790,Kalim Prastuti,Individual,Perempuan,081233765181,,Padang,Sumatera Barat,2025-01-13,1
4791,CUST-04791,Anastasia Sihombing,Individual,Perempuan,081223520743,damanikasmuni@example.net,Bekasi,Jawa Barat,2026-02-19,1
4792,CUST-04792,"Rusman Wasita, M.M.",Individual,Perempuan,081234603618,kwibowo@example.net,Denpasar,Bali,2026-01-16,1
4793,CUST-04793,Tami Hutagalung,Individual,Perempuan,081211828599,onasyidah@example.org,Batam,Kepulauan Riau,2025-05-06,1
4794,CUST-04794,Nilam Sihombing,Bisnis,Perempuan,081272277745,ademaulana@example.net,Pekanbaru,Riau,2024-08-27,1
4795,CUST-04795,Ganda Napitupulu,Individual,Perempuan,081212835199,dwimustofa@example.com,Batam,Kepulauan Riau,2026-01-29,1
4796,CUST-04796,Usyi Dabukke,Individual,Laki-laki,081251450461,ukurniawan@example.net,Balikpapan,Kalimantan Timur,2024-08-04,1
4797,CUST-04797,Samiah Siregar,Korporat,Laki-laki,081256310020,langgeng39@example.net,Semarang,Jawa Tengah,2024-09-30,1
4798,CUST-04798,Putri Sirait,Individual,Laki-laki,081229052293,mardhiyahkarimah@example.net,Padang,Sumatera Barat,2025-11-11,1
4799,CUST-04799,Tgk. Ifa Hutagalung,Individual,Laki-laki,081288285609,,Padang,Sumatera Barat,2025-07-18,1
4800,CUST-04800,"Wakiman Waluyo, S.Psi",Bisnis,Laki-laki,081283761134,,Palembang,Sumatera Selatan,2026-02-06,1
4801,CUST-04801,Tgk. Gaman Zulaika,Bisnis,Laki-laki,081239913948,haryantolaksana@example.net,Yogyakarta,DI Yogyakarta,2025-08-15,0
4802,CUST-04802,Daruna Waluyo,Korporat,Laki-laki,081215068213,yoga86@example.org,Makassar,Sulawesi Selatan,2026-02-02,1
4803,CUST-04803,Tami Saputra,Individual,Laki-laki,081285574627,karimahprakasa@example.org,Denpasar,Bali,2025-04-17,1
4804,CUST-04804,"Ir. Dimas Purwanti, M.Kom.",Bisnis,Perempuan,081254249895,arta84@example.org,Surabaya,Jawa Timur,2026-03-14,1
4805,CUST-04805,Hendra Najmudin,Individual,Laki-laki,081254905240,sucisinaga@example.com,Malang,Jawa Timur,2024-07-06,1
4806,CUST-04806,"Ir. Sidiq Pertiwi, S.H.",Individual,Laki-laki,081213930731,jononugroho@example.com,Pekanbaru,Riau,2024-10-30,1
4807,CUST-04807,Carub Natsir,Individual,Laki-laki,081297550522,wahyuniparis@example.net,Medan,Sumatera Utara,2025-06-23,1
4808,CUST-04808,Yono Namaga,Korporat,Laki-laki,081274102140,maryadibagiya@example.com,Bandung,Jawa Barat,2025-08-10,1
4809,CUST-04809,"Bakianto Pranowo, S.Kom",Individual,Laki-laki,081247697810,rmelani@example.org,Banjarmasin,Kalimantan Selatan,2026-04-05,0
4810,CUST-04810,Tina Mahendra,Bisnis,Laki-laki,081274235747,,Malang,Jawa Timur,2026-06-08,1
4811,CUST-04811,R. Yulia Pratama,Individual,Laki-laki,,elisasamosir@example.net,Bandung,Jawa Barat,2025-07-29,1
4812,CUST-04812,Maimunah Zulaika,Bisnis,Perempuan,081242430899,bakimanhastuti@example.net,Surabaya,Jawa Timur,2026-06-18,1
4813,CUST-04813,"Gasti Setiawan, S.I.Kom",Individual,Perempuan,081280814648,isimbolon@example.net,Malang,Jawa Timur,2026-04-06,1
4814,CUST-04814,Jane Tarihoran,Individual,Perempuan,081216683561,argonopuspasari@example.com,Palembang,Sumatera Selatan,2024-09-05,1
4815,CUST-04815,Maria Nasyidah,Individual,Laki-laki,081269410409,adiarja71@example.net,Padang,Sumatera Barat,2026-01-18,1
4816,CUST-04816,"Tirta Prakasa, S.E.",Korporat,Perempuan,081253358067,bakianto77@example.net,Manado,Sulawesi Utara,2026-02-02,1
4817,CUST-04817,Mila Rahayu,Individual,Perempuan,081234799890,ndamanik@example.org,Tangerang,Banten,2025-02-05,1
4818,CUST-04818,Endra Simanjuntak,Individual,Laki-laki,081235020660,utamahartati@example.net,Pekanbaru,Riau,2026-04-19,1
4819,CUST-04819,Raihan Permata,Bisnis,Laki-laki,081228817124,mardhiyahratna@example.org,Yogyakarta,DI Yogyakarta,2026-02-14,1
4820,CUST-04820,Gasti Wastuti,Individual,Laki-laki,081252122691,adikasiregar@example.com,Balikpapan,Kalimantan Timur,2025-06-28,1
4821,CUST-04821,"KH. Gaiman Iswahyudi, M.M.",Individual,Laki-laki,081274256453,othamrin@example.org,Batam,Kepulauan Riau,2024-11-02,1
4822,CUST-04822,Hasna Yuliarti,Individual,Perempuan,081211674475,,Malang,Jawa Timur,2025-02-16,1
4823,CUST-04823,"Puti Puspa Wibisono, M.Farm",Individual,Laki-laki,081288588600,daliono39@example.com,Banjarmasin,Kalimantan Selatan,2025-02-27,1
4824,CUST-04824,"Lega Pertiwi, M.Pd",Bisnis,Perempuan,081222672393,prasetyovega@example.com,Balikpapan,Kalimantan Timur,2024-08-03,1
4825,CUST-04825,Dasa Wibisono,Individual,Perempuan,081280060847,,Jakarta Selatan,DKI Jakarta,2025-09-07,1
4826,CUST-04826,Devi Padmasari,Individual,Laki-laki,081245398487,maryatirudi@example.com,Banjarmasin,Kalimantan Selatan,2024-07-01,1
4827,CUST-04827,Tgk. Cakrajiya Puspasari,Individual,Laki-laki,081242253860,bakda62@example.org,Bekasi,Jawa Barat,2024-12-21,1
4828,CUST-04828,"Ghani Salahudin, M.Ak",Individual,Perempuan,081256524382,puspawahyuni@example.com,Palembang,Sumatera Selatan,2025-02-19,1
4829,CUST-04829,"Respati Mayasari, M.M.",Individual,Perempuan,081236278349,suwarnolimar@example.org,Denpasar,Bali,2024-10-01,1
4830,CUST-04830,Drs. Shania Maheswara,Individual,Laki-laki,081289778380,dalimanatsir@example.org,Palembang,Sumatera Selatan,2024-07-25,1
4831,CUST-04831,Wawan Wibowo,Bisnis,Laki-laki,081216061848,zizi89@example.org,Semarang,Jawa Tengah,2026-05-15,1
4832,CUST-04832,"Sutan Karna Halimah, S.Pd",Bisnis,Laki-laki,,tantrihutapea@example.org,Makassar,Sulawesi Selatan,2026-03-14,1
4833,CUST-04833,"KH. Hari Uyainah, S.E.I",Korporat,Laki-laki,081256522587,jmarpaung@example.com,Bandung,Jawa Barat,2025-11-08,1
4834,CUST-04834,Cahya Narpati,Individual,Perempuan,081286512268,ymaryati@example.org,Tangerang,Banten,2025-09-01,1
4835,CUST-04835,dr. Hana Nasyidah,Korporat,Laki-laki,081294256836,bmandasari@example.net,Jakarta Selatan,DKI Jakarta,2024-12-18,1
4836,CUST-04836,Eli Maryadi,Bisnis,Laki-laki,081234032112,onugroho@example.net,Tangerang,Banten,2026-03-08,1
4837,CUST-04837,Tari Anggraini,Bisnis,Laki-laki,081248737836,novi17@example.com,Surabaya,Jawa Timur,2024-08-16,0
4838,CUST-04838,Cawuk Hartati,Individual,Laki-laki,,hartatirahmat@example.com,Batam,Kepulauan Riau,2025-12-24,1
4839,CUST-04839,Hj. Vivi Melani,Bisnis,Perempuan,081229842557,laksitadalima@example.org,Tangerang,Banten,2025-11-24,1
4840,CUST-04840,"Narji Siregar, S.Pd",Individual,Laki-laki,081274564521,natsircakrawangsa@example.net,Palembang,Sumatera Selatan,2024-07-19,1
4841,CUST-04841,Drs. Kamidin Haryanto,Individual,Perempuan,081219410077,widiastutidalimin@example.net,Semarang,Jawa Tengah,2026-05-14,1
4842,CUST-04842,Raden Purwanti,Individual,Laki-laki,081293070687,rsaragih@example.net,Makassar,Sulawesi Selatan,2025-03-13,1
4843,CUST-04843,Bella Narpati,Individual,Laki-laki,081226041374,hidayatelvin@example.org,Malang,Jawa Timur,2025-04-14,1
4844,CUST-04844,"Tgk. Ina Ardianto, M.TI.",Individual,Laki-laki,081290494253,sucinainggolan@example.com,Solo,Jawa Tengah,2025-01-09,1
4845,CUST-04845,Cawuk Purwanti,Individual,Laki-laki,081279863424,,Medan,Sumatera Utara,2026-02-17,1
4846,CUST-04846,Ella Lailasari,Individual,Laki-laki,081240442168,mahesabudiyanto@example.org,Medan,Sumatera Utara,2026-05-09,1
4847,CUST-04847,Syahrini Megantara,Individual,Perempuan,081216380471,lpermadi@example.net,Banjarmasin,Kalimantan Selatan,2025-05-25,1
4848,CUST-04848,"Rahmi Utama, S.Kom",Bisnis,Perempuan,081258351106,devipradipta@example.com,Bandung,Jawa Barat,2025-09-18,1
4849,CUST-04849,Jinawi Suwarno,Bisnis,Perempuan,081279497499,halimjane@example.org,Medan,Sumatera Utara,2024-07-18,1
4850,CUST-04850,Dimas Hariyah,Individual,Perempuan,081225418070,fnarpati@example.org,Banjarmasin,Kalimantan Selatan,2025-08-05,1
4851,CUST-04851,Sutan Danu Rahmawati,Individual,Laki-laki,081215527648,wibowomursita@example.org,Yogyakarta,DI Yogyakarta,2026-01-14,1
4852,CUST-04852,"Ir. Teguh Yulianti, M.M.",Bisnis,Perempuan,,smarpaung@example.org,Yogyakarta,DI Yogyakarta,2025-11-20,1
4853,CUST-04853,Imam Anggraini,Bisnis,Laki-laki,081222712427,usmanusamah@example.org,Bekasi,Jawa Barat,2024-06-26,1
4854,CUST-04854,Timbul Prasasta,Individual,Perempuan,081262090858,tbudiman@example.net,Makassar,Sulawesi Selatan,2026-03-21,1
4855,CUST-04855,Marwata Widiastuti,Individual,Laki-laki,081260829654,latikanuraini@example.com,Jakarta Selatan,DKI Jakarta,2025-03-22,1
4856,CUST-04856,"Ir. Dimaz Usamah, M.TI.",Individual,Perempuan,081271741819,arisnasyiah@example.org,Manado,Sulawesi Utara,2024-07-24,1
4857,CUST-04857,Hafshah Hassanah,Individual,Perempuan,081233399021,jailanizelda@example.com,Malang,Jawa Timur,2025-11-03,1
4858,CUST-04858,Kezia Laksita,Individual,Perempuan,081259240017,,Yogyakarta,DI Yogyakarta,2026-05-12,1
4859,CUST-04859,"H. Tasnim Purnawati, S.Gz",Bisnis,Laki-laki,081231755910,hidayatradika@example.org,Jakarta Selatan,DKI Jakarta,2025-04-17,1
4860,CUST-04860,Ihsan Sihotang,Individual,Perempuan,081290105721,zputra@example.com,Bekasi,Jawa Barat,2026-02-21,1
4861,CUST-04861,Elvina Damanik,Bisnis,Laki-laki,081212519544,ratnariyanti@example.com,Makassar,Sulawesi Selatan,2025-01-20,1
4862,CUST-04862,Maida Suwarno,Individual,Perempuan,,rsuryatmi@example.com,Bandung,Jawa Barat,2026-04-21,1
4863,CUST-04863,Oliva Prasetya,Individual,Perempuan,081216260249,abyasa66@example.org,Solo,Jawa Tengah,2024-07-20,1
4864,CUST-04864,Balijan Wibisono,Individual,Laki-laki,,lalahartati@example.net,Medan,Sumatera Utara,2025-09-28,1
4865,CUST-04865,"Dr. Diana Usada, M.Farm",Individual,Laki-laki,081243646326,hanimulyani@example.org,Makassar,Sulawesi Selatan,2025-02-18,1
4866,CUST-04866,"Heryanto Wijaya, S.Sos",Individual,Perempuan,,srajasa@example.org,Malang,Jawa Timur,2024-12-16,1
4867,CUST-04867,"Hj. Tantri Mahendra, S.H.",Individual,Laki-laki,081299716516,uyolanda@example.com,Semarang,Jawa Tengah,2026-02-25,1
4868,CUST-04868,Jarwadi Saragih,Bisnis,Perempuan,081219428925,pmustofa@example.net,Malang,Jawa Timur,2026-03-20,1
4869,CUST-04869,"Padma Melani, M.Ak",Individual,Laki-laki,081258885314,fitrianiwibowo@example.org,Pekanbaru,Riau,2024-12-08,1
4870,CUST-04870,Jane Nuraini,Individual,Laki-laki,081256568544,zprasasta@example.org,Medan,Sumatera Utara,2026-01-12,1
4871,CUST-04871,Jindra Wahyudin,Korporat,Perempuan,081251418287,tsalahudin@example.com,Tangerang,Banten,2025-05-11,1
4872,CUST-04872,Jessica Yulianti,Individual,Perempuan,,akarsana78@example.net,Jakarta Selatan,DKI Jakarta,2024-08-28,1
4873,CUST-04873,Hj. Dian Hidayanto,Individual,Laki-laki,081229090076,omarmustofa@example.net,Surabaya,Jawa Timur,2024-08-22,1
4874,CUST-04874,drg. Gawati Suartini,Individual,Laki-laki,081222724027,,Manado,Sulawesi Utara,2024-09-14,1
4875,CUST-04875,"Tira Pratama, S.T.",Korporat,Laki-laki,081293518213,prasastaadika@example.org,Medan,Sumatera Utara,2025-06-28,1
4876,CUST-04876,"dr. Lidya Maryati, S.E.I",Bisnis,Perempuan,,atmaja87@example.net,Bandung,Jawa Barat,2025-09-30,1
4877,CUST-04877,"H. Umay Sihombing, M.TI.",Individual,Perempuan,081274613770,qwaluyo@example.net,Padang,Sumatera Barat,2026-02-18,1
4878,CUST-04878,"Drs. Karimah Halimah, S.E.I",Individual,Perempuan,,adikaprastuti@example.com,Tangerang,Banten,2026-01-20,1
4879,CUST-04879,Hendri Lailasari,Individual,Laki-laki,081244120155,hariyahsari@example.com,Denpasar,Bali,2025-09-11,1
4880,CUST-04880,Puti Humaira Prayoga,Individual,Laki-laki,081239250717,labuhsetiawan@example.com,Solo,Jawa Tengah,2024-11-24,1
4881,CUST-04881,dr. Novi Prayoga,Korporat,Laki-laki,081272678790,mdabukke@example.org,Balikpapan,Kalimantan Timur,2024-08-24,1
4882,CUST-04882,Tami Dabukke,Individual,Perempuan,081248038450,adriansyahjais@example.net,Medan,Sumatera Utara,2025-01-23,1
4883,CUST-04883,"Dt. Surya Saragih, S.Ked",Individual,Laki-laki,081212154411,abyasa90@example.org,Pekanbaru,Riau,2026-04-20,1
4884,CUST-04884,"Oni Habibi, S.Pt",Individual,Perempuan,081243632836,jatmiko12@example.com,Semarang,Jawa Tengah,2025-07-05,1
4885,CUST-04885,Tgk. Sabrina Sihombing,Individual,Laki-laki,081284669621,aryaninadine@example.net,Bandung,Jawa Barat,2024-07-31,1
4886,CUST-04886,"Dt. Teguh Nasyidah, S.Pd",Bisnis,Perempuan,081248460434,rendymelani@example.com,Solo,Jawa Tengah,2024-11-15,1
4887,CUST-04887,"H. Maryanto Nugroho, S.Farm",Bisnis,Perempuan,081261615408,,Jakarta Selatan,DKI Jakarta,2026-05-10,0
4888,CUST-04888,Salsabila Hartati,Individual,Perempuan,081255790705,palastriusyi@example.com,Malang,Jawa Timur,2026-03-26,1
4889,CUST-04889,Ayu Tamba,Individual,Laki-laki,081255259544,,Denpasar,Bali,2026-03-24,1
4890,CUST-04890,"Icha Mulyani, S.E.",Individual,Laki-laki,081265824980,artantomaryadi@example.com,Palembang,Sumatera Selatan,2025-03-24,1
4891,CUST-04891,"R. Salsabila Rahayu, S.E.",Bisnis,Perempuan,081261932686,gawatipuspita@example.org,Yogyakarta,DI Yogyakarta,2025-06-02,1
4892,CUST-04892,Tri Megantara,Individual,Laki-laki,081235664455,dabukkeeko@example.org,Padang,Sumatera Barat,2025-11-20,1
4893,CUST-04893,"Rama Pudjiastuti, S.T.",Individual,Laki-laki,,ikin20@example.com,Pekanbaru,Riau,2024-11-09,1
4894,CUST-04894,Asirwada Wijaya,Individual,Perempuan,,handayanilili@example.org,Semarang,Jawa Tengah,2024-10-03,1
4895,CUST-04895,Sari Wibisono,Bisnis,Perempuan,081271858563,uwaistaufik@example.org,Makassar,Sulawesi Selatan,2024-06-27,1
4896,CUST-04896,"Drs. Rangga Nugroho, S.Ked",Bisnis,Perempuan,081287416107,gada39@example.com,Banjarmasin,Kalimantan Selatan,2026-02-20,1
4897,CUST-04897,Paulin Setiawan,Individual,Laki-laki,081244523287,budiyantoshania@example.net,Tangerang,Banten,2025-07-21,1
4898,CUST-04898,Sari Setiawan,Bisnis,Laki-laki,081279922324,anggabaya33@example.net,Padang,Sumatera Barat,2024-12-03,1
4899,CUST-04899,Juli Wibisono,Individual,Perempuan,081260237378,sakti55@example.org,Jakarta Selatan,DKI Jakarta,2026-01-16,1
4900,CUST-04900,Nilam Halimah,Bisnis,Perempuan,081271812750,sihombinghasna@example.net,Solo,Jawa Tengah,2025-05-02,1
4901,CUST-04901,Ibrahim Winarno,Individual,Laki-laki,081213157632,mahendrapaulin@example.org,Jakarta Selatan,DKI Jakarta,2025-08-27,1
4902,CUST-04902,"Dr. Yunita Zulaika, M.TI.",Individual,Laki-laki,081274319402,melaniratna@example.net,Balikpapan,Kalimantan Timur,2024-09-14,1
4903,CUST-04903,Cici Mayasari,Korporat,Perempuan,081275659283,zelayatarihoran@example.net,Manado,Sulawesi Utara,2024-12-11,1
4904,CUST-04904,"H. Mahdi Andriani, M.Ak",Individual,Perempuan,081267943892,keneswahyudin@example.com,Jakarta Selatan,DKI Jakarta,2025-03-31,1
4905,CUST-04905,Ian Kuswandari,Individual,Perempuan,081271890455,,Jakarta Pusat,DKI Jakarta,2024-07-17,1
4906,CUST-04906,Ade Budiyanto,Individual,Perempuan,081265991340,permatairma@example.net,Jakarta Pusat,DKI Jakarta,2025-11-26,1
4907,CUST-04907,Pranata Nasyidah,Bisnis,Perempuan,081216812006,edisiregar@example.com,Padang,Sumatera Barat,2024-07-15,1
4908,CUST-04908,drg. Yono Purwanti,Individual,Laki-laki,081263569915,pangestugalih@example.com,Surabaya,Jawa Timur,2025-07-24,1
4909,CUST-04909,Jamil Mustofa,Bisnis,Laki-laki,081263176183,joko60@example.com,Yogyakarta,DI Yogyakarta,2024-09-10,1
4910,CUST-04910,Ir. Narji Januar,Individual,Laki-laki,081294922048,dirja28@example.net,Yogyakarta,DI Yogyakarta,2024-09-08,1
4911,CUST-04911,Elisa Pangestu,Individual,Laki-laki,081288523920,raisa95@example.net,Yogyakarta,DI Yogyakarta,2024-12-06,1
4912,CUST-04912,Karna Setiawan,Individual,Laki-laki,081214231321,latuponotaufan@example.org,Batam,Kepulauan Riau,2025-05-15,1
4913,CUST-04913,Ophelia Rajasa,Korporat,Perempuan,081237867189,xwibisono@example.org,Bekasi,Jawa Barat,2025-11-11,1
4914,CUST-04914,Dacin Anggraini,Korporat,Laki-laki,081275986453,harsaya74@example.net,Medan,Sumatera Utara,2025-04-08,1
4915,CUST-04915,Capa Mandala,Korporat,Perempuan,081261855145,hutagalungupik@example.org,Denpasar,Bali,2025-09-19,1
4916,CUST-04916,dr. Margana Pradipta,Individual,Laki-laki,081294374434,adriansyahasman@example.net,Jakarta Pusat,DKI Jakarta,2026-04-29,0
4917,CUST-04917,Tiara Tarihoran,Individual,Laki-laki,081238462849,oadriansyah@example.com,Bandung,Jawa Barat,2024-07-16,1
4918,CUST-04918,Laksana Nababan,Individual,Laki-laki,081281220567,bnajmudin@example.org,Medan,Sumatera Utara,2026-05-20,0
4919,CUST-04919,Devi Rahmawati,Korporat,Perempuan,081272035766,vprayoga@example.org,Semarang,Jawa Tengah,2025-09-26,1
4920,CUST-04920,Indah Uwais,Individual,Laki-laki,081259156104,deviiswahyudi@example.org,Tangerang,Banten,2024-07-01,1
4921,CUST-04921,Lulut Nasyidah,Bisnis,Perempuan,081261918582,suryonosepti@example.com,Pekanbaru,Riau,2024-10-21,0
4922,CUST-04922,Gatot Manullang,Individual,Perempuan,081256899986,ellis92@example.net,Yogyakarta,DI Yogyakarta,2024-07-15,1
4923,CUST-04923,"Asirwanda Pertiwi, S.H.",Individual,Laki-laki,081212347103,elihasanah@example.net,Palembang,Sumatera Selatan,2026-03-08,1
4924,CUST-04924,Karma Lestari,Individual,Laki-laki,081233803976,astutireksa@example.org,Tangerang,Banten,2026-06-07,1
4925,CUST-04925,"Nadia Rahmawati, M.Pd",Bisnis,Perempuan,081230328850,enababan@example.org,Yogyakarta,DI Yogyakarta,2025-04-21,1
4926,CUST-04926,Fitriani Nasyiah,Individual,Laki-laki,081271005551,bkuswoyo@example.org,Manado,Sulawesi Utara,2026-02-27,1
4927,CUST-04927,Candra Sinaga,Individual,Perempuan,081272828687,lailasaribajragin@example.net,Manado,Sulawesi Utara,2025-01-19,1
4928,CUST-04928,"Farah Iswahyudi, M.Farm",Individual,Laki-laki,081260790562,hharyanti@example.org,Semarang,Jawa Tengah,2026-01-16,1
4929,CUST-04929,Pardi Waskita,Bisnis,Laki-laki,081259699407,,Padang,Sumatera Barat,2026-01-28,1
4930,CUST-04930,"Tari Wastuti, M.M.",Korporat,Perempuan,081215430745,puspitawasis@example.org,Semarang,Jawa Tengah,2025-02-19,1
4931,CUST-04931,Kezia Novitasari,Individual,Laki-laki,081212362374,waluyomayasari@example.com,Tangerang,Banten,2025-03-13,1
4932,CUST-04932,Karta Simanjuntak,Individual,Laki-laki,081260793011,hariramadan@example.net,Jakarta Selatan,DKI Jakarta,2025-02-14,1
4933,CUST-04933,Laila Suartini,Bisnis,Perempuan,081298629224,rahayugabriella@example.org,Semarang,Jawa Tengah,2025-04-16,1
4934,CUST-04934,"Drs. Padmi Purwanti, S.IP",Individual,Laki-laki,081231281323,halimsimanjuntak@example.com,Jakarta Selatan,DKI Jakarta,2026-01-20,1
4935,CUST-04935,Fitria Maryati,Individual,Perempuan,081261655452,vanya11@example.com,Surabaya,Jawa Timur,2025-05-27,1
4936,CUST-04936,"Drs. Putri Habibi, M.Ak",Individual,Laki-laki,,isitompul@example.org,Solo,Jawa Tengah,2025-11-06,1
4937,CUST-04937,"Fitriani Dongoran, M.Kom.",Individual,Perempuan,081292882720,kuswoyoharsaya@example.org,Surabaya,Jawa Timur,2026-04-29,1
4938,CUST-04938,Liman Latupono,Korporat,Perempuan,081223461196,utamahani@example.org,Bandung,Jawa Barat,2024-07-13,1
4939,CUST-04939,H. Prabowo Purnawati,Individual,Laki-laki,081289638186,onugroho@example.net,Malang,Jawa Timur,2025-10-26,1
4940,CUST-04940,Hasan Utama,Individual,Laki-laki,081275599382,ajiminmahendra@example.org,Jakarta Pusat,DKI Jakarta,2024-12-22,1
4941,CUST-04941,Hilda Kusmawati,Individual,Perempuan,081254600115,paimanandriani@example.com,Batam,Kepulauan Riau,2025-10-26,1
4942,CUST-04942,Sakti Pudjiastuti,Individual,Perempuan,081226833445,prayogayusuf@example.com,Jakarta Selatan,DKI Jakarta,2025-06-11,1
4943,CUST-04943,"drg. Sabri Winarno, M.Kom.",Individual,Laki-laki,081269855600,mhidayanto@example.net,Balikpapan,Kalimantan Timur,2025-10-08,1
4944,CUST-04944,Timbul Wastuti,Individual,Perempuan,081259784426,ganep79@example.org,Palembang,Sumatera Selatan,2025-02-01,1
4945,CUST-04945,"Dt. Kayun Uwais, S.IP",Individual,Perempuan,081210541043,cinthiahasanah@example.net,Denpasar,Bali,2025-11-03,1
4946,CUST-04946,Ir. Cinta Wijayanti,Individual,Perempuan,081233184444,milautami@example.org,Tangerang,Banten,2024-12-20,1
4947,CUST-04947,Digdaya Wulandari,Individual,Perempuan,081259618260,vinotarihoran@example.org,Padang,Sumatera Barat,2025-12-16,1
4948,CUST-04948,Arta Waskita,Individual,Perempuan,081246085439,prakasakamal@example.org,Medan,Sumatera Utara,2025-05-29,1
4949,CUST-04949,Dt. Banawi Halim,Korporat,Perempuan,081265713788,maidaoktaviani@example.com,Solo,Jawa Tengah,2025-05-02,1
4950,CUST-04950,Tgk. Joko Safitri,Bisnis,Perempuan,081220295744,vmahendra@example.org,Batam,Kepulauan Riau,2024-12-25,1
4951,CUST-04951,Lala Prabowo,Bisnis,Perempuan,081267345474,,Balikpapan,Kalimantan Timur,2024-12-09,1
4952,CUST-04952,"Puti Yessi Ramadan, S.Gz",Korporat,Laki-laki,081288602535,mangunsongpranata@example.org,Solo,Jawa Tengah,2025-12-03,1
4953,CUST-04953,Bajragin Anggraini,Individual,Laki-laki,081249082578,jagamahendra@example.org,Semarang,Jawa Tengah,2025-07-18,1
4954,CUST-04954,Najam Hidayanto,Individual,Perempuan,081235466837,winarnolanjar@example.com,Bekasi,Jawa Barat,2026-05-24,1
4955,CUST-04955,"Jinawi Thamrin, S.Psi",Individual,Perempuan,081288268179,susanticornelia@example.net,Bekasi,Jawa Barat,2024-10-02,1
4956,CUST-04956,Endah Anggriawan,Individual,Laki-laki,081222120481,padmi36@example.net,Yogyakarta,DI Yogyakarta,2024-08-23,1
4957,CUST-04957,Johan Hartati,Individual,Laki-laki,081281710414,irsad66@example.net,Surabaya,Jawa Timur,2024-10-13,1
4958,CUST-04958,Digdaya Kuswoyo,Bisnis,Perempuan,081287581781,,Makassar,Sulawesi Selatan,2025-12-06,1
4959,CUST-04959,Vanesa Wacana,Individual,Perempuan,081214427054,uli76@example.com,Manado,Sulawesi Utara,2024-11-19,1
4960,CUST-04960,Kania Wijaya,Korporat,Perempuan,081244832463,syuliarti@example.org,Pekanbaru,Riau,2024-07-17,1
4961,CUST-04961,Dr. Marsudi Uyainah,Individual,Laki-laki,081245136799,genta05@example.com,Bandung,Jawa Barat,2024-11-14,1
4962,CUST-04962,Dono Damanik,Individual,Laki-laki,081218905197,jonolaksmiwati@example.com,Malang,Jawa Timur,2025-07-15,1
4963,CUST-04963,Tgk. Hilda Handayani,Individual,Perempuan,081219538817,cintahasanah@example.com,Yogyakarta,DI Yogyakarta,2025-06-04,1
4964,CUST-04964,Ir. Clara Napitupulu,Bisnis,Laki-laki,081288291862,karensafitri@example.com,Palembang,Sumatera Selatan,2025-11-14,1
4965,CUST-04965,Estiono Riyanti,Individual,Perempuan,081246074974,lulutsuartini@example.org,Medan,Sumatera Utara,2025-04-14,0
4966,CUST-04966,"Cinta Hutasoit, S.T.",Individual,Laki-laki,081216171791,lasmono62@example.net,Bandung,Jawa Barat,2026-04-18,1
4967,CUST-04967,"Puti Tina Suwarno, M.M.",Korporat,Laki-laki,081272737054,maraswahyudin@example.org,Bekasi,Jawa Barat,2025-04-10,1
4968,CUST-04968,Ana Suwarno,Korporat,Perempuan,081297600527,utamiharsaya@example.com,Banjarmasin,Kalimantan Selatan,2026-06-06,1
4969,CUST-04969,Danu Sihombing,Korporat,Laki-laki,081235047627,mala09@example.net,Denpasar,Bali,2025-02-03,1
4970,CUST-04970,Johan Situmorang,Individual,Perempuan,081250976382,wibowodiana@example.org,Jakarta Pusat,DKI Jakarta,2025-12-22,0
4971,CUST-04971,R.A. Hasna Utami,Bisnis,Laki-laki,081242708629,,Batam,Kepulauan Riau,2025-02-08,1
4972,CUST-04972,Ifa Saputra,Individual,Perempuan,081216745178,osinaga@example.org,Tangerang,Banten,2025-03-01,1
4973,CUST-04973,Pangeran Widiastuti,Individual,Laki-laki,081214820916,kanggraini@example.org,Surabaya,Jawa Timur,2024-10-27,1
4974,CUST-04974,Kayla Permata,Individual,Laki-laki,081283961664,narpatimarsudi@example.org,Malang,Jawa Timur,2024-07-19,1
4975,CUST-04975,Harja Maheswara,Individual,Perempuan,081257424463,vinsen48@example.net,Malang,Jawa Timur,2025-09-19,1
4976,CUST-04976,Nadia Pradipta,Individual,Perempuan,081285799018,lili89@example.com,Pekanbaru,Riau,2025-04-13,1
4977,CUST-04977,Hj. Amelia Hutagalung,Korporat,Laki-laki,081215109716,ratihdamanik@example.com,Yogyakarta,DI Yogyakarta,2025-03-03,1
4978,CUST-04978,Usyi Farida,Bisnis,Laki-laki,081277725433,naradimansur@example.org,Yogyakarta,DI Yogyakarta,2026-05-10,1
4979,CUST-04979,"Gamblang Hartati, M.Ak",Individual,Perempuan,,,Medan,Sumatera Utara,2024-11-04,1
4980,CUST-04980,Calista Saptono,Bisnis,Laki-laki,081218609488,padmasarinilam@example.org,Denpasar,Bali,2026-03-30,1
4981,CUST-04981,Rina Dabukke,Individual,Laki-laki,081272750968,damu21@example.com,Balikpapan,Kalimantan Timur,2025-10-26,1
4982,CUST-04982,Cici Nurdiyanti,Individual,Laki-laki,081295337725,dinda21@example.net,Medan,Sumatera Utara,2025-09-12,1
4983,CUST-04983,Victoria Rahimah,Korporat,Perempuan,081273963610,,Jakarta Selatan,DKI Jakarta,2024-07-21,1
4984,CUST-04984,"R. Harjasa Jailani, S.I.Kom",Individual,Perempuan,,xsitorus@example.com,Yogyakarta,DI Yogyakarta,2024-09-02,1
4985,CUST-04985,Oni Astuti,Bisnis,Perempuan,081251551642,najmudinnajib@example.net,Batam,Kepulauan Riau,2024-09-01,1
4986,CUST-04986,Jelita Utama,Bisnis,Laki-laki,081235423387,adepratiwi@example.org,Malang,Jawa Timur,2025-03-28,1
4987,CUST-04987,Ciaobella Mansur,Individual,Laki-laki,081212611531,darijanhariyah@example.net,Banjarmasin,Kalimantan Selatan,2025-11-04,1
4988,CUST-04988,Vanya Hakim,Bisnis,Perempuan,081255539599,hardisimbolon@example.org,Manado,Sulawesi Utara,2025-11-08,0
4989,CUST-04989,Tiara Hidayanto,Individual,Laki-laki,081277765294,kdabukke@example.net,Padang,Sumatera Barat,2024-09-05,1
4990,CUST-04990,"drg. Zelaya Maulana, M.M.",Korporat,Laki-laki,081257887618,adriansyahmuni@example.net,Semarang,Jawa Tengah,2024-08-04,1
4991,CUST-04991,R. Rika Marpaung,Individual,Perempuan,081256557868,jessica58@example.com,Jakarta Selatan,DKI Jakarta,2025-01-20,1
4992,CUST-04992,"Mila Kuswoyo, S.Ked",Individual,Laki-laki,,ksaptono@example.net,Solo,Jawa Tengah,2025-11-27,1
4993,CUST-04993,R. Vanya Pratiwi,Korporat,Perempuan,,vsudiati@example.com,Padang,Sumatera Barat,2025-09-08,1
4994,CUST-04994,Gamblang Widodo,Individual,Perempuan,081242383441,citrathamrin@example.com,Semarang,Jawa Tengah,2026-06-11,1
4995,CUST-04995,"Rina Lazuardi, M.Farm",Bisnis,Perempuan,081257173958,jamil62@example.com,Surabaya,Jawa Timur,2026-02-10,1
4996,CUST-04996,"Panca Siregar, S.Ked",Individual,Laki-laki,081279873998,najmudinsaka@example.org,Banjarmasin,Kalimantan Selatan,2024-09-11,1
4997,CUST-04997,Balapati Winarno,Individual,Perempuan,081268646675,laras17@example.org,Pekanbaru,Riau,2024-12-01,1
4998,CUST-04998,Umi Manullang,Individual,Laki-laki,081227645148,,Surabaya,Jawa Timur,2025-11-07,1
4999,CUST-04999,"Eva Purwanti, M.Pd",Individual,Perempuan,081230279418,wijayantinasim@example.com,Pekanbaru,Riau,2025-03-30,1
5000,CUST-05000,"Ida Gunarto, S.Kom",Individual,Laki-laki,081293006862,emong62@example.org,Tangerang,Banten,2025-10-30,1
